
CREATE TABLE `tstd_blacklist` (
  `id` bigint(32) NOT NULL AUTO_INCREMENT COMMENT 'ID主键',
  `user_id` varchar(32) DEFAULT NULL COMMENT '用户编号',
  `type` varchar(32) DEFAULT NULL COMMENT '拉黑类型',
  `status` varchar(4) DEFAULT NULL COMMENT '状态 0-已删除 1-已生效',
  `create_datetime` datetime DEFAULT NULL COMMENT '拉黑时间',
  `updater` varchar(32) DEFAULT NULL COMMENT '更新人',
  `update_datetime` varchar(45) DEFAULT NULL COMMENT '更新时间',
  `remark` varchar(255) DEFAULT NULL COMMENT '备注',
  `company_code` varchar(32) DEFAULT NULL COMMENT '公司编号',
  `system_code` varchar(32) DEFAULT NULL COMMENT '系统编号',
  PRIMARY KEY (`id`)
) ENGINE=InnoDB DEFAULT CHARSET=utf8;

ALTER TABLE `tstd_user` 
ADD COLUMN `user_referee_level` VARCHAR(4) NULL COMMENT '推荐人等级' AFTER `user_referee`;
ADD COLUMN `last_login` DATETIME NULL COMMENT '最后一次登录时间' AFTER `system_code`;
ADD COLUMN `google_secret` VARCHAR(64) NULL COMMENT '谷歌验证秘钥' AFTER `trade_pwd_strength`;

UPDATE `tstd_user` SET user_referee_level = '1' where user_referee is not null


#增加系统参数
   ## 价格计算x
INSERT INTO `tsys_config` (`type`,`ckey`,`cvalue`,`updater`,`update_datetime`,`remark`,`company_code`,`system_code`) VALUES ('coin_price_x','eth_coin_price_x','10','admin',now(),'eth价格计算x','CD-COIN000017','CD-COIN000017');
    ## 代理人分成
INSERT INTO `tsys_config` (`type`,`ckey`,`cvalue`,`updater`,`update_datetime`,`remark`,`company_code`,`system_code`) VALUES ('fen_cheng_rule','agent_fen_cheng_fee','0.001','admin',now(),'代理人推荐分成比例','CD-COIN000017','CD-COIN000017');

#创建表用户关系表
CREATE TABLE `tstd_user_settings` (
  `id` int(11) NOT NULL AUTO_INCREMENT,
  `user_id` varchar(45) NOT NULL,
  `type` varchar(4) NOT NULL COMMENT '设置类型',
  `value` varchar(10) NOT NULL COMMENT '预留值',
  `create_datetime` datetime NOT NULL,
  `update_datetime` datetime NOT NULL,
  PRIMARY KEY (`id`),
  UNIQUE KEY `user_type` (`user_id`,`type`)
) ENGINE=InnoDB DEFAULT CHARSET=utf8;

#修改用户关系表
ALTER TABLE `tstd_user_relation`
ADD COLUMN `type` VARCHAR(4) NULL COMMENT '关系类型' AFTER 'to_user';
  #原关系都是信任
  UPDATE `tstd_user_relation` SET `type` = '1';

#用户代理人


INSERT INTO `tstd_cpassword` (`code`,`system_code`,`company_code`,`type`,`account`,`password`,`remark`) VALUES ('COIN000017001','CD-COIN000017','CD-COIN000017','2','app_private_key','MIICdwIBADANBgkqhkiG9w0BAQEFAASCAmEwggJdAgEAAoGBAK43D3dC8N12nNhOtJZ9T4hk0mrr4LrmSUCXhvdQ6glLepXPc3ACJe/kR5DUtyd4F4DS3HrGXAN9X2IwM0+LT1Xl0oW1DaVTh6l0f0nvCEuZN7aLic7gr1COiMHNvQBA31Pj5prf6hoIScTEvPAcUgQlii8WldBu8eYsQl6QtiPlAgMBAAECgYEAqR/ercKYngY2AW92tNl1yk1GUHIouogw+LmhVpqAeQGDQcggos4TEi2kpB88pt5YwsDxNWc3kFO3s1Rjm4b8PidM3uZxvloyPEDedxfbUDndkoBrBxFYMLAE31qT7ZTBkyafaCrGAW8LWLVrIinK27nI0FnT+Hnl+M7R9qnMgckCQQDViMgA/A1QjPpEXTJfchqlOmHY9GYghIH9nGoiu2Y46sp9sYmNe/00c1gZa/5UI4RBK5JPQgSvNelyAu33ICS7AkEA0NyAxz5PizrH9kCf4HBHasOOX9ERTf/4Qm/6etQdzHBnmUx/t6CLr6Ds7XvOqrcsOCRnce8GA3wUNQByI1Kf3wJBAMWgrXLz1KLbh3kkRE2//lczvIGeWLL50JFXZYe1p3tAGp7QZL10prkXk88beyyGHo5udCA0ur8qh1+ExJc2wacCQFXcsFw4c37rVVUY0CD2R4XOivM9AX4tYqP9YN2p4e4vr4dH+aFFsOcsovomUZnA377cyGIAP1qjYbNAUavPxcUCQG0V3oZdBBKGlZwawR3DSIdJYRXdVPyg6pIbfaLDKzlSaK7BCkTh1wP7nleat4Qp9JcN/ed8zp4FaUqAQcpYG8w=','应用私钥');
INSERT INTO `tstd_cpassword` (`code`,`system_code`,`company_code`,`type`,`account`,`password`,`remark`) VALUES ('COIN000017002','CD-COIN000017','CD-COIN000017','2','url','https://zmopenapi.zmxy.com.cn/openapi.do','芝麻信用网关');
INSERT INTO `tstd_cpassword` (`code`,`system_code`,`company_code`,`type`,`account`,`password`,`remark`) VALUES ('COIN000017003','CD-COIN000017','CD-COIN000017','2','app_id','1004013','应用ID');
INSERT INTO `tstd_cpassword` (`code`,`system_code`,`company_code`,`type`,`account`,`password`,`remark`) VALUES ('COIN000017004','CD-COIN000017','CD-COIN000017','2','zhima_public_key','MIGfMA0GCSqGSIb3DQEBAQUAA4GNADCBiQKBgQCC9FLi1VuB60MNtuqvYlSzVsrpz/vac3APuqrQEpmzR1AjhHlMiq6mPX2ZCi5ujCkCoQ4Rf6shw/mBJj74POVY38N0KasSsRgOU2Sf2dYzv9TUqGbIgQbIfW4QY8XtcnK8y1ldisWuDHOsOwR4LIMlerA3uydw7Redr+svmIzzMwIDAQAB','芝麻公钥');
INSERT INTO `tstd_cpassword` (`code`,`system_code`,`company_code`,`type`,`account`,`password`,`remark`) VALUES ('COIN000017005','CD-COIN000017','CD-COIN000017','2','merchant_id','268821000000049622222','商户ID');

INSERT INTO `tsys_dict` (`type`,`parent_key`,`dkey`,`dvalue`,`updater`,`update_datetime`,`remark`,`company_code`,`system_code`) VALUES ('0',NULL,'user_level','用户等级','admin',now(),NULL,'CD-COIN000017','CD-COIN000017');
INSERT INTO `tsys_dict` (`type`,`parent_key`,`dkey`,`dvalue`,`updater`,`update_datetime`,`remark`,`company_code`,`system_code`) VALUES ('1','user_level','1','普通交易者','admin',now(),NULL,'CD-COIN000017','CD-COIN000017');
INSERT INTO `tsys_dict` (`type`,`parent_key`,`dkey`,`dvalue`,`updater`,`update_datetime`,`remark`,`company_code`,`system_code`) VALUES ('1','user_level','2','代理人','admin',now(),NULL,'CD-COIN000017','CD-COIN000017');


TRUNCATE `tsys_menu`;
TRUNCATE `tsys_menu_role`;
/*
-- Query: SELECT code,name,type,url,order_no,'admin' updater, now() as update_datetime,remark,parent_code,system_code FROM tsys_menu
-- Date: 2017-12-13 20:10
*/
INSERT INTO `tsys_menu` (`code`,`name`,`type`,`url`,`order_no`,`updater`,`update_datetime`,`remark`,`parent_code`,`system_code`) VALUES ('COINSM201612071021105964','财务管理','1','#','3','admin','2017-12-13 12:10:01','','COINSM201700000000000000','CD-COIN000017');
INSERT INTO `tsys_menu` (`code`,`name`,`type`,`url`,`order_no`,`updater`,`update_datetime`,`remark`,`parent_code`,`system_code`) VALUES ('COINSM201612071022206883','外部账对账','1','#','5','admin','2017-12-13 12:10:01','','COINSM201612071021105964','CD-COIN000017');
INSERT INTO `tsys_menu` (`code`,`name`,`type`,`url`,`order_no`,`updater`,`update_datetime`,`remark`,`parent_code`,`system_code`) VALUES ('COINSM2016120710225078473','内部账对账','1','#','6','admin','2017-12-13 12:10:01','','COINSM201612071021105964','CD-COIN000017');
INSERT INTO `tsys_menu` (`code`,`name`,`type`,`url`,`order_no`,`updater`,`update_datetime`,`remark`,`parent_code`,`system_code`) VALUES ('COINSM2016120710233232137','平台账户','1','#','2','admin','2017-12-13 12:10:01','','COINSM201612071021105964','CD-COIN000017');
INSERT INTO `tsys_menu` (`code`,`name`,`type`,`url`,`order_no`,`updater`,`update_datetime`,`remark`,`parent_code`,`system_code`) VALUES ('COINSM2016120710421392861','充币对账','1','/finance/autoReconControl.htm','1','admin','2017-12-13 12:10:01','','COINSM201612071022206883','CD-COIN000017');
INSERT INTO `tsys_menu` (`code`,`name`,`type`,`url`,`order_no`,`updater`,`update_datetime`,`remark`,`parent_code`,`system_code`) VALUES ('COINSM2016120710443551388','提币对账','1','/finance/roughHand.htm','2','admin','2017-12-13 12:10:01','','COINSM201612071022206883','CD-COIN000017');
INSERT INTO `tsys_menu` (`code`,`name`,`type`,`url`,`order_no`,`updater`,`update_datetime`,`remark`,`parent_code`,`system_code`) VALUES ('COINSM2016120710470696888','买入对账','1','/finance/twoRoll.htm','1','admin','2017-12-13 12:10:01','','COINSM2016120710225078473','CD-COIN000017');
INSERT INTO `tsys_menu` (`code`,`name`,`type`,`url`,`order_no`,`updater`,`update_datetime`,`remark`,`parent_code`,`system_code`) VALUES ('COINSM2016120710484209132','卖出对账','1','/finance/inRoughHand.htm','2','admin','2017-12-13 12:10:01','','COINSM2016120710225078473','CD-COIN000017');
INSERT INTO `tsys_menu` (`code`,`name`,`type`,`url`,`order_no`,`updater`,`update_datetime`,`remark`,`parent_code`,`system_code`) VALUES ('COINSM2016120710583381112','平台账户','1','/finance/breakBalance.htm','1','admin','2017-12-13 12:10:01','','COINSM2016120710233232137','CD-COIN000017');
INSERT INTO `tsys_menu` (`code`,`name`,`type`,`url`,`order_no`,`updater`,`update_datetime`,`remark`,`parent_code`,`system_code`) VALUES ('COINSM2016120711021944714','线下充值','1','/finance/offlineRecharge.htm','1','admin','2017-12-13 12:10:01','','COINSM201707251143314118180','CD-COIN000017');
INSERT INTO `tsys_menu` (`code`,`name`,`type`,`url`,`order_no`,`updater`,`update_datetime`,`remark`,`parent_code`,`system_code`) VALUES ('COINSM2016120816125733948','对账','2','/edit','1','admin','2017-12-13 12:10:01','','COINSM2016120710421392861','CD-COIN000017');
INSERT INTO `tsys_menu` (`code`,`name`,`type`,`url`,`order_no`,`updater`,`update_datetime`,`remark`,`parent_code`,`system_code`) VALUES ('COINSM2016120816133940523','详情','2','/detail','2','admin','2017-12-13 12:10:01','','COINSM2016120710421392861','CD-COIN000017');
INSERT INTO `tsys_menu` (`code`,`name`,`type`,`url`,`order_no`,`updater`,`update_datetime`,`remark`,`parent_code`,`system_code`) VALUES ('COINSM2016120911033945882','对账','2','/edit','1','admin','2017-12-13 12:10:01','','COINSM2016120710443551388','CD-COIN000017');
INSERT INTO `tsys_menu` (`code`,`name`,`type`,`url`,`order_no`,`updater`,`update_datetime`,`remark`,`parent_code`,`system_code`) VALUES ('COINSM2016120911042060088','详情','2','/detail','2','admin','2017-12-13 12:10:01','','COINSM2016120710443551388','CD-COIN000017');
INSERT INTO `tsys_menu` (`code`,`name`,`type`,`url`,`order_no`,`updater`,`update_datetime`,`remark`,`parent_code`,`system_code`) VALUES ('COINSM201612091114505291','对账','2','/edit','1','admin','2017-12-13 12:10:01','','COINSM2016120710470696888','CD-COIN000017');
INSERT INTO `tsys_menu` (`code`,`name`,`type`,`url`,`order_no`,`updater`,`update_datetime`,`remark`,`parent_code`,`system_code`) VALUES ('COINSM2016120911160661084','详情','2','/detail','2','admin','2017-12-13 12:10:01','','COINSM2016120710470696888','CD-COIN000017');
INSERT INTO `tsys_menu` (`code`,`name`,`type`,`url`,`order_no`,`updater`,`update_datetime`,`remark`,`parent_code`,`system_code`) VALUES ('COINSM2016120911293120195','对账','2','/edit','1','admin','2017-12-13 12:10:01','','COINSM2016120710484209132','CD-COIN000017');
INSERT INTO `tsys_menu` (`code`,`name`,`type`,`url`,`order_no`,`updater`,`update_datetime`,`remark`,`parent_code`,`system_code`) VALUES ('COINSM2016120911301231346','详情','2','/detail','2','admin','2017-12-13 12:10:01','','COINSM2016120710484209132','CD-COIN000017');
INSERT INTO `tsys_menu` (`code`,`name`,`type`,`url`,`order_no`,`updater`,`update_datetime`,`remark`,`parent_code`,`system_code`) VALUES ('COINSM2016122219590218515','导出','2','/export','9','admin','2017-12-13 12:10:01','','COINSM2016120710470696888','CD-COIN000017');
INSERT INTO `tsys_menu` (`code`,`name`,`type`,`url`,`order_no`,`updater`,`update_datetime`,`remark`,`parent_code`,`system_code`) VALUES ('COINSM2016122220000572417','导出','2','/export','9','admin','2017-12-13 12:10:01','','COINSM2016120710484209132','CD-COIN000017');
INSERT INTO `tsys_menu` (`code`,`name`,`type`,`url`,`order_no`,`updater`,`update_datetime`,`remark`,`parent_code`,`system_code`) VALUES ('COINSM2016122317321369746','代申请','2','/add','1','admin','2017-12-13 12:10:01','','COINSM2016120711021944714','CD-COIN000017');
INSERT INTO `tsys_menu` (`code`,`name`,`type`,`url`,`order_no`,`updater`,`update_datetime`,`remark`,`parent_code`,`system_code`) VALUES ('COINSM2016122317590316953','流水','2','/flow','1','admin','2017-12-13 12:10:01','','COINSM2016120710583381112','CD-COIN000017');
INSERT INTO `tsys_menu` (`code`,`name`,`type`,`url`,`order_no`,`updater`,`update_datetime`,`remark`,`parent_code`,`system_code`) VALUES ('COINSM2016122412144574736','导出','2','export','9','admin','2017-12-13 12:10:01','','COINSM2016120710583381112','CD-COIN000017');
INSERT INTO `tsys_menu` (`code`,`name`,`type`,`url`,`order_no`,`updater`,`update_datetime`,`remark`,`parent_code`,`system_code`) VALUES ('COINSM2016122413510161245','审核','2','/examine','2','admin','2017-12-13 12:10:01','','COINSM2016120711021944714','CD-COIN000017');
INSERT INTO `tsys_menu` (`code`,`name`,`type`,`url`,`order_no`,`updater`,`update_datetime`,`remark`,`parent_code`,`system_code`) VALUES ('COINSM201700000000000000','根目录','1','#','1','admin','2017-12-13 12:10:01','','','CD-COIN000017');
INSERT INTO `tsys_menu` (`code`,`name`,`type`,`url`,`order_no`,`updater`,`update_datetime`,`remark`,`parent_code`,`system_code`) VALUES ('COINSM201700001000000001','系统管理','1','#','1','admin','2017-12-13 12:10:01','','COINSM201700000000000000','CD-COIN000017');
INSERT INTO `tsys_menu` (`code`,`name`,`type`,`url`,`order_no`,`updater`,`update_datetime`,`remark`,`parent_code`,`system_code`) VALUES ('COINSM201700001000000002','运维管理','1','#','2','admin','2017-12-13 12:10:01',NULL,'COINSM201700001000000001','CD-COIN000017');
INSERT INTO `tsys_menu` (`code`,`name`,`type`,`url`,`order_no`,`updater`,`update_datetime`,`remark`,`parent_code`,`system_code`) VALUES ('COINSM201700001000000003','菜单管理','1','/system/menu.htm','1','admin','2017-12-13 12:10:01',NULL,'COINSM201700001000000002','CD-COIN000017');
INSERT INTO `tsys_menu` (`code`,`name`,`type`,`url`,`order_no`,`updater`,`update_datetime`,`remark`,`parent_code`,`system_code`) VALUES ('COINSM201700001000000004','新增','2','/add','1','admin','2017-12-13 12:10:01','','COINSM201700001000000003','CD-COIN000017');
INSERT INTO `tsys_menu` (`code`,`name`,`type`,`url`,`order_no`,`updater`,`update_datetime`,`remark`,`parent_code`,`system_code`) VALUES ('COINSM2017022412460281492','平台流水','1','/finance/platform_ledger.htm','2','admin','2017-12-13 12:10:01','','COINSM2016120710233232137','CD-COIN000017');
INSERT INTO `tsys_menu` (`code`,`name`,`type`,`url`,`order_no`,`updater`,`update_datetime`,`remark`,`parent_code`,`system_code`) VALUES ('COINSM2017022412472301488','详情','2','/detail','1','admin','2017-12-13 12:10:01','','COINSM2017022412460281492','CD-COIN000017');
INSERT INTO `tsys_menu` (`code`,`name`,`type`,`url`,`order_no`,`updater`,`update_datetime`,`remark`,`parent_code`,`system_code`) VALUES ('COINSM2017022412482059354','导出','2','/export','2','admin','2017-12-13 12:10:01','','COINSM2017022412460281492','CD-COIN000017');
INSERT INTO `tsys_menu` (`code`,`name`,`type`,`url`,`order_no`,`updater`,`update_datetime`,`remark`,`parent_code`,`system_code`) VALUES ('COINSM2017022413014074915','导出','2','/export','3','admin','2017-12-13 12:10:01','','COINSM2016120710443551388','CD-COIN000017');
INSERT INTO `tsys_menu` (`code`,`name`,`type`,`url`,`order_no`,`updater`,`update_datetime`,`remark`,`parent_code`,`system_code`) VALUES ('COINSM2017022413024043573','导出','2','/export','3','admin','2017-12-13 12:10:01','','COINSM2016120710421392861','CD-COIN000017');
INSERT INTO `tsys_menu` (`code`,`name`,`type`,`url`,`order_no`,`updater`,`update_datetime`,`remark`,`parent_code`,`system_code`) VALUES ('COINSM2017032911200961325','修改','2','/edit','2','admin','2017-12-13 12:10:01','','COINSM201700001000000003','CD-COIN000017');
INSERT INTO `tsys_menu` (`code`,`name`,`type`,`url`,`order_no`,`updater`,`update_datetime`,`remark`,`parent_code`,`system_code`) VALUES ('COINSM2017033020005366333','banner管理','1','/public/banner.htm','1','admin','2017-12-13 12:10:01','','COINSM201707251006045006005','CD-COIN000017');
INSERT INTO `tsys_menu` (`code`,`name`,`type`,`url`,`order_no`,`updater`,`update_datetime`,`remark`,`parent_code`,`system_code`) VALUES ('COINSM2017033020015631166','新增','2','/add','1','admin','2017-12-13 12:10:01','','COINSM2017033020005366333','CD-COIN000017');
INSERT INTO `tsys_menu` (`code`,`name`,`type`,`url`,`order_no`,`updater`,`update_datetime`,`remark`,`parent_code`,`system_code`) VALUES ('COINSM2017033020021094115','修改','2','/edit','2','admin','2017-12-13 12:10:01','','COINSM2017033020005366333','CD-COIN000017');
INSERT INTO `tsys_menu` (`code`,`name`,`type`,`url`,`order_no`,`updater`,`update_datetime`,`remark`,`parent_code`,`system_code`) VALUES ('COINSM2017033020022649991','删除','2','/delete','3','admin','2017-12-13 12:10:01','','COINSM2017033020005366333','CD-COIN000017');
INSERT INTO `tsys_menu` (`code`,`name`,`type`,`url`,`order_no`,`updater`,`update_datetime`,`remark`,`parent_code`,`system_code`) VALUES ('COINSM2017033020024827112','详情','2','/detail','4','admin','2017-12-13 12:10:01','','COINSM2017033020005366333','CD-COIN000017');
INSERT INTO `tsys_menu` (`code`,`name`,`type`,`url`,`order_no`,`updater`,`update_datetime`,`remark`,`parent_code`,`system_code`) VALUES ('COINSM2017040616442519963','详情','2','/detail','3','admin','2017-12-13 12:10:01','','COINSM2016120711021944714','CD-COIN000017');
INSERT INTO `tsys_menu` (`code`,`name`,`type`,`url`,`order_no`,`updater`,`update_datetime`,`remark`,`parent_code`,`system_code`) VALUES ('COINSM201705151132544318','导出','2','/export','5','admin','2017-12-13 12:10:01','','COINSM2016120711021944714','CD-COIN000017');
INSERT INTO `tsys_menu` (`code`,`name`,`type`,`url`,`order_no`,`updater`,`update_datetime`,`remark`,`parent_code`,`system_code`) VALUES ('COINSM201707251006045006005','广告位管理','1','#','5','admin','2017-12-13 12:10:01','','COINSM201700001000000001','CD-COIN000017');
INSERT INTO `tsys_menu` (`code`,`name`,`type`,`url`,`order_no`,`updater`,`update_datetime`,`remark`,`parent_code`,`system_code`) VALUES ('COINSM201707251143314118180','充币管理','1','#','3','admin','2017-12-13 12:10:01','','COINSM201612071021105964','CD-COIN000017');
INSERT INTO `tsys_menu` (`code`,`name`,`type`,`url`,`order_no`,`updater`,`update_datetime`,`remark`,`parent_code`,`system_code`) VALUES ('COINSM201707251148117352030','充值查询','1','/finance/offlineRechargeQuery.htm','2','admin','2017-12-13 12:10:01','','COINSM201707251143314118180','CD-COIN000017');
INSERT INTO `tsys_menu` (`code`,`name`,`type`,`url`,`order_no`,`updater`,`update_datetime`,`remark`,`parent_code`,`system_code`) VALUES ('COINSM201707251331497821971','导出','2','/export','5','admin','2017-12-13 12:10:01','','COINSM201707251148117352030','CD-COIN000017');
INSERT INTO `tsys_menu` (`code`,`name`,`type`,`url`,`order_no`,`updater`,`update_datetime`,`remark`,`parent_code`,`system_code`) VALUES ('COINSM201708241024194086655','删除','2','/delete','3','admin','2017-12-13 12:10:01','','COINSM201700001000000003','CD-COIN000017');
INSERT INTO `tsys_menu` (`code`,`name`,`type`,`url`,`order_no`,`updater`,`update_datetime`,`remark`,`parent_code`,`system_code`) VALUES ('COINSM201708241036442974134','业务管理','1','#','2','admin','2017-12-13 12:10:01','','COINSM201700000000000000','CD-COIN000017');
INSERT INTO `tsys_menu` (`code`,`name`,`type`,`url`,`order_no`,`updater`,`update_datetime`,`remark`,`parent_code`,`system_code`) VALUES ('COINSM201708241037322072730','统计分析','1','#','4','admin','2017-12-13 12:10:01','','COINSM201700000000000000','CD-COIN000017');
INSERT INTO `tsys_menu` (`code`,`name`,`type`,`url`,`order_no`,`updater`,`update_datetime`,`remark`,`parent_code`,`system_code`) VALUES ('COINSM2017101716241339082','运营管理','1','#','1','admin','2017-12-13 12:10:01','','COINSM201700001000000001','CD-COIN000017');
INSERT INTO `tsys_menu` (`code`,`name`,`type`,`url`,`order_no`,`updater`,`update_datetime`,`remark`,`parent_code`,`system_code`) VALUES ('COINSM2017101716253866426','角色管理','1','/system/role.htm','1','admin','2017-12-13 12:10:01','','COINSM2017101716241339082','CD-COIN000017');
INSERT INTO `tsys_menu` (`code`,`name`,`type`,`url`,`order_no`,`updater`,`update_datetime`,`remark`,`parent_code`,`system_code`) VALUES ('COINSM2017101716261754674','会员查询','1','/system/user.htm','2','admin','2017-12-13 12:10:01','','COINSM2017101716241339082','CD-COIN000017');
INSERT INTO `tsys_menu` (`code`,`name`,`type`,`url`,`order_no`,`updater`,`update_datetime`,`remark`,`parent_code`,`system_code`) VALUES ('COINSM2017101716450533995','分配菜单','2','/change','4','admin','2017-12-13 12:10:01','','COINSM2017101716253866426','CD-COIN000017');
INSERT INTO `tsys_menu` (`code`,`name`,`type`,`url`,`order_no`,`updater`,`update_datetime`,`remark`,`parent_code`,`system_code`) VALUES ('COINSM2017101717551955993','新增','2','/add','1','admin','2017-12-13 12:10:01','','COINSM2017101716253866426','CD-COIN000017');
INSERT INTO `tsys_menu` (`code`,`name`,`type`,`url`,`order_no`,`updater`,`update_datetime`,`remark`,`parent_code`,`system_code`) VALUES ('COINSM2017101717560118734','修改','2','/edit','2','admin','2017-12-13 12:10:01','','COINSM2017101716253866426','CD-COIN000017');
INSERT INTO `tsys_menu` (`code`,`name`,`type`,`url`,`order_no`,`updater`,`update_datetime`,`remark`,`parent_code`,`system_code`) VALUES ('COINSM2017101717563661357','删除','2','/delete','3','admin','2017-12-13 12:10:01','','COINSM2017101716253866426','CD-COIN000017');
INSERT INTO `tsys_menu` (`code`,`name`,`type`,`url`,`order_no`,`updater`,`update_datetime`,`remark`,`parent_code`,`system_code`) VALUES ('COINSM2017101719082391126','新增','2','/add','1','admin','2017-12-13 12:10:01','','COINSM2017101716261754674','CD-COIN000017');
INSERT INTO `tsys_menu` (`code`,`name`,`type`,`url`,`order_no`,`updater`,`update_datetime`,`remark`,`parent_code`,`system_code`) VALUES ('COINSM2017101719094151894','重置密码','2','/reset','2','admin','2017-12-13 12:10:01','','COINSM2017101716261754674','CD-COIN000017');
INSERT INTO `tsys_menu` (`code`,`name`,`type`,`url`,`order_no`,`updater`,`update_datetime`,`remark`,`parent_code`,`system_code`) VALUES ('COINSM2017101719100760088','注销','2','/rock','4','admin','2017-12-13 12:10:01','','COINSM2017101716261754674','CD-COIN000017');
INSERT INTO `tsys_menu` (`code`,`name`,`type`,`url`,`order_no`,`updater`,`update_datetime`,`remark`,`parent_code`,`system_code`) VALUES ('COINSM2017101719110981215','设置角色','2','/assign','5','admin','2017-12-13 12:10:01','','COINSM2017101716261754674','CD-COIN000017');
INSERT INTO `tsys_menu` (`code`,`name`,`type`,`url`,`order_no`,`updater`,`update_datetime`,`remark`,`parent_code`,`system_code`) VALUES ('COINSM2017112911152991684','消息推送','1','#','3','admin','2017-12-13 12:10:01','','COINSM201700001000000001','CD-COIN000017');
INSERT INTO `tsys_menu` (`code`,`name`,`type`,`url`,`order_no`,`updater`,`update_datetime`,`remark`,`parent_code`,`system_code`) VALUES ('COINSM2017112911280249973','公告管理','1','/public/notice.htm','1','admin','2017-12-13 12:10:01','','COINSM2017112911152991684','CD-COIN000017');
INSERT INTO `tsys_menu` (`code`,`name`,`type`,`url`,`order_no`,`updater`,`update_datetime`,`remark`,`parent_code`,`system_code`) VALUES ('COINSM2017112914292031228','新增','2','/add','1','admin','2017-12-13 12:10:01','','COINSM2017112911280249973','CD-COIN000017');
INSERT INTO `tsys_menu` (`code`,`name`,`type`,`url`,`order_no`,`updater`,`update_datetime`,`remark`,`parent_code`,`system_code`) VALUES ('COINSM2017112914295002950','修改','2','/edit2','2','admin','2017-12-13 12:10:01','','COINSM2017112911280249973','CD-COIN000017');
INSERT INTO `tsys_menu` (`code`,`name`,`type`,`url`,`order_no`,`updater`,`update_datetime`,`remark`,`parent_code`,`system_code`) VALUES ('COINSM2017112914322481897','发布/撤下','2','/push','3','admin','2017-12-13 12:10:01','','COINSM2017112911280249973','CD-COIN000017');
INSERT INTO `tsys_menu` (`code`,`name`,`type`,`url`,`order_no`,`updater`,`update_datetime`,`remark`,`parent_code`,`system_code`) VALUES ('COINSM2017112914325471772','详情','2','/detail','5','admin','2017-12-13 12:10:01','','COINSM2017112911280249973','CD-COIN000017');
INSERT INTO `tsys_menu` (`code`,`name`,`type`,`url`,`order_no`,`updater`,`update_datetime`,`remark`,`parent_code`,`system_code`) VALUES ('COINSM2017120610552303416','激活','2','/active','3','admin','2017-12-13 12:10:01','','COINSM2017101716261754674','CD-COIN000017');
INSERT INTO `tsys_menu` (`code`,`name`,`type`,`url`,`order_no`,`updater`,`update_datetime`,`remark`,`parent_code`,`system_code`) VALUES ('COINSM2017121215543215610','文章管理','1','#','4','admin','2017-12-13 12:10:01','','COINSM201700001000000001','CD-COIN000017');
INSERT INTO `tsys_menu` (`code`,`name`,`type`,`url`,`order_no`,`updater`,`update_datetime`,`remark`,`parent_code`,`system_code`) VALUES ('COINSM2017121216045274832','关于我们','1','/public/aboutus_addedit.htm','1','admin','2017-12-13 12:10:01','','COINSM2017121215543215610','CD-COIN000017');
INSERT INTO `tsys_menu` (`code`,`name`,`type`,`url`,`order_no`,`updater`,`update_datetime`,`remark`,`parent_code`,`system_code`) VALUES ('SM201711071719583941706','客户管理','1','#','1','admin','2017-12-13 12:10:01','','COINSM201708241036442974134','CD-COIN000017');
INSERT INTO `tsys_menu` (`code`,`name`,`type`,`url`,`order_no`,`updater`,`update_datetime`,`remark`,`parent_code`,`system_code`) VALUES ('SM201711071721131644746','用户管理','1','/user/customer.htm','1','admin','2017-12-13 12:10:01','','SM201711071719583941706','CD-COIN000017');
INSERT INTO `tsys_menu` (`code`,`name`,`type`,`url`,`order_no`,`updater`,`update_datetime`,`remark`,`parent_code`,`system_code`) VALUES ('SM201711071732196251623','账户查询','2','/account','1','admin','2017-12-13 12:10:01','','SM201711071721131644746','CD-COIN000017');
INSERT INTO `tsys_menu` (`code`,`name`,`type`,`url`,`order_no`,`updater`,`update_datetime`,`remark`,`parent_code`,`system_code`) VALUES ('SM201711071741562566376','禁止登录','2','/rock','2','admin','2017-12-13 12:10:01','','SM201711071721131644746','CD-COIN000017');
INSERT INTO `tsys_menu` (`code`,`name`,`type`,`url`,`order_no`,`updater`,`update_datetime`,`remark`,`parent_code`,`system_code`) VALUES ('SM201711071742227377285','允许登录','2','/active','3','admin','2017-12-13 12:10:01','','SM201711071721131644746','CD-COIN000017');
INSERT INTO `tsys_menu` (`code`,`name`,`type`,`url`,`order_no`,`updater`,`update_datetime`,`remark`,`parent_code`,`system_code`) VALUES ('SM201711071742467608972','详情','2','/detail','4','admin','2017-12-13 12:10:01','','SM201711071721131644746','CD-COIN000017');
INSERT INTO `tsys_menu` (`code`,`name`,`type`,`url`,`order_no`,`updater`,`update_datetime`,`remark`,`parent_code`,`system_code`) VALUES ('SM201711071743219033850','添加备注','2','/remark','5','admin','2017-12-13 12:10:01','','SM201711071721131644746','CD-COIN000017');
INSERT INTO `tsys_menu` (`code`,`name`,`type`,`url`,`order_no`,`updater`,`update_datetime`,`remark`,`parent_code`,`system_code`) VALUES ('SM201711081111547852084','手续费管理','1','/rules/handsFee.htm','3','admin','2017-12-13 12:10:01','','COINSM2016120710233232137','CD-COIN000017');
INSERT INTO `tsys_menu` (`code`,`name`,`type`,`url`,`order_no`,`updater`,`update_datetime`,`remark`,`parent_code`,`system_code`) VALUES ('SM201711081400404895487','修改','2','/edit','1','admin','2017-12-13 12:10:01','','SM201711081111547852084','CD-COIN000017');
INSERT INTO `tsys_menu` (`code`,`name`,`type`,`url`,`order_no`,`updater`,`update_datetime`,`remark`,`parent_code`,`system_code`) VALUES ('SM201711081404308124201','会员账户','1','#','2','admin','2017-12-13 12:10:01','','COINSM201612071021105964','CD-COIN000017');
INSERT INTO `tsys_menu` (`code`,`name`,`type`,`url`,`order_no`,`updater`,`update_datetime`,`remark`,`parent_code`,`system_code`) VALUES ('SM201711081409307984995','分发地址','1','/finance/diviAddress.htm','1','admin','2017-12-13 12:10:01','','SM201711081404308124201','CD-COIN000017');
INSERT INTO `tsys_menu` (`code`,`name`,`type`,`url`,`order_no`,`updater`,`update_datetime`,`remark`,`parent_code`,`system_code`) VALUES ('SM201711081410356859335','流水查询','2','/diviLedger','1','admin','2017-12-13 12:10:01','','SM201711081409307984995','CD-COIN000017');
INSERT INTO `tsys_menu` (`code`,`name`,`type`,`url`,`order_no`,`updater`,`update_datetime`,`remark`,`parent_code`,`system_code`) VALUES ('SM201711081416278853402','提币管理','1','#','3','admin','2017-12-13 12:10:01','','COINSM201612071021105964','CD-COIN000017');
INSERT INTO `tsys_menu` (`code`,`name`,`type`,`url`,`order_no`,`updater`,`update_datetime`,`remark`,`parent_code`,`system_code`) VALUES ('SM201711081417503013352','提币规则','1','/rules/TBRule.htm','1','admin','2017-12-13 12:10:01','','SM201711081416278853402','CD-COIN000017');
INSERT INTO `tsys_menu` (`code`,`name`,`type`,`url`,`order_no`,`updater`,`update_datetime`,`remark`,`parent_code`,`system_code`) VALUES ('SM201711081418173353867','修改','2','/edit','1','admin','2017-12-13 12:10:01','','SM201711081417503013352','CD-COIN000017');
INSERT INTO `tsys_menu` (`code`,`name`,`type`,`url`,`order_no`,`updater`,`update_datetime`,`remark`,`parent_code`,`system_code`) VALUES ('SM201711081421358326980','提币地址','1','/finance/TBAddress.htm','2','admin','2017-12-13 12:10:01','','SM201711081416278853402','CD-COIN000017');
INSERT INTO `tsys_menu` (`code`,`name`,`type`,`url`,`order_no`,`updater`,`update_datetime`,`remark`,`parent_code`,`system_code`) VALUES ('SM201711081423308601904','生成','2','/add','1','admin','2017-12-13 12:10:01','','SM201711081421358326980','CD-COIN000017');
INSERT INTO `tsys_menu` (`code`,`name`,`type`,`url`,`order_no`,`updater`,`update_datetime`,`remark`,`parent_code`,`system_code`) VALUES ('SM201711081424358887020','线下提币','1','/finance/TBunderline.htm','3','admin','2017-12-13 12:10:01','','SM201711081416278853402','CD-COIN000017');
INSERT INTO `tsys_menu` (`code`,`name`,`type`,`url`,`order_no`,`updater`,`update_datetime`,`remark`,`parent_code`,`system_code`) VALUES ('SM201711081425019933095','代申请','2','/add','1','admin','2017-12-13 12:10:01','','SM201711081424358887020','CD-COIN000017');
INSERT INTO `tsys_menu` (`code`,`name`,`type`,`url`,`order_no`,`updater`,`update_datetime`,`remark`,`parent_code`,`system_code`) VALUES ('SM201711081426026276170','批量审核','2','/multiCheck','2','admin','2017-12-13 12:10:01','','SM201711081424358887020','CD-COIN000017');
INSERT INTO `tsys_menu` (`code`,`name`,`type`,`url`,`order_no`,`updater`,`update_datetime`,`remark`,`parent_code`,`system_code`) VALUES ('SM201711081426421228978','提币广播','2','/sp','3','admin','2017-12-13 12:10:01','','SM201711081424358887020','CD-COIN000017');
INSERT INTO `tsys_menu` (`code`,`name`,`type`,`url`,`order_no`,`updater`,`update_datetime`,`remark`,`parent_code`,`system_code`) VALUES ('SM201711081431005882968','归集管理','1','#','4','admin','2017-12-13 12:10:01','','COINSM201612071021105964','CD-COIN000017');
INSERT INTO `tsys_menu` (`code`,`name`,`type`,`url`,`order_no`,`updater`,`update_datetime`,`remark`,`parent_code`,`system_code`) VALUES ('SM201711081431436371130','归集规则','1','/rules/GJRule.htm','1','admin','2017-12-13 12:10:01','','SM201711081431005882968','CD-COIN000017');
INSERT INTO `tsys_menu` (`code`,`name`,`type`,`url`,`order_no`,`updater`,`update_datetime`,`remark`,`parent_code`,`system_code`) VALUES ('SM201711081435280411458','修改','2','/edit','1','admin','2017-12-13 12:10:01','','SM201711081431436371130','CD-COIN000017');
INSERT INTO `tsys_menu` (`code`,`name`,`type`,`url`,`order_no`,`updater`,`update_datetime`,`remark`,`parent_code`,`system_code`) VALUES ('SM201711081436354534709','归集地址','1','/finance/GJAddress.htm','2','admin','2017-12-13 12:10:01','','SM201711081431005882968','CD-COIN000017');
INSERT INTO `tsys_menu` (`code`,`name`,`type`,`url`,`order_no`,`updater`,`update_datetime`,`remark`,`parent_code`,`system_code`) VALUES ('SM201711081437069726688','导入','2','/import','1','admin','2017-12-13 12:10:01','','SM201711081436354534709','CD-COIN000017');
INSERT INTO `tsys_menu` (`code`,`name`,`type`,`url`,`order_no`,`updater`,`update_datetime`,`remark`,`parent_code`,`system_code`) VALUES ('SM201711081437452861020','弃用','2','/dele','2','admin','2017-12-13 12:10:01','','SM201711081436354534709','CD-COIN000017');
INSERT INTO `tsys_menu` (`code`,`name`,`type`,`url`,`order_no`,`updater`,`update_datetime`,`remark`,`parent_code`,`system_code`) VALUES ('SM201711081442278817722','归集查询','1','/finance/GJQuery.htm','3','admin','2017-12-13 12:10:01','','SM201711081431005882968','CD-COIN000017');
INSERT INTO `tsys_menu` (`code`,`name`,`type`,`url`,`order_no`,`updater`,`update_datetime`,`remark`,`parent_code`,`system_code`) VALUES ('SM201711081444203473881','详情','2','/detail','2','admin','2017-12-13 12:10:01','','SM201711081442278817722','CD-COIN000017');
INSERT INTO `tsys_menu` (`code`,`name`,`type`,`url`,`order_no`,`updater`,`update_datetime`,`remark`,`parent_code`,`system_code`) VALUES ('SM201711091113070529521','不平账处理','1','#','6','admin','2017-12-13 12:10:01','','COINSM201612071021105964','CD-COIN000017');
INSERT INTO `tsys_menu` (`code`,`name`,`type`,`url`,`order_no`,`updater`,`update_datetime`,`remark`,`parent_code`,`system_code`) VALUES ('SM201711091346241039616','不平账处理','1','/finance/unfairOutAccount.htm','1','admin','2017-12-13 12:10:01','','SM201711091113070529521','CD-COIN000017');
INSERT INTO `tsys_menu` (`code`,`name`,`type`,`url`,`order_no`,`updater`,`update_datetime`,`remark`,`parent_code`,`system_code`) VALUES ('SM201711091347287638130','审核','2','/exam','1','admin','2017-12-13 12:10:01','','SM201711091346241039616','CD-COIN000017');
INSERT INTO `tsys_menu` (`code`,`name`,`type`,`url`,`order_no`,`updater`,`update_datetime`,`remark`,`parent_code`,`system_code`) VALUES ('SM201711091347562977987','详情','2','/detail','2','admin','2017-12-13 12:10:01','','SM201711091346241039616','CD-COIN000017');
INSERT INTO `tsys_menu` (`code`,`name`,`type`,`url`,`order_no`,`updater`,`update_datetime`,`remark`,`parent_code`,`system_code`) VALUES ('SM201711091348223364368','导出','2','/export','3','admin','2017-12-13 12:10:01','','SM201711091346241039616','CD-COIN000017');
INSERT INTO `tsys_menu` (`code`,`name`,`type`,`url`,`order_no`,`updater`,`update_datetime`,`remark`,`parent_code`,`system_code`) VALUES ('SM201711091636299534636','本地账户','1','/biz/locationAccount.htm','2','admin','2017-12-13 12:10:01','','SM201711071719583941706','CD-COIN000017');
INSERT INTO `tsys_menu` (`code`,`name`,`type`,`url`,`order_no`,`updater`,`update_datetime`,`remark`,`parent_code`,`system_code`) VALUES ('SM201711091636598886982','流水查询','2','/ledger','1','admin','2017-12-13 12:10:01','','SM201711091636299534636','CD-COIN000017');
INSERT INTO `tsys_menu` (`code`,`name`,`type`,`url`,`order_no`,`updater`,`update_datetime`,`remark`,`parent_code`,`system_code`) VALUES ('SM201711091638097956060','交易管理','1','#','2','admin','2017-12-13 12:10:01','','COINSM201708241036442974134','CD-COIN000017');
INSERT INTO `tsys_menu` (`code`,`name`,`type`,`url`,`order_no`,`updater`,`update_datetime`,`remark`,`parent_code`,`system_code`) VALUES ('SM201711091639383748993','购买交易','1','/biz/buyTrade.htm','1','admin','2017-12-13 12:10:01','','SM201711091638097956060','CD-COIN000017');
INSERT INTO `tsys_menu` (`code`,`name`,`type`,`url`,`order_no`,`updater`,`update_datetime`,`remark`,`parent_code`,`system_code`) VALUES ('SM201711091640072325860','详情','2','/detail','1','admin','2017-12-13 12:10:01','','SM201711091639383748993','CD-COIN000017');
INSERT INTO `tsys_menu` (`code`,`name`,`type`,`url`,`order_no`,`updater`,`update_datetime`,`remark`,`parent_code`,`system_code`) VALUES ('SM201711091641382614985','出售交易','1','/biz/soleTrade.htm','2','admin','2017-12-13 12:10:01','','SM201711091638097956060','CD-COIN000017');
INSERT INTO `tsys_menu` (`code`,`name`,`type`,`url`,`order_no`,`updater`,`update_datetime`,`remark`,`parent_code`,`system_code`) VALUES ('SM201711091642028999956','详情','2','/detail','1','admin','2017-12-13 12:10:01','','SM201711091641382614985','CD-COIN000017');
INSERT INTO `tsys_menu` (`code`,`name`,`type`,`url`,`order_no`,`updater`,`update_datetime`,`remark`,`parent_code`,`system_code`) VALUES ('SM201711091710574389258','订单管理','1','#','3','admin','2017-12-13 12:10:01','','COINSM201708241036442974134','CD-COIN000017');
INSERT INTO `tsys_menu` (`code`,`name`,`type`,`url`,`order_no`,`updater`,`update_datetime`,`remark`,`parent_code`,`system_code`) VALUES ('SM201711091711202133779','活动管理','1','#','5','admin','2017-12-13 12:10:01','','COINSM201708241036442974134','CD-COIN000017');
INSERT INTO `tsys_menu` (`code`,`name`,`type`,`url`,`order_no`,`updater`,`update_datetime`,`remark`,`parent_code`,`system_code`) VALUES ('SM201711091711390371362','行情资讯','1','#','6','admin','2017-12-13 12:10:01','','COINSM201708241036442974134','CD-COIN000017');
INSERT INTO `tsys_menu` (`code`,`name`,`type`,`url`,`order_no`,`updater`,`update_datetime`,`remark`,`parent_code`,`system_code`) VALUES ('SM201711091712271962290','进行中订单','1','/biz/order.htm','1','admin','2017-12-13 12:10:01','','SM201711091710574389258','CD-COIN000017');
INSERT INTO `tsys_menu` (`code`,`name`,`type`,`url`,`order_no`,`updater`,`update_datetime`,`remark`,`parent_code`,`system_code`) VALUES ('SM201711091712492468382','详情','2','/detail','1','admin','2017-12-13 12:10:01','','SM201711091712271962290','CD-COIN000017');
INSERT INTO `tsys_menu` (`code`,`name`,`type`,`url`,`order_no`,`updater`,`update_datetime`,`remark`,`parent_code`,`system_code`) VALUES ('SM201711091719313133524','已完成订单','1','/biz/finishOrder.htm','2','admin','2017-12-13 12:10:01','','SM201711091710574389258','CD-COIN000017');
INSERT INTO `tsys_menu` (`code`,`name`,`type`,`url`,`order_no`,`updater`,`update_datetime`,`remark`,`parent_code`,`system_code`) VALUES ('SM201711091719507483488','详情','2','/detail','1','admin','2017-12-13 12:10:01','','SM201711091719313133524','CD-COIN000017');
INSERT INTO `tsys_menu` (`code`,`name`,`type`,`url`,`order_no`,`updater`,`update_datetime`,`remark`,`parent_code`,`system_code`) VALUES ('SM201711091723009493989','邀请好友','1','/biz/shareFriend.htm','1','admin','2017-12-13 12:10:01','','SM201711091711202133779','CD-COIN000017');
INSERT INTO `tsys_menu` (`code`,`name`,`type`,`url`,`order_no`,`updater`,`update_datetime`,`remark`,`parent_code`,`system_code`) VALUES ('SM201711091724462495772','ETH行情','1','/biz/quotationETH.htm','1','admin','2017-12-13 12:10:01','','SM201711091711390371362','CD-COIN000017');
INSERT INTO `tsys_menu` (`code`,`name`,`type`,`url`,`order_no`,`updater`,`update_datetime`,`remark`,`parent_code`,`system_code`) VALUES ('SM201711091726534627002','法币汇率','1','/biz/fbRate.htm','3','admin','2017-12-13 12:10:01','','SM201711091711390371362','CD-COIN000017');
INSERT INTO `tsys_menu` (`code`,`name`,`type`,`url`,`order_no`,`updater`,`update_datetime`,`remark`,`parent_code`,`system_code`) VALUES ('SM201711091727245016992','修改','2','/edit','1','admin','2017-12-13 12:10:01','','SM201711091726534627002','CD-COIN000017');
INSERT INTO `tsys_menu` (`code`,`name`,`type`,`url`,`order_no`,`updater`,`update_datetime`,`remark`,`parent_code`,`system_code`) VALUES ('SM201711091728365155392','资讯管理','1','/biz/information.htm','4','admin','2017-12-13 12:10:01','','SM201711091711390371362','CD-COIN000017');
INSERT INTO `tsys_menu` (`code`,`name`,`type`,`url`,`order_no`,`updater`,`update_datetime`,`remark`,`parent_code`,`system_code`) VALUES ('SM201711091729039813895','新增','2','/add','1','admin','2017-12-13 12:10:01','','SM201711091728365155392','CD-COIN000017');
INSERT INTO `tsys_menu` (`code`,`name`,`type`,`url`,`order_no`,`updater`,`update_datetime`,`remark`,`parent_code`,`system_code`) VALUES ('SM201711091729369582783','修改','2','/edit','2','admin','2017-12-13 12:10:01','','SM201711091728365155392','CD-COIN000017');
INSERT INTO `tsys_menu` (`code`,`name`,`type`,`url`,`order_no`,`updater`,`update_datetime`,`remark`,`parent_code`,`system_code`) VALUES ('SM201711091730354633453','详情','2','/detail','6','admin','2017-12-13 12:10:01','','SM201711091728365155392','CD-COIN000017');
INSERT INTO `tsys_menu` (`code`,`name`,`type`,`url`,`order_no`,`updater`,`update_datetime`,`remark`,`parent_code`,`system_code`) VALUES ('SM201711151745051751013','仲裁订单','1','/biz/zcOrder.htm','2','admin','2017-12-13 12:10:01','','SM201711181351035579061','CD-COIN000017');
INSERT INTO `tsys_menu` (`code`,`name`,`type`,`url`,`order_no`,`updater`,`update_datetime`,`remark`,`parent_code`,`system_code`) VALUES ('SM201711151745572859074','详情','2','/detail','1','admin','2017-12-13 12:10:01','','SM201711151745051751013','CD-COIN000017');
INSERT INTO `tsys_menu` (`code`,`name`,`type`,`url`,`order_no`,`updater`,`update_datetime`,`remark`,`parent_code`,`system_code`) VALUES ('SM201711151747477561668','处理订单','2','/resolve','2','admin','2017-12-13 12:10:01','','SM201711151745051751013','CD-COIN000017');
INSERT INTO `tsys_menu` (`code`,`name`,`type`,`url`,`order_no`,`updater`,`update_datetime`,`remark`,`parent_code`,`system_code`) VALUES ('SM201711171350455423428','上架','2','/up','3','admin','2017-12-13 12:10:01','','SM201711091728365155392','CD-COIN000017');
INSERT INTO `tsys_menu` (`code`,`name`,`type`,`url`,`order_no`,`updater`,`update_datetime`,`remark`,`parent_code`,`system_code`) VALUES ('SM201711171351069262405','下架','2','/down','4','admin','2017-12-13 12:10:01','','SM201711091728365155392','CD-COIN000017');
INSERT INTO `tsys_menu` (`code`,`name`,`type`,`url`,`order_no`,`updater`,`update_datetime`,`remark`,`parent_code`,`system_code`) VALUES ('SM201711181154357386481','导出','2','/export','2','admin','2017-12-13 12:10:01','','SM201711091712271962290','CD-COIN000017');
INSERT INTO `tsys_menu` (`code`,`name`,`type`,`url`,`order_no`,`updater`,`update_datetime`,`remark`,`parent_code`,`system_code`) VALUES ('SM201711181155140535753','导出','2','/export','2','admin','2017-12-13 12:10:01','','SM201711091719313133524','CD-COIN000017');
INSERT INTO `tsys_menu` (`code`,`name`,`type`,`url`,`order_no`,`updater`,`update_datetime`,`remark`,`parent_code`,`system_code`) VALUES ('SM201711181155445002845','导出','2','/export','2','admin','2017-12-13 12:10:01','','SM201711151745051751013','CD-COIN000017');
INSERT INTO `tsys_menu` (`code`,`name`,`type`,`url`,`order_no`,`updater`,`update_datetime`,`remark`,`parent_code`,`system_code`) VALUES ('SM201711181218447587419','常见问题','1','/public/question_addedit.htm','4','admin','2017-12-13 12:10:01','','COINSM2017121215543215610','CD-COIN000017');
INSERT INTO `tsys_menu` (`code`,`name`,`type`,`url`,`order_no`,`updater`,`update_datetime`,`remark`,`parent_code`,`system_code`) VALUES ('SM201711181220013316605','注册协议','1','/public/register_addedit.htm','5','admin','2017-12-13 12:10:01','','COINSM2017121215543215610','CD-COIN000017');
INSERT INTO `tsys_menu` (`code`,`name`,`type`,`url`,`order_no`,`updater`,`update_datetime`,`remark`,`parent_code`,`system_code`) VALUES ('SM201711181351035579061','仲裁管理','1','#','4','admin','2017-12-13 12:10:01','','COINSM201708241036442974134','CD-COIN000017');
INSERT INTO `tsys_menu` (`code`,`name`,`type`,`url`,`order_no`,`updater`,`update_datetime`,`remark`,`parent_code`,`system_code`) VALUES ('SM201711221916256845816','详情','2','/detail','0','admin','2017-12-13 12:10:01','','COINSM201707251148117352030','CD-COIN000017');
INSERT INTO `tsys_menu` (`code`,`name`,`type`,`url`,`order_no`,`updater`,`update_datetime`,`remark`,`parent_code`,`system_code`) VALUES ('SM201711231353203735078','购买广告说明','1','/public/buyADS.htm','6','admin','2017-12-13 12:10:01','','COINSM2017121215543215610','CD-COIN000017');
INSERT INTO `tsys_menu` (`code`,`name`,`type`,`url`,`order_no`,`updater`,`update_datetime`,`remark`,`parent_code`,`system_code`) VALUES ('SM201711231354531532054','卖币广告说明','1','/public/sellETH.htm','7','admin','2017-12-13 12:10:01','','COINSM2017121215543215610','CD-COIN000017');
INSERT INTO `tsys_menu` (`code`,`name`,`type`,`url`,`order_no`,`updater`,`update_datetime`,`remark`,`parent_code`,`system_code`) VALUES ('SM201711231426170797267','详情','2','/detail','5','admin','2017-12-13 12:10:01','','SM201711081424358887020','CD-COIN000017');
INSERT INTO `tsys_menu` (`code`,`name`,`type`,`url`,`order_no`,`updater`,`update_datetime`,`remark`,`parent_code`,`system_code`) VALUES ('SM201711232222591772487','修改','2','/edit','1','admin','2017-12-13 12:10:01','','SM201711231353203735078','CD-COIN000017');
INSERT INTO `tsys_menu` (`code`,`name`,`type`,`url`,`order_no`,`updater`,`update_datetime`,`remark`,`parent_code`,`system_code`) VALUES ('SM201711232223319261758','修改','2','/edit','1','admin','2017-12-13 12:10:01','','SM201711231354531532054','CD-COIN000017');
INSERT INTO `tsys_menu` (`code`,`name`,`type`,`url`,`order_no`,`updater`,`update_datetime`,`remark`,`parent_code`,`system_code`) VALUES ('SM201711251424527328546','BTC行情','1','/biz/quotationBTC.htm','2','admin','2017-12-13 12:10:01','','SM201711091711390371362','CD-COIN000017');
INSERT INTO `tsys_menu` (`code`,`name`,`type`,`url`,`order_no`,`updater`,`update_datetime`,`remark`,`parent_code`,`system_code`) VALUES ('SM201711251639118496237','交易提醒说明','1','/public/TransactionRemind.htm','75','admin','2017-12-13 12:10:01','','COINSM2017121215543215610','CD-COIN000017');
INSERT INTO `tsys_menu` (`code`,`name`,`type`,`url`,`order_no`,`updater`,`update_datetime`,`remark`,`parent_code`,`system_code`) VALUES ('SM201711251639362545256','修改','2','/edit','1','admin','2017-12-13 12:10:01','','SM201711251639118496237','CD-COIN000017');
INSERT INTO `tsys_menu` (`code`,`name`,`type`,`url`,`order_no`,`updater`,`update_datetime`,`remark`,`parent_code`,`system_code`) VALUES ('SM201711251744181898035','修改','2','/edit','1','admin','2017-12-13 12:10:01','','SM201711091723009493989','CD-COIN000017');
INSERT INTO `tsys_menu` (`code`,`name`,`type`,`url`,`order_no`,`updater`,`update_datetime`,`remark`,`parent_code`,`system_code`) VALUES ('SM201711272034567989636','联系客服','1','/public/service_addedit.htm','16','admin','2017-12-13 12:10:01','','COINSM2017121215543215610','CD-COIN000017');
INSERT INTO `tsys_menu` (`code`,`name`,`type`,`url`,`order_no`,`updater`,`update_datetime`,`remark`,`parent_code`,`system_code`) VALUES ('SM201711281416536405612','邀请好友活动说明','1','/biz/shareFriendDescription.htm','2','admin','2017-12-13 12:10:01','','SM201711091711202133779','CD-COIN000017');
INSERT INTO `tsys_menu` (`code`,`name`,`type`,`url`,`order_no`,`updater`,`update_datetime`,`remark`,`parent_code`,`system_code`) VALUES ('SM201711281418317701012','修改','2','/edit','1','admin','2017-12-13 12:10:01','','SM201711281416536405612','CD-COIN000017');
INSERT INTO `tsys_menu` (`code`,`name`,`type`,`url`,`order_no`,`updater`,`update_datetime`,`remark`,`parent_code`,`system_code`) VALUES ('SM201711281438072475181','版本管理','1','#','22','admin','2017-12-13 12:10:01','','COINSM201700001000000001','CD-COIN000017');
INSERT INTO `tsys_menu` (`code`,`name`,`type`,`url`,`order_no`,`updater`,`update_datetime`,`remark`,`parent_code`,`system_code`) VALUES ('SM201711281440352206679','Android版本管理','1','/edition/versionAc.htm','1','admin','2017-12-13 12:10:01','','SM201711281438072475181','CD-COIN000017');
INSERT INTO `tsys_menu` (`code`,`name`,`type`,`url`,`order_no`,`updater`,`update_datetime`,`remark`,`parent_code`,`system_code`) VALUES ('SM201711281440497751340','修改','2','/edit','1','admin','2017-12-13 12:10:01','','SM201711281440352206679','CD-COIN000017');
INSERT INTO `tsys_menu` (`code`,`name`,`type`,`url`,`order_no`,`updater`,`update_datetime`,`remark`,`parent_code`,`system_code`) VALUES ('SM201711281441276181084','IOS版本管理','1','/edition/versionIc.htm','2','admin','2017-12-13 12:10:01','','SM201711281438072475181','CD-COIN000017');
INSERT INTO `tsys_menu` (`code`,`name`,`type`,`url`,`order_no`,`updater`,`update_datetime`,`remark`,`parent_code`,`system_code`) VALUES ('SM201711281442162104491','修改','2','/edit','1','admin','2017-12-13 12:10:01','','SM201711281441276181084','CD-COIN000017');
INSERT INTO `tsys_menu` (`code`,`name`,`type`,`url`,`order_no`,`updater`,`update_datetime`,`remark`,`parent_code`,`system_code`) VALUES ('SM201712072007566346529','黑名单管理','1','/user/customerBlacklist.htm','3','admin','2017-12-13 12:10:01','','SM201711071719583941706','CD-COIN000017');
INSERT INTO `tsys_menu` (`code`,`name`,`type`,`url`,`order_no`,`updater`,`update_datetime`,`remark`,`parent_code`,`system_code`) VALUES ('SM201712072008133033263','加入黑名单','2','/add','1','admin','2017-12-13 12:10:01','','SM201712072007566346529','CD-COIN000017');
INSERT INTO `tsys_menu` (`code`,`name`,`type`,`url`,`order_no`,`updater`,`update_datetime`,`remark`,`parent_code`,`system_code`) VALUES ('SM201712072008283138630','移出黑名单','2','/delete','2','admin','2017-12-13 12:10:01','','SM201712072007566346529','CD-COIN000017');
INSERT INTO `tsys_menu` (`code`,`name`,`type`,`url`,`order_no`,`updater`,`update_datetime`,`remark`,`parent_code`,`system_code`) VALUES ('SM201712072026400753914','设为代理人','2','/setPartner','6','admin','2017-12-13 12:10:01','','SM201711071721131644746','CD-COIN000017');
INSERT INTO `tsys_menu` (`code`,`name`,`type`,`url`,`order_no`,`updater`,`update_datetime`,`remark`,`parent_code`,`system_code`) VALUES ('SM201712072027384195776','取消代理人','2','/cancelPartner','62','admin','2017-12-13 12:10:01','','SM201711071721131644746','CD-COIN000017');
INSERT INTO `tsys_menu` (`code`,`name`,`type`,`url`,`order_no`,`updater`,`update_datetime`,`remark`,`parent_code`,`system_code`) VALUES ('SM201712121458129277867','行情x值配置','1','/rules/quotationXRule.htm','5','admin','2017-12-13 12:10:01','','SM201711091711390371362','CD-COIN000017');
INSERT INTO `tsys_menu` (`code`,`name`,`type`,`url`,`order_no`,`updater`,`update_datetime`,`remark`,`parent_code`,`system_code`) VALUES ('SM201712121458250729729','修改','2','/edit','1','admin','2017-12-13 12:10:01','','SM201712121458129277867','CD-COIN000017');


/*
-- Query: SELECT `role_code`,`menu_code`,`updater`,now() as `update_datetime`,`remark`,`system_code` FROM tsys_menu_role where system_code = 'CD-COIN000017'
-- Date: 2017-12-13 20:11
*/
INSERT INTO `tsys_menu_role` (`role_code`,`menu_code`,`updater`,`update_datetime`,`remark`,`system_code`) VALUES ('COINSR201700000000000000','COINSM201700000000000000','admin','2017-12-13 12:11:07',NULL,'CD-COIN000017');
INSERT INTO `tsys_menu_role` (`role_code`,`menu_code`,`updater`,`update_datetime`,`remark`,`system_code`) VALUES ('COINSR201700000000000000','COINSM201612071021105964','admin','2017-12-13 12:11:07',NULL,'CD-COIN000017');
INSERT INTO `tsys_menu_role` (`role_code`,`menu_code`,`updater`,`update_datetime`,`remark`,`system_code`) VALUES ('COINSR201700000000000000','COINSM201612071022206883','admin','2017-12-13 12:11:07',NULL,'CD-COIN000017');
INSERT INTO `tsys_menu_role` (`role_code`,`menu_code`,`updater`,`update_datetime`,`remark`,`system_code`) VALUES ('COINSR201700000000000000','COINSM2016120710421392861','admin','2017-12-13 12:11:07',NULL,'CD-COIN000017');
INSERT INTO `tsys_menu_role` (`role_code`,`menu_code`,`updater`,`update_datetime`,`remark`,`system_code`) VALUES ('COINSR201700000000000000','COINSM2016120816133940523','admin','2017-12-13 12:11:07',NULL,'CD-COIN000017');
INSERT INTO `tsys_menu_role` (`role_code`,`menu_code`,`updater`,`update_datetime`,`remark`,`system_code`) VALUES ('COINSR201700000000000000','COINSM2017022413024043573','admin','2017-12-13 12:11:07',NULL,'CD-COIN000017');
INSERT INTO `tsys_menu_role` (`role_code`,`menu_code`,`updater`,`update_datetime`,`remark`,`system_code`) VALUES ('COINSR201700000000000000','COINSM2016120710443551388','admin','2017-12-13 12:11:07',NULL,'CD-COIN000017');
INSERT INTO `tsys_menu_role` (`role_code`,`menu_code`,`updater`,`update_datetime`,`remark`,`system_code`) VALUES ('COINSR201700000000000000','COINSM2016120911042060088','admin','2017-12-13 12:11:07',NULL,'CD-COIN000017');
INSERT INTO `tsys_menu_role` (`role_code`,`menu_code`,`updater`,`update_datetime`,`remark`,`system_code`) VALUES ('COINSR201700000000000000','COINSM2017022413014074915','admin','2017-12-13 12:11:07',NULL,'CD-COIN000017');
INSERT INTO `tsys_menu_role` (`role_code`,`menu_code`,`updater`,`update_datetime`,`remark`,`system_code`) VALUES ('COINSR201700000000000000','COINSM2016120710225078473','admin','2017-12-13 12:11:07',NULL,'CD-COIN000017');
INSERT INTO `tsys_menu_role` (`role_code`,`menu_code`,`updater`,`update_datetime`,`remark`,`system_code`) VALUES ('COINSR201700000000000000','COINSM2016120710470696888','admin','2017-12-13 12:11:07',NULL,'CD-COIN000017');
INSERT INTO `tsys_menu_role` (`role_code`,`menu_code`,`updater`,`update_datetime`,`remark`,`system_code`) VALUES ('COINSR201700000000000000','COINSM2016120911160661084','admin','2017-12-13 12:11:07',NULL,'CD-COIN000017');
INSERT INTO `tsys_menu_role` (`role_code`,`menu_code`,`updater`,`update_datetime`,`remark`,`system_code`) VALUES ('COINSR201700000000000000','COINSM2016122219590218515','admin','2017-12-13 12:11:07',NULL,'CD-COIN000017');
INSERT INTO `tsys_menu_role` (`role_code`,`menu_code`,`updater`,`update_datetime`,`remark`,`system_code`) VALUES ('COINSR201700000000000000','COINSM2016120710484209132','admin','2017-12-13 12:11:07',NULL,'CD-COIN000017');
INSERT INTO `tsys_menu_role` (`role_code`,`menu_code`,`updater`,`update_datetime`,`remark`,`system_code`) VALUES ('COINSR201700000000000000','COINSM2016120911301231346','admin','2017-12-13 12:11:07',NULL,'CD-COIN000017');
INSERT INTO `tsys_menu_role` (`role_code`,`menu_code`,`updater`,`update_datetime`,`remark`,`system_code`) VALUES ('COINSR201700000000000000','COINSM2016122220000572417','admin','2017-12-13 12:11:07',NULL,'CD-COIN000017');
INSERT INTO `tsys_menu_role` (`role_code`,`menu_code`,`updater`,`update_datetime`,`remark`,`system_code`) VALUES ('COINSR201700000000000000','COINSM2016120710233232137','admin','2017-12-13 12:11:07',NULL,'CD-COIN000017');
INSERT INTO `tsys_menu_role` (`role_code`,`menu_code`,`updater`,`update_datetime`,`remark`,`system_code`) VALUES ('COINSR201700000000000000','COINSM2016120710583381112','admin','2017-12-13 12:11:07',NULL,'CD-COIN000017');
INSERT INTO `tsys_menu_role` (`role_code`,`menu_code`,`updater`,`update_datetime`,`remark`,`system_code`) VALUES ('COINSR201700000000000000','COINSM2016122317590316953','admin','2017-12-13 12:11:07',NULL,'CD-COIN000017');
INSERT INTO `tsys_menu_role` (`role_code`,`menu_code`,`updater`,`update_datetime`,`remark`,`system_code`) VALUES ('COINSR201700000000000000','COINSM2016122412144574736','admin','2017-12-13 12:11:07',NULL,'CD-COIN000017');
INSERT INTO `tsys_menu_role` (`role_code`,`menu_code`,`updater`,`update_datetime`,`remark`,`system_code`) VALUES ('COINSR201700000000000000','COINSM2017022412460281492','admin','2017-12-13 12:11:07',NULL,'CD-COIN000017');
INSERT INTO `tsys_menu_role` (`role_code`,`menu_code`,`updater`,`update_datetime`,`remark`,`system_code`) VALUES ('COINSR201700000000000000','COINSM2017022412472301488','admin','2017-12-13 12:11:07',NULL,'CD-COIN000017');
INSERT INTO `tsys_menu_role` (`role_code`,`menu_code`,`updater`,`update_datetime`,`remark`,`system_code`) VALUES ('COINSR201700000000000000','COINSM2017022412482059354','admin','2017-12-13 12:11:07',NULL,'CD-COIN000017');
INSERT INTO `tsys_menu_role` (`role_code`,`menu_code`,`updater`,`update_datetime`,`remark`,`system_code`) VALUES ('COINSR201700000000000000','SM201711081111547852084','admin','2017-12-13 12:11:07',NULL,'CD-COIN000017');
INSERT INTO `tsys_menu_role` (`role_code`,`menu_code`,`updater`,`update_datetime`,`remark`,`system_code`) VALUES ('COINSR201700000000000000','SM201711081400404895487','admin','2017-12-13 12:11:07',NULL,'CD-COIN000017');
INSERT INTO `tsys_menu_role` (`role_code`,`menu_code`,`updater`,`update_datetime`,`remark`,`system_code`) VALUES ('COINSR201700000000000000','COINSM201707251143314118180','admin','2017-12-13 12:11:07',NULL,'CD-COIN000017');
INSERT INTO `tsys_menu_role` (`role_code`,`menu_code`,`updater`,`update_datetime`,`remark`,`system_code`) VALUES ('COINSR201700000000000000','COINSM201707251148117352030','admin','2017-12-13 12:11:07',NULL,'CD-COIN000017');
INSERT INTO `tsys_menu_role` (`role_code`,`menu_code`,`updater`,`update_datetime`,`remark`,`system_code`) VALUES ('COINSR201700000000000000','COINSM201707251331497821971','admin','2017-12-13 12:11:07',NULL,'CD-COIN000017');
INSERT INTO `tsys_menu_role` (`role_code`,`menu_code`,`updater`,`update_datetime`,`remark`,`system_code`) VALUES ('COINSR201700000000000000','SM201711221916256845816','admin','2017-12-13 12:11:07',NULL,'CD-COIN000017');
INSERT INTO `tsys_menu_role` (`role_code`,`menu_code`,`updater`,`update_datetime`,`remark`,`system_code`) VALUES ('COINSR201700000000000000','SM201711081404308124201','admin','2017-12-13 12:11:07',NULL,'CD-COIN000017');
INSERT INTO `tsys_menu_role` (`role_code`,`menu_code`,`updater`,`update_datetime`,`remark`,`system_code`) VALUES ('COINSR201700000000000000','SM201711081409307984995','admin','2017-12-13 12:11:07',NULL,'CD-COIN000017');
INSERT INTO `tsys_menu_role` (`role_code`,`menu_code`,`updater`,`update_datetime`,`remark`,`system_code`) VALUES ('COINSR201700000000000000','SM201711081410356859335','admin','2017-12-13 12:11:07',NULL,'CD-COIN000017');
INSERT INTO `tsys_menu_role` (`role_code`,`menu_code`,`updater`,`update_datetime`,`remark`,`system_code`) VALUES ('COINSR201700000000000000','SM201711081416278853402','admin','2017-12-13 12:11:07',NULL,'CD-COIN000017');
INSERT INTO `tsys_menu_role` (`role_code`,`menu_code`,`updater`,`update_datetime`,`remark`,`system_code`) VALUES ('COINSR201700000000000000','SM201711081417503013352','admin','2017-12-13 12:11:07',NULL,'CD-COIN000017');
INSERT INTO `tsys_menu_role` (`role_code`,`menu_code`,`updater`,`update_datetime`,`remark`,`system_code`) VALUES ('COINSR201700000000000000','SM201711081418173353867','admin','2017-12-13 12:11:07',NULL,'CD-COIN000017');
INSERT INTO `tsys_menu_role` (`role_code`,`menu_code`,`updater`,`update_datetime`,`remark`,`system_code`) VALUES ('COINSR201700000000000000','SM201711081421358326980','admin','2017-12-13 12:11:07',NULL,'CD-COIN000017');
INSERT INTO `tsys_menu_role` (`role_code`,`menu_code`,`updater`,`update_datetime`,`remark`,`system_code`) VALUES ('COINSR201700000000000000','SM201711081423308601904','admin','2017-12-13 12:11:07',NULL,'CD-COIN000017');
INSERT INTO `tsys_menu_role` (`role_code`,`menu_code`,`updater`,`update_datetime`,`remark`,`system_code`) VALUES ('COINSR201700000000000000','SM201711081424358887020','admin','2017-12-13 12:11:07',NULL,'CD-COIN000017');
INSERT INTO `tsys_menu_role` (`role_code`,`menu_code`,`updater`,`update_datetime`,`remark`,`system_code`) VALUES ('COINSR201700000000000000','SM201711081425019933095','admin','2017-12-13 12:11:07',NULL,'CD-COIN000017');
INSERT INTO `tsys_menu_role` (`role_code`,`menu_code`,`updater`,`update_datetime`,`remark`,`system_code`) VALUES ('COINSR201700000000000000','SM201711081426026276170','admin','2017-12-13 12:11:07',NULL,'CD-COIN000017');
INSERT INTO `tsys_menu_role` (`role_code`,`menu_code`,`updater`,`update_datetime`,`remark`,`system_code`) VALUES ('COINSR201700000000000000','SM201711081426421228978','admin','2017-12-13 12:11:07',NULL,'CD-COIN000017');
INSERT INTO `tsys_menu_role` (`role_code`,`menu_code`,`updater`,`update_datetime`,`remark`,`system_code`) VALUES ('COINSR201700000000000000','SM201711231426170797267','admin','2017-12-13 12:11:07',NULL,'CD-COIN000017');
INSERT INTO `tsys_menu_role` (`role_code`,`menu_code`,`updater`,`update_datetime`,`remark`,`system_code`) VALUES ('COINSR201700000000000000','SM201711081431005882968','admin','2017-12-13 12:11:07',NULL,'CD-COIN000017');
INSERT INTO `tsys_menu_role` (`role_code`,`menu_code`,`updater`,`update_datetime`,`remark`,`system_code`) VALUES ('COINSR201700000000000000','SM201711081431436371130','admin','2017-12-13 12:11:07',NULL,'CD-COIN000017');
INSERT INTO `tsys_menu_role` (`role_code`,`menu_code`,`updater`,`update_datetime`,`remark`,`system_code`) VALUES ('COINSR201700000000000000','SM201711081435280411458','admin','2017-12-13 12:11:07',NULL,'CD-COIN000017');
INSERT INTO `tsys_menu_role` (`role_code`,`menu_code`,`updater`,`update_datetime`,`remark`,`system_code`) VALUES ('COINSR201700000000000000','SM201711081436354534709','admin','2017-12-13 12:11:07',NULL,'CD-COIN000017');
INSERT INTO `tsys_menu_role` (`role_code`,`menu_code`,`updater`,`update_datetime`,`remark`,`system_code`) VALUES ('COINSR201700000000000000','SM201711081437069726688','admin','2017-12-13 12:11:07',NULL,'CD-COIN000017');
INSERT INTO `tsys_menu_role` (`role_code`,`menu_code`,`updater`,`update_datetime`,`remark`,`system_code`) VALUES ('COINSR201700000000000000','SM201711081437452861020','admin','2017-12-13 12:11:07',NULL,'CD-COIN000017');
INSERT INTO `tsys_menu_role` (`role_code`,`menu_code`,`updater`,`update_datetime`,`remark`,`system_code`) VALUES ('COINSR201700000000000000','SM201711081442278817722','admin','2017-12-13 12:11:07',NULL,'CD-COIN000017');
INSERT INTO `tsys_menu_role` (`role_code`,`menu_code`,`updater`,`update_datetime`,`remark`,`system_code`) VALUES ('COINSR201700000000000000','SM201711081444203473881','admin','2017-12-13 12:11:07',NULL,'CD-COIN000017');
INSERT INTO `tsys_menu_role` (`role_code`,`menu_code`,`updater`,`update_datetime`,`remark`,`system_code`) VALUES ('COINSR201700000000000000','SM201711091113070529521','admin','2017-12-13 12:11:07',NULL,'CD-COIN000017');
INSERT INTO `tsys_menu_role` (`role_code`,`menu_code`,`updater`,`update_datetime`,`remark`,`system_code`) VALUES ('COINSR201700000000000000','SM201711091346241039616','admin','2017-12-13 12:11:07',NULL,'CD-COIN000017');
INSERT INTO `tsys_menu_role` (`role_code`,`menu_code`,`updater`,`update_datetime`,`remark`,`system_code`) VALUES ('COINSR201700000000000000','SM201711091347287638130','admin','2017-12-13 12:11:07',NULL,'CD-COIN000017');
INSERT INTO `tsys_menu_role` (`role_code`,`menu_code`,`updater`,`update_datetime`,`remark`,`system_code`) VALUES ('COINSR201700000000000000','SM201711091347562977987','admin','2017-12-13 12:11:07',NULL,'CD-COIN000017');
INSERT INTO `tsys_menu_role` (`role_code`,`menu_code`,`updater`,`update_datetime`,`remark`,`system_code`) VALUES ('COINSR201700000000000000','SM201711091348223364368','admin','2017-12-13 12:11:07',NULL,'CD-COIN000017');
INSERT INTO `tsys_menu_role` (`role_code`,`menu_code`,`updater`,`update_datetime`,`remark`,`system_code`) VALUES ('COINSR201700000000000000','COINSM201700001000000001','admin','2017-12-13 12:11:07',NULL,'CD-COIN000017');
INSERT INTO `tsys_menu_role` (`role_code`,`menu_code`,`updater`,`update_datetime`,`remark`,`system_code`) VALUES ('COINSR201700000000000000','COINSM201700001000000002','admin','2017-12-13 12:11:07',NULL,'CD-COIN000017');
INSERT INTO `tsys_menu_role` (`role_code`,`menu_code`,`updater`,`update_datetime`,`remark`,`system_code`) VALUES ('COINSR201700000000000000','COINSM201700001000000003','admin','2017-12-13 12:11:07',NULL,'CD-COIN000017');
INSERT INTO `tsys_menu_role` (`role_code`,`menu_code`,`updater`,`update_datetime`,`remark`,`system_code`) VALUES ('COINSR201700000000000000','COINSM201700001000000004','admin','2017-12-13 12:11:07',NULL,'CD-COIN000017');
INSERT INTO `tsys_menu_role` (`role_code`,`menu_code`,`updater`,`update_datetime`,`remark`,`system_code`) VALUES ('COINSR201700000000000000','COINSM2017032911200961325','admin','2017-12-13 12:11:07',NULL,'CD-COIN000017');
INSERT INTO `tsys_menu_role` (`role_code`,`menu_code`,`updater`,`update_datetime`,`remark`,`system_code`) VALUES ('COINSR201700000000000000','COINSM201708241024194086655','admin','2017-12-13 12:11:07',NULL,'CD-COIN000017');
INSERT INTO `tsys_menu_role` (`role_code`,`menu_code`,`updater`,`update_datetime`,`remark`,`system_code`) VALUES ('COINSR201700000000000000','COINSM201707251006045006005','admin','2017-12-13 12:11:07',NULL,'CD-COIN000017');
INSERT INTO `tsys_menu_role` (`role_code`,`menu_code`,`updater`,`update_datetime`,`remark`,`system_code`) VALUES ('COINSR201700000000000000','COINSM2017033020005366333','admin','2017-12-13 12:11:07',NULL,'CD-COIN000017');
INSERT INTO `tsys_menu_role` (`role_code`,`menu_code`,`updater`,`update_datetime`,`remark`,`system_code`) VALUES ('COINSR201700000000000000','COINSM2017033020015631166','admin','2017-12-13 12:11:07',NULL,'CD-COIN000017');
INSERT INTO `tsys_menu_role` (`role_code`,`menu_code`,`updater`,`update_datetime`,`remark`,`system_code`) VALUES ('COINSR201700000000000000','COINSM2017033020021094115','admin','2017-12-13 12:11:07',NULL,'CD-COIN000017');
INSERT INTO `tsys_menu_role` (`role_code`,`menu_code`,`updater`,`update_datetime`,`remark`,`system_code`) VALUES ('COINSR201700000000000000','COINSM2017033020022649991','admin','2017-12-13 12:11:07',NULL,'CD-COIN000017');
INSERT INTO `tsys_menu_role` (`role_code`,`menu_code`,`updater`,`update_datetime`,`remark`,`system_code`) VALUES ('COINSR201700000000000000','COINSM2017033020024827112','admin','2017-12-13 12:11:07',NULL,'CD-COIN000017');
INSERT INTO `tsys_menu_role` (`role_code`,`menu_code`,`updater`,`update_datetime`,`remark`,`system_code`) VALUES ('COINSR201700000000000000','COINSM2017101716241339082','admin','2017-12-13 12:11:07',NULL,'CD-COIN000017');
INSERT INTO `tsys_menu_role` (`role_code`,`menu_code`,`updater`,`update_datetime`,`remark`,`system_code`) VALUES ('COINSR201700000000000000','COINSM2017101716253866426','admin','2017-12-13 12:11:07',NULL,'CD-COIN000017');
INSERT INTO `tsys_menu_role` (`role_code`,`menu_code`,`updater`,`update_datetime`,`remark`,`system_code`) VALUES ('COINSR201700000000000000','COINSM2017101716450533995','admin','2017-12-13 12:11:07',NULL,'CD-COIN000017');
INSERT INTO `tsys_menu_role` (`role_code`,`menu_code`,`updater`,`update_datetime`,`remark`,`system_code`) VALUES ('COINSR201700000000000000','COINSM2017101717551955993','admin','2017-12-13 12:11:07',NULL,'CD-COIN000017');
INSERT INTO `tsys_menu_role` (`role_code`,`menu_code`,`updater`,`update_datetime`,`remark`,`system_code`) VALUES ('COINSR201700000000000000','COINSM2017101717560118734','admin','2017-12-13 12:11:07',NULL,'CD-COIN000017');
INSERT INTO `tsys_menu_role` (`role_code`,`menu_code`,`updater`,`update_datetime`,`remark`,`system_code`) VALUES ('COINSR201700000000000000','COINSM2017101717563661357','admin','2017-12-13 12:11:07',NULL,'CD-COIN000017');
INSERT INTO `tsys_menu_role` (`role_code`,`menu_code`,`updater`,`update_datetime`,`remark`,`system_code`) VALUES ('COINSR201700000000000000','COINSM2017101716261754674','admin','2017-12-13 12:11:07',NULL,'CD-COIN000017');
INSERT INTO `tsys_menu_role` (`role_code`,`menu_code`,`updater`,`update_datetime`,`remark`,`system_code`) VALUES ('COINSR201700000000000000','COINSM2017101719082391126','admin','2017-12-13 12:11:07',NULL,'CD-COIN000017');
INSERT INTO `tsys_menu_role` (`role_code`,`menu_code`,`updater`,`update_datetime`,`remark`,`system_code`) VALUES ('COINSR201700000000000000','COINSM2017101719094151894','admin','2017-12-13 12:11:07',NULL,'CD-COIN000017');
INSERT INTO `tsys_menu_role` (`role_code`,`menu_code`,`updater`,`update_datetime`,`remark`,`system_code`) VALUES ('COINSR201700000000000000','COINSM2017101719100760088','admin','2017-12-13 12:11:07',NULL,'CD-COIN000017');
INSERT INTO `tsys_menu_role` (`role_code`,`menu_code`,`updater`,`update_datetime`,`remark`,`system_code`) VALUES ('COINSR201700000000000000','COINSM2017101719110981215','admin','2017-12-13 12:11:07',NULL,'CD-COIN000017');
INSERT INTO `tsys_menu_role` (`role_code`,`menu_code`,`updater`,`update_datetime`,`remark`,`system_code`) VALUES ('COINSR201700000000000000','COINSM2017120610552303416','admin','2017-12-13 12:11:07',NULL,'CD-COIN000017');
INSERT INTO `tsys_menu_role` (`role_code`,`menu_code`,`updater`,`update_datetime`,`remark`,`system_code`) VALUES ('COINSR201700000000000000','COINSM2017112911152991684','admin','2017-12-13 12:11:07',NULL,'CD-COIN000017');
INSERT INTO `tsys_menu_role` (`role_code`,`menu_code`,`updater`,`update_datetime`,`remark`,`system_code`) VALUES ('COINSR201700000000000000','COINSM2017112911280249973','admin','2017-12-13 12:11:07',NULL,'CD-COIN000017');
INSERT INTO `tsys_menu_role` (`role_code`,`menu_code`,`updater`,`update_datetime`,`remark`,`system_code`) VALUES ('COINSR201700000000000000','COINSM2017112914292031228','admin','2017-12-13 12:11:07',NULL,'CD-COIN000017');
INSERT INTO `tsys_menu_role` (`role_code`,`menu_code`,`updater`,`update_datetime`,`remark`,`system_code`) VALUES ('COINSR201700000000000000','COINSM2017112914295002950','admin','2017-12-13 12:11:07',NULL,'CD-COIN000017');
INSERT INTO `tsys_menu_role` (`role_code`,`menu_code`,`updater`,`update_datetime`,`remark`,`system_code`) VALUES ('COINSR201700000000000000','COINSM2017112914322481897','admin','2017-12-13 12:11:07',NULL,'CD-COIN000017');
INSERT INTO `tsys_menu_role` (`role_code`,`menu_code`,`updater`,`update_datetime`,`remark`,`system_code`) VALUES ('COINSR201700000000000000','COINSM2017112914325471772','admin','2017-12-13 12:11:07',NULL,'CD-COIN000017');
INSERT INTO `tsys_menu_role` (`role_code`,`menu_code`,`updater`,`update_datetime`,`remark`,`system_code`) VALUES ('COINSR201700000000000000','COINSM2017121215543215610','admin','2017-12-13 12:11:07',NULL,'CD-COIN000017');
INSERT INTO `tsys_menu_role` (`role_code`,`menu_code`,`updater`,`update_datetime`,`remark`,`system_code`) VALUES ('COINSR201700000000000000','COINSM2017121216045274832','admin','2017-12-13 12:11:07',NULL,'CD-COIN000017');
INSERT INTO `tsys_menu_role` (`role_code`,`menu_code`,`updater`,`update_datetime`,`remark`,`system_code`) VALUES ('COINSR201700000000000000','SM201711181218447587419','admin','2017-12-13 12:11:07',NULL,'CD-COIN000017');
INSERT INTO `tsys_menu_role` (`role_code`,`menu_code`,`updater`,`update_datetime`,`remark`,`system_code`) VALUES ('COINSR201700000000000000','SM201711181220013316605','admin','2017-12-13 12:11:07',NULL,'CD-COIN000017');
INSERT INTO `tsys_menu_role` (`role_code`,`menu_code`,`updater`,`update_datetime`,`remark`,`system_code`) VALUES ('COINSR201700000000000000','SM201711231353203735078','admin','2017-12-13 12:11:07',NULL,'CD-COIN000017');
INSERT INTO `tsys_menu_role` (`role_code`,`menu_code`,`updater`,`update_datetime`,`remark`,`system_code`) VALUES ('COINSR201700000000000000','SM201711232222591772487','admin','2017-12-13 12:11:07',NULL,'CD-COIN000017');
INSERT INTO `tsys_menu_role` (`role_code`,`menu_code`,`updater`,`update_datetime`,`remark`,`system_code`) VALUES ('COINSR201700000000000000','SM201711231354531532054','admin','2017-12-13 12:11:07',NULL,'CD-COIN000017');
INSERT INTO `tsys_menu_role` (`role_code`,`menu_code`,`updater`,`update_datetime`,`remark`,`system_code`) VALUES ('COINSR201700000000000000','SM201711232223319261758','admin','2017-12-13 12:11:07',NULL,'CD-COIN000017');
INSERT INTO `tsys_menu_role` (`role_code`,`menu_code`,`updater`,`update_datetime`,`remark`,`system_code`) VALUES ('COINSR201700000000000000','SM201711251639118496237','admin','2017-12-13 12:11:07',NULL,'CD-COIN000017');
INSERT INTO `tsys_menu_role` (`role_code`,`menu_code`,`updater`,`update_datetime`,`remark`,`system_code`) VALUES ('COINSR201700000000000000','SM201711251639362545256','admin','2017-12-13 12:11:07',NULL,'CD-COIN000017');
INSERT INTO `tsys_menu_role` (`role_code`,`menu_code`,`updater`,`update_datetime`,`remark`,`system_code`) VALUES ('COINSR201700000000000000','SM201711272034567989636','admin','2017-12-13 12:11:07',NULL,'CD-COIN000017');
INSERT INTO `tsys_menu_role` (`role_code`,`menu_code`,`updater`,`update_datetime`,`remark`,`system_code`) VALUES ('COINSR201700000000000000','SM201711281438072475181','admin','2017-12-13 12:11:07',NULL,'CD-COIN000017');
INSERT INTO `tsys_menu_role` (`role_code`,`menu_code`,`updater`,`update_datetime`,`remark`,`system_code`) VALUES ('COINSR201700000000000000','SM201711281440352206679','admin','2017-12-13 12:11:07',NULL,'CD-COIN000017');
INSERT INTO `tsys_menu_role` (`role_code`,`menu_code`,`updater`,`update_datetime`,`remark`,`system_code`) VALUES ('COINSR201700000000000000','SM201711281440497751340','admin','2017-12-13 12:11:07',NULL,'CD-COIN000017');
INSERT INTO `tsys_menu_role` (`role_code`,`menu_code`,`updater`,`update_datetime`,`remark`,`system_code`) VALUES ('COINSR201700000000000000','SM201711281441276181084','admin','2017-12-13 12:11:07',NULL,'CD-COIN000017');
INSERT INTO `tsys_menu_role` (`role_code`,`menu_code`,`updater`,`update_datetime`,`remark`,`system_code`) VALUES ('COINSR201700000000000000','SM201711281442162104491','admin','2017-12-13 12:11:07',NULL,'CD-COIN000017');
INSERT INTO `tsys_menu_role` (`role_code`,`menu_code`,`updater`,`update_datetime`,`remark`,`system_code`) VALUES ('COINSR201700000000000000','COINSM201708241036442974134','admin','2017-12-13 12:11:07',NULL,'CD-COIN000017');
INSERT INTO `tsys_menu_role` (`role_code`,`menu_code`,`updater`,`update_datetime`,`remark`,`system_code`) VALUES ('COINSR201700000000000000','SM201711071719583941706','admin','2017-12-13 12:11:07',NULL,'CD-COIN000017');
INSERT INTO `tsys_menu_role` (`role_code`,`menu_code`,`updater`,`update_datetime`,`remark`,`system_code`) VALUES ('COINSR201700000000000000','SM201711071721131644746','admin','2017-12-13 12:11:07',NULL,'CD-COIN000017');
INSERT INTO `tsys_menu_role` (`role_code`,`menu_code`,`updater`,`update_datetime`,`remark`,`system_code`) VALUES ('COINSR201700000000000000','SM201711071732196251623','admin','2017-12-13 12:11:07',NULL,'CD-COIN000017');
INSERT INTO `tsys_menu_role` (`role_code`,`menu_code`,`updater`,`update_datetime`,`remark`,`system_code`) VALUES ('COINSR201700000000000000','SM201711071741562566376','admin','2017-12-13 12:11:07',NULL,'CD-COIN000017');
INSERT INTO `tsys_menu_role` (`role_code`,`menu_code`,`updater`,`update_datetime`,`remark`,`system_code`) VALUES ('COINSR201700000000000000','SM201711071742227377285','admin','2017-12-13 12:11:07',NULL,'CD-COIN000017');
INSERT INTO `tsys_menu_role` (`role_code`,`menu_code`,`updater`,`update_datetime`,`remark`,`system_code`) VALUES ('COINSR201700000000000000','SM201711071742467608972','admin','2017-12-13 12:11:07',NULL,'CD-COIN000017');
INSERT INTO `tsys_menu_role` (`role_code`,`menu_code`,`updater`,`update_datetime`,`remark`,`system_code`) VALUES ('COINSR201700000000000000','SM201711071743219033850','admin','2017-12-13 12:11:07',NULL,'CD-COIN000017');
INSERT INTO `tsys_menu_role` (`role_code`,`menu_code`,`updater`,`update_datetime`,`remark`,`system_code`) VALUES ('COINSR201700000000000000','SM201712072026400753914','admin','2017-12-13 12:11:07',NULL,'CD-COIN000017');
INSERT INTO `tsys_menu_role` (`role_code`,`menu_code`,`updater`,`update_datetime`,`remark`,`system_code`) VALUES ('COINSR201700000000000000','SM201712072027384195776','admin','2017-12-13 12:11:07',NULL,'CD-COIN000017');
INSERT INTO `tsys_menu_role` (`role_code`,`menu_code`,`updater`,`update_datetime`,`remark`,`system_code`) VALUES ('COINSR201700000000000000','SM201711091636299534636','admin','2017-12-13 12:11:07',NULL,'CD-COIN000017');
INSERT INTO `tsys_menu_role` (`role_code`,`menu_code`,`updater`,`update_datetime`,`remark`,`system_code`) VALUES ('COINSR201700000000000000','SM201711091636598886982','admin','2017-12-13 12:11:07',NULL,'CD-COIN000017');
INSERT INTO `tsys_menu_role` (`role_code`,`menu_code`,`updater`,`update_datetime`,`remark`,`system_code`) VALUES ('COINSR201700000000000000','SM201712072007566346529','admin','2017-12-13 12:11:07',NULL,'CD-COIN000017');
INSERT INTO `tsys_menu_role` (`role_code`,`menu_code`,`updater`,`update_datetime`,`remark`,`system_code`) VALUES ('COINSR201700000000000000','SM201712072008133033263','admin','2017-12-13 12:11:07',NULL,'CD-COIN000017');
INSERT INTO `tsys_menu_role` (`role_code`,`menu_code`,`updater`,`update_datetime`,`remark`,`system_code`) VALUES ('COINSR201700000000000000','SM201712072008283138630','admin','2017-12-13 12:11:07',NULL,'CD-COIN000017');
INSERT INTO `tsys_menu_role` (`role_code`,`menu_code`,`updater`,`update_datetime`,`remark`,`system_code`) VALUES ('COINSR201700000000000000','SM201711091638097956060','admin','2017-12-13 12:11:07',NULL,'CD-COIN000017');
INSERT INTO `tsys_menu_role` (`role_code`,`menu_code`,`updater`,`update_datetime`,`remark`,`system_code`) VALUES ('COINSR201700000000000000','SM201711091639383748993','admin','2017-12-13 12:11:07',NULL,'CD-COIN000017');
INSERT INTO `tsys_menu_role` (`role_code`,`menu_code`,`updater`,`update_datetime`,`remark`,`system_code`) VALUES ('COINSR201700000000000000','SM201711091640072325860','admin','2017-12-13 12:11:07',NULL,'CD-COIN000017');
INSERT INTO `tsys_menu_role` (`role_code`,`menu_code`,`updater`,`update_datetime`,`remark`,`system_code`) VALUES ('COINSR201700000000000000','SM201711091641382614985','admin','2017-12-13 12:11:07',NULL,'CD-COIN000017');
INSERT INTO `tsys_menu_role` (`role_code`,`menu_code`,`updater`,`update_datetime`,`remark`,`system_code`) VALUES ('COINSR201700000000000000','SM201711091642028999956','admin','2017-12-13 12:11:07',NULL,'CD-COIN000017');
INSERT INTO `tsys_menu_role` (`role_code`,`menu_code`,`updater`,`update_datetime`,`remark`,`system_code`) VALUES ('COINSR201700000000000000','SM201711091710574389258','admin','2017-12-13 12:11:07',NULL,'CD-COIN000017');
INSERT INTO `tsys_menu_role` (`role_code`,`menu_code`,`updater`,`update_datetime`,`remark`,`system_code`) VALUES ('COINSR201700000000000000','SM201711091712271962290','admin','2017-12-13 12:11:07',NULL,'CD-COIN000017');
INSERT INTO `tsys_menu_role` (`role_code`,`menu_code`,`updater`,`update_datetime`,`remark`,`system_code`) VALUES ('COINSR201700000000000000','SM201711091712492468382','admin','2017-12-13 12:11:07',NULL,'CD-COIN000017');
INSERT INTO `tsys_menu_role` (`role_code`,`menu_code`,`updater`,`update_datetime`,`remark`,`system_code`) VALUES ('COINSR201700000000000000','SM201711181154357386481','admin','2017-12-13 12:11:07',NULL,'CD-COIN000017');
INSERT INTO `tsys_menu_role` (`role_code`,`menu_code`,`updater`,`update_datetime`,`remark`,`system_code`) VALUES ('COINSR201700000000000000','SM201711091719313133524','admin','2017-12-13 12:11:07',NULL,'CD-COIN000017');
INSERT INTO `tsys_menu_role` (`role_code`,`menu_code`,`updater`,`update_datetime`,`remark`,`system_code`) VALUES ('COINSR201700000000000000','SM201711091719507483488','admin','2017-12-13 12:11:07',NULL,'CD-COIN000017');
INSERT INTO `tsys_menu_role` (`role_code`,`menu_code`,`updater`,`update_datetime`,`remark`,`system_code`) VALUES ('COINSR201700000000000000','SM201711181155140535753','admin','2017-12-13 12:11:07',NULL,'CD-COIN000017');
INSERT INTO `tsys_menu_role` (`role_code`,`menu_code`,`updater`,`update_datetime`,`remark`,`system_code`) VALUES ('COINSR201700000000000000','SM201711091711202133779','admin','2017-12-13 12:11:07',NULL,'CD-COIN000017');
INSERT INTO `tsys_menu_role` (`role_code`,`menu_code`,`updater`,`update_datetime`,`remark`,`system_code`) VALUES ('COINSR201700000000000000','SM201711091723009493989','admin','2017-12-13 12:11:07',NULL,'CD-COIN000017');
INSERT INTO `tsys_menu_role` (`role_code`,`menu_code`,`updater`,`update_datetime`,`remark`,`system_code`) VALUES ('COINSR201700000000000000','SM201711251744181898035','admin','2017-12-13 12:11:07',NULL,'CD-COIN000017');
INSERT INTO `tsys_menu_role` (`role_code`,`menu_code`,`updater`,`update_datetime`,`remark`,`system_code`) VALUES ('COINSR201700000000000000','SM201711281416536405612','admin','2017-12-13 12:11:07',NULL,'CD-COIN000017');
INSERT INTO `tsys_menu_role` (`role_code`,`menu_code`,`updater`,`update_datetime`,`remark`,`system_code`) VALUES ('COINSR201700000000000000','SM201711281418317701012','admin','2017-12-13 12:11:07',NULL,'CD-COIN000017');
INSERT INTO `tsys_menu_role` (`role_code`,`menu_code`,`updater`,`update_datetime`,`remark`,`system_code`) VALUES ('COINSR201700000000000000','SM201711091711390371362','admin','2017-12-13 12:11:07',NULL,'CD-COIN000017');
INSERT INTO `tsys_menu_role` (`role_code`,`menu_code`,`updater`,`update_datetime`,`remark`,`system_code`) VALUES ('COINSR201700000000000000','SM201711091724462495772','admin','2017-12-13 12:11:07',NULL,'CD-COIN000017');
INSERT INTO `tsys_menu_role` (`role_code`,`menu_code`,`updater`,`update_datetime`,`remark`,`system_code`) VALUES ('COINSR201700000000000000','SM201711091726534627002','admin','2017-12-13 12:11:07',NULL,'CD-COIN000017');
INSERT INTO `tsys_menu_role` (`role_code`,`menu_code`,`updater`,`update_datetime`,`remark`,`system_code`) VALUES ('COINSR201700000000000000','SM201711251424527328546','admin','2017-12-13 12:11:07',NULL,'CD-COIN000017');
INSERT INTO `tsys_menu_role` (`role_code`,`menu_code`,`updater`,`update_datetime`,`remark`,`system_code`) VALUES ('COINSR201700000000000000','SM201712121458129277867','admin','2017-12-13 12:11:07',NULL,'CD-COIN000017');
INSERT INTO `tsys_menu_role` (`role_code`,`menu_code`,`updater`,`update_datetime`,`remark`,`system_code`) VALUES ('COINSR201700000000000000','SM201712121458250729729','admin','2017-12-13 12:11:07',NULL,'CD-COIN000017');
INSERT INTO `tsys_menu_role` (`role_code`,`menu_code`,`updater`,`update_datetime`,`remark`,`system_code`) VALUES ('COINSR201700000000000000','SM201711181351035579061','admin','2017-12-13 12:11:07',NULL,'CD-COIN000017');
INSERT INTO `tsys_menu_role` (`role_code`,`menu_code`,`updater`,`update_datetime`,`remark`,`system_code`) VALUES ('COINSR201700000000000000','SM201711151745051751013','admin','2017-12-13 12:11:07',NULL,'CD-COIN000017');
INSERT INTO `tsys_menu_role` (`role_code`,`menu_code`,`updater`,`update_datetime`,`remark`,`system_code`) VALUES ('COINSR201700000000000000','SM201711151745572859074','admin','2017-12-13 12:11:07',NULL,'CD-COIN000017');
INSERT INTO `tsys_menu_role` (`role_code`,`menu_code`,`updater`,`update_datetime`,`remark`,`system_code`) VALUES ('COINSR201700000000000000','SM201711151747477561668','admin','2017-12-13 12:11:07',NULL,'CD-COIN000017');
INSERT INTO `tsys_menu_role` (`role_code`,`menu_code`,`updater`,`update_datetime`,`remark`,`system_code`) VALUES ('COINSR201700000000000000','SM201711181155445002845','admin','2017-12-13 12:11:07',NULL,'CD-COIN000017');

