INSERT INTO `tsys_dict` (`type`,`parent_key`,`dkey`,`dvalue`,`updater`,`update_datetime`,`remark`,`company_code`,`system_code`) VALUES ('0',NULL,'credit_user_relation','借款人关系','admin',now(),NULL,'CD-HTWT000020','CD-HTWT000020');
INSERT INTO `tsys_dict` (`type`,`parent_key`,`dkey`,`dvalue`,`updater`,`update_datetime`,`remark`,`company_code`,`system_code`) VALUES ('1','credit_user_relation','1','贷款人本人','admin',now(),NULL,'CD-HTWT000020','CD-HTWT000020');
INSERT INTO `tsys_dict` (`type`,`parent_key`,`dkey`,`dvalue`,`updater`,`update_datetime`,`remark`,`company_code`,`system_code`) VALUES ('1','credit_user_relation','2','丈夫','admin',now(),NULL,'CD-HTWT000020','CD-HTWT000020');
INSERT INTO `tsys_dict` (`type`,`parent_key`,`dkey`,`dvalue`,`updater`,`update_datetime`,`remark`,`company_code`,`system_code`) VALUES ('1','credit_user_relation','3','妻子','admin',now(),NULL,'CD-HTWT000020','CD-HTWT000020');
INSERT INTO `tsys_dict` (`type`,`parent_key`,`dkey`,`dvalue`,`updater`,`update_datetime`,`remark`,`company_code`,`system_code`) VALUES ('1','credit_user_relation','4','父亲','admin',now(),NULL,'CD-HTWT000020','CD-HTWT000020');
INSERT INTO `tsys_dict` (`type`,`parent_key`,`dkey`,`dvalue`,`updater`,`update_datetime`,`remark`,`company_code`,`system_code`) VALUES ('1','credit_user_relation','5','母亲','admin',now(),NULL,'CD-HTWT000020','CD-HTWT000020');
INSERT INTO `tsys_dict` (`type`,`parent_key`,`dkey`,`dvalue`,`updater`,`update_datetime`,`remark`,`company_code`,`system_code`) VALUES ('1','credit_user_relation','6','岳父','admin',now(),NULL,'CD-HTWT000020','CD-HTWT000020');
INSERT INTO `tsys_dict` (`type`,`parent_key`,`dkey`,`dvalue`,`updater`,`update_datetime`,`remark`,`company_code`,`system_code`) VALUES ('1','credit_user_relation','7','岳母','admin',now(),NULL,'CD-HTWT000020','CD-HTWT000020');
INSERT INTO `tsys_dict` (`type`,`parent_key`,`dkey`,`dvalue`,`updater`,`update_datetime`,`remark`,`company_code`,`system_code`) VALUES ('1','credit_user_relation','8','朋友','admin',now(),NULL,'CD-HTWT000020','CD-HTWT000020');
INSERT INTO `tsys_dict` (`type`,`parent_key`,`dkey`,`dvalue`,`updater`,`update_datetime`,`remark`,`company_code`,`system_code`) VALUES ('1','credit_user_relation','9','同事', 'admin', now(),NULL, 'CD-HTWT000020', 'CD-HTWT000020');
INSERT INTO `tsys_dict` (`type`,`parent_key`,`dkey`,`dvalue`,`updater`,`update_datetime`,`remark`,`company_code`,`system_code`) VALUES ('1','credit_user_relation','10','兄弟姐妹', 'admin', now(),NULL, 'CD-HTWT000020', 'CD-HTWT000020');



INSERT INTO `tsys_dict` (`type`,`parent_key`,`dkey`,`dvalue`,`updater`,`update_datetime`,`remark`,`company_code`,`system_code`) VALUES ('0',NULL,'credit_user_loan_role','贷款角色','admin',now(),NULL,'CD-HTWT000020','CD-HTWT000020');
INSERT INTO `tsys_dict` (`type`,`parent_key`,`dkey`,`dvalue`,`updater`,`update_datetime`,`remark`,`company_code`,`system_code`) VALUES ('1','credit_user_loan_role','1','申请人','admin',now(),NULL,'CD-HTWT000020','CD-HTWT000020');
INSERT INTO `tsys_dict` (`type`,`parent_key`,`dkey`,`dvalue`,`updater`,`update_datetime`,`remark`,`company_code`,`system_code`) VALUES ('1','credit_user_loan_role','2','共同还款人','admin',now(),NULL,'CD-HTWT000020','CD-HTWT000020');
INSERT INTO `tsys_dict` (`type`,`parent_key`,`dkey`,`dvalue`,`updater`,`update_datetime`,`remark`,`company_code`,`system_code`) VALUES ('1','credit_user_loan_role','3','担保人','admin',now(),NULL,'CD-HTWT000020','CD-HTWT000020');

INSERT INTO `tsys_dict` (`type`,`parent_key`,`dkey`,`dvalue`,`updater`,`update_datetime`,`remark`,`company_code`,`system_code`) VALUES ('0',NULL,'kd_company','物流公司','admin',now(),'','CD-HTWT000020','CD-HTWT000020');
INSERT INTO `tsys_dict` (`type`,`parent_key`,`dkey`,`dvalue`,`updater`,`update_datetime`,`remark`,`company_code`,`system_code`) VALUES ('1','kd_company','EMS','邮政EMS','admin',now(),'','CD-HTWT000020','CD-HTWT000020');
INSERT INTO `tsys_dict` (`type`,`parent_key`,`dkey`,`dvalue`,`updater`,`update_datetime`,`remark`,`company_code`,`system_code`) VALUES ('1','kd_company','STO','申通快递','admin',now(),'','CD-HTWT000020','CD-HTWT000020');
INSERT INTO `tsys_dict` (`type`,`parent_key`,`dkey`,`dvalue`,`updater`,`update_datetime`,`remark`,`company_code`,`system_code`) VALUES ('1','kd_company','ZTO','中通快递','admin',now(),'','CD-HTWT000020','CD-HTWT000020');
INSERT INTO `tsys_dict` (`type`,`parent_key`,`dkey`,`dvalue`,`updater`,`update_datetime`,`remark`,`company_code`,`system_code`) VALUES ('1','kd_company','YTO','圆通快递','admin',now(),'','CD-HTWT000020','CD-HTWT000020');
INSERT INTO `tsys_dict` (`type`,`parent_key`,`dkey`,`dvalue`,`updater`,`update_datetime`,`remark`,`company_code`,`system_code`) VALUES ('1','kd_company','HTKY','汇通快递','admin',now(),'','CD-HTWT000020','CD-HTWT000020');
INSERT INTO `tsys_dict` (`type`,`parent_key`,`dkey`,`dvalue`,`updater`,`update_datetime`,`remark`,`company_code`,`system_code`) VALUES ('1','kd_company','SF','顺丰快递','admin',now(),'','CD-HTWT000020','CD-HTWT000020');
INSERT INTO `tsys_dict` (`type`,`parent_key`,`dkey`,`dvalue`,`updater`,`update_datetime`,`remark`,`company_code`,`system_code`) VALUES ('1','kd_company','TTKD','天天快递','admin',now(),'','CD-HTWT000020','CD-HTWT000020');
INSERT INTO `tsys_dict` (`type`,`parent_key`,`dkey`,`dvalue`,`updater`,`update_datetime`,`remark`,`company_code`,`system_code`) VALUES ('1','kd_company','ZJS','宅急送','admin',now(),'','CD-HTWT000020','CD-HTWT000020');
INSERT INTO `tsys_dict` (`type`,`parent_key`,`dkey`,`dvalue`,`updater`,`update_datetime`,`remark`,`company_code`,`system_code`) VALUES ('1','kd_company','BSHT','百世汇通','admin',now(),'','CD-HTWT000020','CD-HTWT000020');
INSERT INTO `tsys_dict` (`type`,`parent_key`,`dkey`,`dvalue`,`updater`,`update_datetime`,`remark`,`company_code`,`system_code`) VALUES ('1','kd_company','YDKD','韵达快递','admin',now(),'','CD-HTWT000020','CD-HTWT000020');
INSERT INTO `tsys_dict` (`type`,`parent_key`,`dkey`,`dvalue`,`updater`,`update_datetime`,`remark`,`company_code`,`system_code`) VALUES ('1','kd_company','DBKD','德邦快递','admin',now(),'','CD-HTWT000020','CD-HTWT000020');
INSERT INTO `tsys_dict` (`type`,`parent_key`,`dkey`,`dvalue`,`updater`,`update_datetime`,`remark`,`company_code`,`system_code`) VALUES ('1','kd_company','QFKD','全峰快递','admin',now(),'','CD-HTWT000020','CD-HTWT000020');
INSERT INTO `tsys_dict` (`type`,`parent_key`,`dkey`,`dvalue`,`updater`,`update_datetime`,`remark`,`company_code`,`system_code`) VALUES ('1','kd_company','GTKD','国通快递','admin',now(),'','CD-HTWT000020','CD-HTWT000020');
INSERT INTO `tsys_dict` (`type`,`parent_key`,`dkey`,`dvalue`,`updater`,`update_datetime`,`remark`,`company_code`,`system_code`) VALUES ('1','kd_company','TDHY','天地华宇','admin',now(),'','CD-HTWT000020','CD-HTWT000020');
INSERT INTO `tsys_dict` (`type`,`parent_key`,`dkey`,`dvalue`,`updater`,`update_datetime`,`remark`,`company_code`,`system_code`) VALUES ('1','kd_company','JJWL','佳吉物流','admin',now(),'','CD-HTWT000020','CD-HTWT000020');
INSERT INTO `tsys_dict` (`type`,`parent_key`,`dkey`,`dvalue`,`updater`,`update_datetime`,`remark`,`company_code`,`system_code`) VALUES ('1','kd_company','JJKD','快捷快递','admin',now(),'','CD-HTWT000020','CD-HTWT000020');
INSERT INTO `tsys_dict` (`type`,`parent_key`,`dkey`,`dvalue`,`updater`,`update_datetime`,`remark`,`company_code`,`system_code`) VALUES ('1','kd_company','YSKD','优速快递','admin',now(),'','CD-HTWT000020','CD-HTWT000020');
INSERT INTO `tsys_dict` (`type`,`parent_key`,`dkey`,`dvalue`,`updater`,`update_datetime`,`remark`,`company_code`,`system_code`) VALUES ('1','kd_company','QTKD','其他','admin',now(),'','CD-HTWT000020','CD-HTWT000020');

INSERT INTO `tsys_dict` (`type`, `parent_key`, `dkey`, `dvalue`, `updater`, `update_datetime`, `company_code`, `system_code`) VALUES ('0',NULL, 'marry_state', '婚姻状况', 'admin', now(), 'CD-HTWT000020', 'CD-HTWT000020');
INSERT INTO `tsys_dict` (`type`, `parent_key`, `dkey`, `dvalue`, `updater`, `update_datetime`, `company_code`, `system_code`) VALUES ('1', 'marry_state', '1', '未婚', 'admin', now(), 'CD-HTWT000020', 'CD-HTWT000020');
INSERT INTO `tsys_dict` (`type`, `parent_key`, `dkey`, `dvalue`, `updater`, `update_datetime`, `company_code`, `system_code`) VALUES ('1', 'marry_state', '2', '已婚', 'admin', now(), 'CD-HTWT000020', 'CD-HTWT000020');
INSERT INTO `tsys_dict` (`type`, `parent_key`, `dkey`, `dvalue`, `updater`, `update_datetime`, `company_code`, `system_code`) VALUES ('1', 'marry_state', '3', '离异', 'admin', now(), 'CD-HTWT000020', 'CD-HTWT000020');
INSERT INTO `tsys_dict` (`type`, `parent_key`, `dkey`, `dvalue`, `updater`, `update_datetime`, `company_code`, `system_code`) VALUES ('1', 'marry_state', '4', '丧偶', 'admin', now(), 'CD-HTWT000020', 'CD-HTWT000020');

INSERT INTO `tsys_dict` (`type`, `parent_key`, `dkey`, `dvalue`, `updater`, `update_datetime`, `company_code`, `system_code`) VALUES ('0',NULL, 'education', '学历', 'admin', now(), 'CD-HTWT000020', 'CD-HTWT000020');
INSERT INTO `tsys_dict` (`type`, `parent_key`, `dkey`, `dvalue`, `updater`, `update_datetime`, `company_code`, `system_code`) VALUES ('1', 'education', '1', '大学', 'admin', now(), 'CD-HTWT000020', 'CD-HTWT000020');
INSERT INTO `tsys_dict` (`type`, `parent_key`, `dkey`, `dvalue`, `updater`, `update_datetime`, `company_code`, `system_code`) VALUES ('1', 'education', '2', '高中', 'admin', now(), 'CD-HTWT000020', 'CD-HTWT000020');
INSERT INTO `tsys_dict` (`type`, `parent_key`, `dkey`, `dvalue`, `updater`, `update_datetime`, `company_code`, `system_code`) VALUES ('1', 'education', '3', '初中', 'admin', now(), 'CD-HTWT000020', 'CD-HTWT000020');
INSERT INTO `tsys_dict` (`type`, `parent_key`, `dkey`, `dvalue`, `updater`, `update_datetime`, `company_code`, `system_code`) VALUES ('1', 'education', '4', '小学', 'admin', now(), 'CD-HTWT000020', 'CD-HTWT000020');

INSERT INTO `tsys_dict` (`type`, `parent_key`, `dkey`, `dvalue`, `updater`, `update_datetime`, `company_code`, `system_code`) VALUES ('0',NULL, 'main_income', '主要收入来源', 'admin', now(), 'CD-HTWT000020', 'CD-HTWT000020');
INSERT INTO `tsys_dict` (`type`, `parent_key`, `dkey`, `dvalue`, `updater`, `update_datetime`, `company_code`, `system_code`) VALUES ('1', 'main_income', '1', '工资', 'admin', now(), 'CD-HTWT000020', 'CD-HTWT000020');
INSERT INTO `tsys_dict` (`type`, `parent_key`, `dkey`, `dvalue`, `updater`, `update_datetime`, `company_code`, `system_code`) VALUES ('1', 'main_income', '2', '分红', 'admin', now(), 'CD-HTWT000020', 'CD-HTWT000020');
INSERT INTO `tsys_dict` (`type`, `parent_key`, `dkey`, `dvalue`, `updater`, `update_datetime`, `company_code`, `system_code`) VALUES ('1', 'main_income', '3', '销售佣金', 'admin', now(), 'CD-HTWT000020', 'CD-HTWT000020');
INSERT INTO `tsys_dict` (`type`, `parent_key`, `dkey`, `dvalue`, `updater`, `update_datetime`, `company_code`, `system_code`) VALUES ('1', 'main_income', '4', '自营收入', 'admin', now(), 'CD-HTWT000020', 'CD-HTWT000020');
INSERT INTO `tsys_dict` (`type`, `parent_key`, `dkey`, `dvalue`, `updater`, `update_datetime`, `company_code`, `system_code`) VALUES ('1', 'main_income', '5', '租金', 'admin', now(), 'CD-HTWT000020', 'CD-HTWT000020');
INSERT INTO `tsys_dict` (`type`, `parent_key`, `dkey`, `dvalue`, `updater`, `update_datetime`, `company_code`, `system_code`) VALUES ('1', 'main_income', '6', '其他', 'admin', now(), 'CD-HTWT000020', 'CD-HTWT000020');
INSERT INTO `tsys_dict` (`type`, `parent_key`, `dkey`, `dvalue`, `updater`, `update_datetime`, `company_code`, `system_code`) VALUES ('0',NULL, 'gender', '性别', 'admin', now(), 'CD-HTWT000020', 'CD-HTWT000020');
INSERT INTO `tsys_dict` (`type`, `parent_key`, `dkey`, `dvalue`, `updater`, `update_datetime`, `company_code`, `system_code`) VALUES ('1', 'gender', '1', '男', 'admin', now(), 'CD-HTWT000020', 'CD-HTWT000020');
INSERT INTO `tsys_dict` (`type`, `parent_key`, `dkey`, `dvalue`, `updater`, `update_datetime`, `company_code`, `system_code`) VALUES ('1', 'gender', '2', '女', 'admin', now(), 'CD-HTWT000020', 'CD-HTWT000020');

insert into `tsys_dict` (`type`, `parent_key`, `dkey`, `dvalue`, `updater`, `update_datetime`, `remark`, `company_code`, `system_code`) values('0',NULL,'loan_period','贷款期限','admin',now(),NULL,'CD-HTWT000020','CD-HTWT000020');
insert into `tsys_dict` (`type`, `parent_key`, `dkey`, `dvalue`, `updater`, `update_datetime`, `remark`, `company_code`, `system_code`) values('1','loan_period','12','一年','admin',now(),NULL,'CD-HTWT000020','CD-HTWT000020');
insert into `tsys_dict` (`type`, `parent_key`, `dkey`, `dvalue`, `updater`, `update_datetime`, `remark`, `company_code`, `system_code`) values('1','loan_period','24','两年','admin',now(),NULL,'CD-HTWT000020','CD-HTWT000020');
insert into `tsys_dict` (`type`, `parent_key`, `dkey`, `dvalue`, `updater`, `update_datetime`, `remark`, `company_code`, `system_code`) values('1','loan_period','36','三年','admin',now(),NULL,'CD-HTWT000020','CD-HTWT000020');

insert into `tsys_dict` (`type`, `parent_key`, `dkey`, `dvalue`, `updater`, `update_datetime`, `remark`, `company_code`, `system_code`) values('0',NULL,'node_type','支付类型','admin',now(),NULL,'CD-HTWT000020','CD-HTWT000020');
insert into `tsys_dict` (`type`, `parent_key`, `dkey`, `dvalue`, `updater`, `update_datetime`, `remark`, `company_code`, `system_code`) values('1','node_type','001','征信单','admin',now(),NULL,'CD-HTWT000020','CD-HTWT000020');
insert into `tsys_dict` (`type`, `parent_key`, `dkey`, `dvalue`, `updater`, `update_datetime`, `remark`, `company_code`, `system_code`) values('1','node_type','002','准入单','admin',now(),NULL,'CD-HTWT000020','CD-HTWT000020');

insert into `tsys_dict` (`type`, `parent_key`, `dkey`, `dvalue`, `updater`, `update_datetime`, `remark`, `company_code`, `system_code`) values('0',NULL,'loan_product_status','贷款商品状态','admin',now(),NULL,'CD-HTWT000020','CD-HTWT000020');
insert into `tsys_dict` (`type`, `parent_key`, `dkey`, `dvalue`, `updater`, `update_datetime`, `remark`, `company_code`, `system_code`) values('1','loan_product_status','1','待上架','admin',now(),NULL,'CD-HTWT000020','CD-HTWT000020');
insert into `tsys_dict` (`type`, `parent_key`, `dkey`, `dvalue`, `updater`, `update_datetime`, `remark`, `company_code`, `system_code`) values('1','loan_product_status','2','已上架','admin',now(),NULL,'CD-HTWT000020','CD-HTWT000020');
insert into `tsys_dict` (`type`, `parent_key`, `dkey`, `dvalue`, `updater`, `update_datetime`, `remark`, `company_code`, `system_code`) values('1','loan_product_status','3','已下架','admin',now(),NULL,'CD-HTWT000020','CD-HTWT000020');

insert into `tsys_dict` (`type`, `parent_key`, `dkey`, `dvalue`, `updater`, `update_datetime`, `remark`, `company_code`, `system_code`) values('0',NULL,'enter_location','存放位置','admin',now(),NULL,'CD-HTWT000020','CD-HTWT000020');
insert into `tsys_dict` (`type`, `parent_key`, `dkey`, `dvalue`, `updater`, `update_datetime`, `remark`, `company_code`, `system_code`) values('1','enter_location','01','保险柜','admin',now(),NULL,'CD-HTWT000020','CD-HTWT000020');


INSERT INTO `tsys_dict` (`type`, `parent_key`, `dkey`, `dvalue`, `updater`, `update_datetime`, `company_code`, `system_code`) VALUES ('0', NULL,'work_company_property', '单位经济性质', 'admin', '2018-05-30 12:00:09', 'CD-HTWT000020', 'CD-HTWT000020');
INSERT INTO `tsys_dict` (`type`, `parent_key`, `dkey`, `dvalue`, `updater`, `update_datetime`, `company_code`, `system_code`) VALUES ('1', 'work_company_property', '1', '国有经济', 'admin', '2018-05-30 12:00:09', 'CD-HTWT000020', 'CD-HTWT000020');
INSERT INTO `tsys_dict` (`type`, `parent_key`, `dkey`, `dvalue`, `updater`, `update_datetime`, `company_code`, `system_code`) VALUES ('1', 'work_company_property', '2', '集体经济', 'admin', '2018-05-30 12:00:09', 'CD-HTWT000020', 'CD-HTWT000020');
INSERT INTO `tsys_dict` (`type`, `parent_key`, `dkey`, `dvalue`, `updater`, `update_datetime`, `company_code`, `system_code`) VALUES ('1', 'work_company_property', '3', '私营', 'admin', '2018-05-30 12:00:09', 'CD-HTWT000020', 'CD-HTWT000020');
INSERT INTO `tsys_dict` (`type`, `parent_key`, `dkey`, `dvalue`, `updater`, `update_datetime`, `company_code`, `system_code`) VALUES ('1', 'work_company_property', '4', '民营', 'admin', '2018-05-30 12:00:09', 'CD-HTWT000020', 'CD-HTWT000020');
INSERT INTO `tsys_dict` (`type`, `parent_key`, `dkey`, `dvalue`, `updater`, `update_datetime`, `company_code`, `system_code`) VALUES ('1', 'work_company_property', '5', '股份合作', 'admin', '2018-05-30 12:00:09', 'CD-HTWT000020', 'CD-HTWT000020');
INSERT INTO `tsys_dict` (`type`, `parent_key`, `dkey`, `dvalue`, `updater`, `update_datetime`, `company_code`, `system_code`) VALUES ('1', 'work_company_property', '6', '其他股份制', 'admin', '2018-05-30 12:00:09', 'CD-HTWT000020', 'CD-HTWT000020');
INSERT INTO `tsys_dict` (`type`, `parent_key`, `dkey`, `dvalue`, `updater`, `update_datetime`, `company_code`, `system_code`) VALUES ('1', 'work_company_property', '7', '三资', 'admin', '2018-05-30 12:00:09', 'CD-HTWT000020', 'CD-HTWT000020');
INSERT INTO `tsys_dict` (`type`, `parent_key`, `dkey`, `dvalue`, `updater`, `update_datetime`, `company_code`, `system_code`) VALUES ('1', 'work_company_property', '8', '其他', 'admin', '2018-05-30 12:00:09', 'CD-HTWT000020', 'CD-HTWT000020');
INSERT INTO `tsys_dict` (`type`, `parent_key`, `dkey`, `dvalue`, `updater`, `update_datetime`, `company_code`, `system_code`) VALUES ('0', NULL,'work_belong_industry', '所属行业', 'admin', '2018-05-30 12:00:09', 'CD-HTWT000020', 'CD-HTWT000020');
INSERT INTO `tsys_dict` (`type`, `parent_key`, `dkey`, `dvalue`, `updater`, `update_datetime`, `company_code`, `system_code`) VALUES ('1', 'work_belong_industry', '1', '农林牧渔', 'admin', '2018-05-30 12:00:09', 'CD-HTWT000020', 'CD-HTWT000020');
INSERT INTO `tsys_dict` (`type`, `parent_key`, `dkey`, `dvalue`, `updater`, `update_datetime`, `company_code`, `system_code`) VALUES ('1', 'work_belong_industry', '2', '邮电通讯', 'admin', '2018-05-30 12:00:09', 'CD-HTWT000020', 'CD-HTWT000020');
INSERT INTO `tsys_dict` (`type`, `parent_key`, `dkey`, `dvalue`, `updater`, `update_datetime`, `company_code`, `system_code`) VALUES ('1', 'work_belong_industry', '3', '房地产', 'admin', '2018-05-30 12:00:09', 'CD-HTWT000020', 'CD-HTWT000020');
INSERT INTO `tsys_dict` (`type`, `parent_key`, `dkey`, `dvalue`, `updater`, `update_datetime`, `company_code`, `system_code`) VALUES ('1', 'work_belong_industry', '4', '科教文卫', 'admin', '2018-05-30 12:00:09', 'CD-HTWT000020', 'CD-HTWT000020');
INSERT INTO `tsys_dict` (`type`, `parent_key`, `dkey`, `dvalue`, `updater`, `update_datetime`, `company_code`, `system_code`) VALUES ('1', 'work_belong_industry', '5', '工业', 'admin', '2018-05-30 12:00:09', 'CD-HTWT000020', 'CD-HTWT000020');
INSERT INTO `tsys_dict` (`type`, `parent_key`, `dkey`, `dvalue`, `updater`, `update_datetime`, `company_code`, `system_code`) VALUES ('1', 'work_belong_industry', '6', '银行', 'admin', '2018-05-30 12:00:09', 'CD-HTWT000020', 'CD-HTWT000020');
INSERT INTO `tsys_dict` (`type`, `parent_key`, `dkey`, `dvalue`, `updater`, `update_datetime`, `company_code`, `system_code`) VALUES ('1', 'work_belong_industry', '7', '证券', 'admin', '2018-05-30 12:00:09', 'CD-HTWT000020', 'CD-HTWT000020');
INSERT INTO `tsys_dict` (`type`, `parent_key`, `dkey`, `dvalue`, `updater`, `update_datetime`, `company_code`, `system_code`) VALUES ('1', 'work_belong_industry', '8', '保险', 'admin', '2018-05-30 12:00:09', 'CD-HTWT000020', 'CD-HTWT000020');
INSERT INTO `tsys_dict` (`type`, `parent_key`, `dkey`, `dvalue`, `updater`, `update_datetime`, `company_code`, `system_code`) VALUES ('1', 'work_belong_industry', '9', '商业', 'admin', '2018-05-30 12:00:09', 'CD-HTWT000020', 'CD-HTWT000020');
INSERT INTO `tsys_dict` (`type`, `parent_key`, `dkey`, `dvalue`, `updater`, `update_datetime`, `company_code`, `system_code`) VALUES ('1', 'work_belong_industry', '10', '机关团体', 'admin', '2018-05-30 12:00:09', 'CD-HTWT000020', 'CD-HTWT000020');
INSERT INTO `tsys_dict` (`type`, `parent_key`, `dkey`, `dvalue`, `updater`, `update_datetime`, `company_code`, `system_code`) VALUES ('1', 'work_belong_industry', '11', '其他', 'admin', '2018-05-30 12:00:09', 'CD-HTWT000020', 'CD-HTWT000020');
INSERT INTO `tsys_dict` (`type`, `parent_key`, `dkey`, `dvalue`, `updater`, `update_datetime`, `company_code`, `system_code`) VALUES ('0', NULL,'work_profession', '职业', 'admin', '2018-05-30 12:00:09', 'CD-HTWT000020', 'CD-HTWT000020');
INSERT INTO `tsys_dict` (`type`, `parent_key`, `dkey`, `dvalue`, `updater`, `update_datetime`, `company_code`, `system_code`) VALUES ('1', 'work_profession', '1', '业务员', 'admin', '2018-05-30 12:00:09', 'CD-HTWT000020', 'CD-HTWT000020');
INSERT INTO `tsys_dict` (`type`, `parent_key`, `dkey`, `dvalue`, `updater`, `update_datetime`, `company_code`, `system_code`) VALUES ('1', 'work_profession', '2', '事业单位员工', 'admin', '2018-05-30 12:00:09', 'CD-HTWT000020', 'CD-HTWT000020');
INSERT INTO `tsys_dict` (`type`, `parent_key`, `dkey`, `dvalue`, `updater`, `update_datetime`, `company_code`, `system_code`) VALUES ('1', 'work_profession', '3', '工人', 'admin', '2018-05-30 12:00:09', 'CD-HTWT000020', 'CD-HTWT000020');
INSERT INTO `tsys_dict` (`type`, `parent_key`, `dkey`, `dvalue`, `updater`, `update_datetime`, `company_code`, `system_code`) VALUES ('1', 'work_profession', '4', '农民', 'admin', '2018-05-30 12:00:09', 'CD-HTWT000020', 'CD-HTWT000020');
INSERT INTO `tsys_dict` (`type`, `parent_key`, `dkey`, `dvalue`, `updater`, `update_datetime`, `company_code`, `system_code`) VALUES ('1', 'work_profession', '5', '军人', 'admin', '2018-05-30 12:00:09', 'CD-HTWT000020', 'CD-HTWT000020');
INSERT INTO `tsys_dict` (`type`, `parent_key`, `dkey`, `dvalue`, `updater`, `update_datetime`, `company_code`, `system_code`) VALUES ('1', 'work_profession', '6', '职员', 'admin', '2018-05-30 12:00:09', 'CD-HTWT000020', 'CD-HTWT000020');
INSERT INTO `tsys_dict` (`type`, `parent_key`, `dkey`, `dvalue`, `updater`, `update_datetime`, `company_code`, `system_code`) VALUES ('1', 'work_profession', '7', '私人业主', 'admin', '2018-05-30 12:00:09', 'CD-HTWT000020', 'CD-HTWT000020');
INSERT INTO `tsys_dict` (`type`, `parent_key`, `dkey`, `dvalue`, `updater`, `update_datetime`, `company_code`, `system_code`) VALUES ('1', 'work_profession', '8', '学生', 'admin', '2018-05-30 12:00:09', 'CD-HTWT000020', 'CD-HTWT000020');
INSERT INTO `tsys_dict` (`type`, `parent_key`, `dkey`, `dvalue`, `updater`, `update_datetime`, `company_code`, `system_code`) VALUES ('1', 'work_profession', '9', '自由职业者', 'admin', '2018-05-30 12:00:09', 'CD-HTWT000020', 'CD-HTWT000020');
INSERT INTO `tsys_dict` (`type`, `parent_key`, `dkey`, `dvalue`, `updater`, `update_datetime`, `company_code`, `system_code`) VALUES ('1', 'work_profession', '10', '无', 'admin', '2018-05-30 12:00:09', 'CD-HTWT000020', 'CD-HTWT000020');

INSERT INTO `tsys_dict` (`type`, `parent_key`, `dkey`, `dvalue`, `updater`, `update_datetime`, `company_code`, `system_code`) VALUES ('0', NULL, '职位', 'admin', '2018-05-30 12:00:09', 'CD-HTWT000020', 'CD-HTWT000020');
INSERT INTO `tsys_dict` (`type`, `parent_key`, `dkey`, `dvalue`, `updater`, `update_datetime`, `company_code`, `system_code`) VALUES ('1', 'position', '1', '厅局级及以上/企业负责人', 'admin', '2018-05-30 12:00:09', 'CD-HTWT000020', 'CD-HTWT000020');
INSERT INTO `tsys_dict` (`type`, `parent_key`, `dkey`, `dvalue`, `updater`, `update_datetime`, `company_code`, `system_code`) VALUES ('1', 'position', '2', '县处级/总经理', 'admin', '2018-05-30 12:00:09', 'CD-HTWT000020', 'CD-HTWT000020');
INSERT INTO `tsys_dict` (`type`, `parent_key`, `dkey`, `dvalue`, `updater`, `update_datetime`, `company_code`, `system_code`) VALUES ('1', 'position', '3', '科级/部门经理', 'admin', '2018-05-30 12:00:09', 'CD-HTWT000020', 'CD-HTWT000020');
INSERT INTO `tsys_dict` (`type`, `parent_key`, `dkey`, `dvalue`, `updater`, `update_datetime`, `company_code`, `system_code`) VALUES ('1', 'position', '4', '科员级/职员', 'admin', '2018-05-30 12:00:09', 'CD-HTWT000020', 'CD-HTWT000020');
INSERT INTO `tsys_dict` (`type`, `parent_key`, `dkey`, `dvalue`, `updater`, `update_datetime`, `company_code`, `system_code`) VALUES ('1', 'position', '5', '其他', 'admin', '2018-05-30 12:00:09', 'CD-HTWT000020', 'CD-HTWT000020');

/*
-- Query: SELECT `code`,`name`,`lead_name`,`mobile`,`parent_code`,`type`,`status`,`updater`,`update_datetime`,`remark` FROM tsys_department where code ='DP201800000000000000001'
-- Date: 2018-06-01 07:28
*/
INSERT INTO `tsys_department` (`code`,`name`,`lead_name`,`mobile`,`parent_code`,`type`,`status`,`updater`,`update_datetime`,`remark`) VALUES ('DP201800000000000000001','乌鲁木齐华途威通汽车销售有限公司','wlq','18868824532','0','1','1','admin',NULL,'');

/* 首页导航 */
INSERT INTO `tstd_cnavigate` (`code`,`name`,`type`,`url`,`pic`,`status`,`location`,`order_no`,`belong`,`parent_code`,`remark`,`content_type`,`company_code`,`system_code`) VALUES ('DH201711271342486662078','banner1','2','','FpqRhLEfxuaHgpXuv6fVUZfLPbjV','1','0',1,'1','0','','1','CD-HTWT000020','CD-HTWT000020');
INSERT INTO `tstd_cnavigate` (`code`,`name`,`type`,`url`,`pic`,`status`,`location`,`order_no`,`belong`,`parent_code`,`remark`,`content_type`,`company_code`,`system_code`) VALUES ('DH201711271344255452496','banner2','2','','Fu7iYb62hGIeXCwX1JhsPkygoSC9','1','0',2,'1','0','','1','CD-HTWT000020','CD-HTWT000020');
INSERT INTO `tstd_cnavigate` (`code`,`name`,`type`,`url`,`pic`,`status`,`location`,`order_no`,`belong`,`parent_code`,`remark`,`content_type`,`company_code`,`system_code`) VALUES ('DH201711271344255452497','banner3','2','','FjBmqZAnp0H25x5eYOclk70iI-tW','1','0',3,'1','0','','1','CD-HTWT000020','CD-HTWT000020');

/* 最高权限用户admin */
INSERT INTO `tsys_user` (`user_id`,`type`,`photo`,`login_name`,`mobile`,`login_pwd`,`login_pwd_strength`,`create_datetme`,`role_code`,`updater`,`update_datetime`,`status`,`remark`) VALUES ('USYS201800000000001','P',NULL,'admin',NULL,'fb62579e990da4e2a8f15c3d1e123438','1',now(),'RO201800000000000001','admin',now(),'0','超级用户');

/* 超级用户角色 */
INSERT INTO `tsys_role` (`code`,`name`,`level`,`updater`,`update_datetime`,`remark`) VALUES ('RO201800000000000001','超级管理员','1','admin',now(),NULL);
INSERT INTO `tsys_role` (`code`,`name`,`level`,`updater`,`update_datetime`,`remark`) VALUES ('SR201805291328573573955','内勤主管','2','hrf','2018-05-30 13:08:57','业务部');
INSERT INTO `tsys_role` (`code`,`name`,`level`,`updater`,`update_datetime`,`remark`) VALUES ('SR201805291831307966076','区域经理','2','hrf','2018-05-30 13:13:36','业务部');
INSERT INTO `tsys_role` (`code`,`name`,`level`,`updater`,`update_datetime`,`remark`) VALUES ('SR201805300223484146418','市场总监','2','hrf','2018-05-30 13:13:20','业务部');
INSERT INTO `tsys_role` (`code`,`name`,`level`,`updater`,`update_datetime`,`remark`) VALUES ('SR201805300229316028333','GPS主管','2','hrf','2018-05-30 13:13:05','业务部-gps管理');
INSERT INTO `tsys_role` (`code`,`name`,`level`,`updater`,`update_datetime`,`remark`) VALUES ('SR201805300230062905523','业务贷后管理','2','hrf','2018-05-30 13:12:39','业务部');
INSERT INTO `tsys_role` (`code`,`name`,`level`,`updater`,`update_datetime`,`remark`) VALUES ('SR201805300230275841975','副总经理','2','hrf','2018-05-30 13:11:24','总经办');
INSERT INTO `tsys_role` (`code`,`name`,`level`,`updater`,`update_datetime`,`remark`) VALUES ('SR201805300230427742722','总经理','2','hrf','2018-05-30 13:11:08','总经办');
INSERT INTO `tsys_role` (`code`,`name`,`level`,`updater`,`update_datetime`,`remark`) VALUES ('SR201805300235262364592','行政主管','2','hrf','2018-05-30 13:08:39','行政部');
INSERT INTO `tsys_role` (`code`,`name`,`level`,`updater`,`update_datetime`,`remark`) VALUES ('SR201805300235563074136','业务员','2','hrf','2018-05-30 13:08:24','业务部');
INSERT INTO `tsys_role` (`code`,`name`,`level`,`updater`,`update_datetime`,`remark`) VALUES ('SR201805300236166965813','财务总监','2','hrf','2018-05-30 12:54:13','财务部');
INSERT INTO `tsys_role` (`code`,`name`,`level`,`updater`,`update_datetime`,`remark`) VALUES ('SR201805300236306565414','出纳','2','hrf','2018-05-30 12:46:04','财务部');
INSERT INTO `tsys_role` (`code`,`name`,`level`,`updater`,`update_datetime`,`remark`) VALUES ('SR201805300236423885841','会计','2','hrf','2018-05-30 12:45:42','财务部');
INSERT INTO `tsys_role` (`code`,`name`,`level`,`updater`,`update_datetime`,`remark`) VALUES ('SR201805300238013014682','风控专员','2','hrf','2018-05-30 12:45:24','风控部');
INSERT INTO `tsys_role` (`code`,`name`,`level`,`updater`,`update_datetime`,`remark`) VALUES ('SR201805300238283754511','风控主管','2','hrf','2018-05-30 12:45:14','风控部');
INSERT INTO `tsys_role` (`code`,`name`,`level`,`updater`,`update_datetime`,`remark`) VALUES ('SR201805301244280427951','区域经理','2','hrf','2018-05-30 12:44:39','业务部');
INSERT INTO `tsys_role` (`code`,`name`,`level`,`updater`,`update_datetime`,`remark`) VALUES ('SR201805301314445524572','内勤专员','2','hrf','2018-05-30 13:14:44','业务部');
INSERT INTO `tsys_role` (`code`,`name`,`level`,`updater`,`update_datetime`,`remark`) VALUES ('SR201805301316161456204','清欠主管','2','hrf','2018-05-30 13:16:16','清欠部');
INSERT INTO `tsys_role` (`code`,`name`,`level`,`updater`,`update_datetime`,`remark`) VALUES ('SR201805301316432211100','清欠专员','2','hrf','2018-05-30 13:16:43','清欠部');
INSERT INTO `tsys_role` (`code`,`name`,`level`,`updater`,`update_datetime`,`remark`) VALUES ('SR201805301328556783270','催收专员','2','hrf','2018-05-30 13:28:55','清欠部');
INSERT INTO `tsys_role` (`code`,`name`,`level`,`updater`,`update_datetime`,`remark`) VALUES ('SR201805301329400862085','征信查询','2','hrf','2018-06-01 03:00:24','驻行组');
INSERT INTO `tsys_role` (`code`,`name`,`level`,`updater`,`update_datetime`,`remark`) VALUES ('SR201805301330264127077','工行审核','2','hrf','2018-05-30 13:30:26','驻行组');
INSERT INTO `tsys_role` (`code`,`name`,`level`,`updater`,`update_datetime`,`remark`) VALUES ('SR201805301330468769509','工行归档','2','hrf','2018-05-30 13:30:46','驻行组');
INSERT INTO `tsys_role` (`code`,`name`,`level`,`updater`,`update_datetime`,`remark`) VALUES ('SR201805301451155408105','测试','2','hrf','2018-05-31 11:50:03','测试账号');

/*
-- Query: SELECT `type`,`parent_key`,`dkey`,`dvalue`,`updater`,now() as `update_datetime`, NULL as `remark`,'CD-HTWT000020' as `company_code`, 'CD-HTWT000020' as `system_code` FROM tsys_dict
-- Date: 2018-05-11 20:36
*/
INSERT INTO `tsys_dict` (`type`,`parent_key`,`dkey`,`dvalue`,`updater`,`update_datetime`,`remark`,`company_code`,`system_code`) VALUES ('0',NULL,'budget_orde_biz_typer','业务类型','admin','2018-05-30 12:00:09',NULL,'CD-HTWT000020','CD-HTWT000020');
INSERT INTO `tsys_dict` (`type`,`parent_key`,`dkey`,`dvalue`,`updater`,`update_datetime`,`remark`,`company_code`,`system_code`) VALUES ('1','budget_orde_biz_typer','0','新车','admin','2018-05-30 12:00:09',NULL,'CD-HTWT000020','CD-HTWT000020');
INSERT INTO `tsys_dict` (`type`,`parent_key`,`dkey`,`dvalue`,`updater`,`update_datetime`,`remark`,`company_code`,`system_code`) VALUES ('1','budget_orde_biz_typer','1','二手车','admin','2018-05-30 12:00:09',NULL,'CD-HTWT000020','CD-HTWT000020');

insert into `tsys_dict` (`type`, `parent_key`, `dkey`, `dvalue`, `updater`, `update_datetime`, `remark`, `company_code`, `system_code`) values('0',NULL,'role_level','角色等级','admin',now(),NULL,'CD-HTWT000020','CD-HTWT000020');
insert into `tsys_dict` (`type`, `parent_key`, `dkey`, `dvalue`, `updater`, `update_datetime`, `remark`, `company_code`, `system_code`) values('1','role_level','1','运维','admin',now(),NULL,'CD-HTWT000020','CD-HTWT000020');
insert into `tsys_dict` (`type`, `parent_key`, `dkey`, `dvalue`, `updater`, `update_datetime`, `remark`, `company_code`, `system_code`) values('1','role_level','2','运营','admin',now(),NULL,'CD-HTWT000020','CD-HTWT000020');
insert into `tsys_dict` (`type`, `parent_key`, `dkey`, `dvalue`, `updater`, `update_datetime`, `remark`, `company_code`, `system_code`) values('1','role_level','3','客户','admin',now(),NULL,'CD-HTWT000020','CD-HTWT000020');

insert into `tsys_dict` (`type`, `parent_key`, `dkey`, `dvalue`, `updater`, `update_datetime`, `remark`, `company_code`, `system_code`) values('0',NULL,'status','状态','admin',now(),NULL,'CD-HTWT000020','CD-HTWT000020');
insert into `tsys_dict` (`type`, `parent_key`, `dkey`, `dvalue`, `updater`, `update_datetime`, `remark`, `company_code`, `system_code`) values('1','status','0','待上架','admin',now(),NULL,'CD-HTWT000020','CD-HTWT000020');
insert into `tsys_dict` (`type`, `parent_key`, `dkey`, `dvalue`, `updater`, `update_datetime`, `remark`, `company_code`, `system_code`) values('1','status','1','已上架','admin',now(),NULL,'CD-HTWT000020','CD-HTWT000020');
insert into `tsys_dict` (`type`, `parent_key`, `dkey`, `dvalue`, `updater`, `update_datetime`, `remark`, `company_code`, `system_code`) values('1','status','2','已下架','admin',now(),NULL,'CD-HTWT000020','CD-HTWT000020');

insert into `tsys_dict` (`type`, `parent_key`, `dkey`, `dvalue`, `updater`, `update_datetime`, `remark`, `company_code`, `system_code`) values('0',NULL,'user_status','用户状态','admin',now(),NULL,'CD-HTWT000020','CD-HTWT000020');
insert into `tsys_dict` (`type`, `parent_key`, `dkey`, `dvalue`, `updater`, `update_datetime`, `remark`, `company_code`, `system_code`) values('1','user_status','0','正常','admin',now(),NULL,'CD-HTWT000020','CD-HTWT000020');
insert into `tsys_dict` (`type`, `parent_key`, `dkey`, `dvalue`, `updater`, `update_datetime`, `remark`, `company_code`, `system_code`) values('1','user_status','1','程序锁定','admin',now(),NULL,'CD-HTWT000020','CD-HTWT000020');
insert into `tsys_dict` (`type`, `parent_key`, `dkey`, `dvalue`, `updater`, `update_datetime`, `remark`, `company_code`, `system_code`) values('1','user_status','2','人工锁定','admin',now(),NULL,'CD-HTWT000020','CD-HTWT000020');

insert into `tsys_dict` (`type`, `parent_key`, `dkey`, `dvalue`, `updater`, `update_datetime`, `remark`, `company_code`, `system_code`) values('0',NULL,'product_status','商品状态','admin',now(),NULL,'CD-HTWT000020','CD-HTWT000020');
insert into `tsys_dict` (`type`, `parent_key`, `dkey`, `dvalue`, `updater`, `update_datetime`, `remark`, `company_code`, `system_code`) values('1','product_status','1','待上架','admin',now(),NULL,'CD-HTWT000020','CD-HTWT000020');
insert into `tsys_dict` (`type`, `parent_key`, `dkey`, `dvalue`, `updater`, `update_datetime`, `remark`, `company_code`, `system_code`) values('1','product_status','3','已上架','admin',now(),NULL,'CD-HTWT000020','CD-HTWT000020');
insert into `tsys_dict` (`type`, `parent_key`, `dkey`, `dvalue`, `updater`, `update_datetime`, `remark`, `company_code`, `system_code`) values('1','product_status','4','已下架','admin',now(),NULL,'CD-HTWT000020','CD-HTWT000020');
insert into `tsys_dict` (`type`, `parent_key`, `dkey`, `dvalue`, `updater`, `update_datetime`, `remark`, `company_code`, `system_code`) values('1','product_status','9','已回收','admin',now(),NULL,'CD-HTWT000020','CD-HTWT000020');

insert into `tsys_dict` (`type`, `parent_key`, `dkey`, `dvalue`, `updater`, `update_datetime`, `remark`, `company_code`, `system_code`) values('0',NULL,'product_location','商品位置','admin',now(),NULL,'CD-HTWT000020','CD-HTWT000020');
insert into `tsys_dict` (`type`, `parent_key`, `dkey`, `dvalue`, `updater`, `update_datetime`, `remark`, `company_code`, `system_code`) values('1','product_location','0','普通','admin',now(),NULL,'CD-HTWT000020','CD-HTWT000020');
insert into `tsys_dict` (`type`, `parent_key`, `dkey`, `dvalue`, `updater`, `update_datetime`, `remark`, `company_code`, `system_code`) values('1','product_location','1','推荐','admin',now(),NULL,'CD-HTWT000020','CD-HTWT000020');

insert into `tsys_dict` (`type`, `parent_key`, `dkey`, `dvalue`, `updater`, `update_datetime`, `remark`, `company_code`, `system_code`) values('0',NULL,'account_status','账户状态','admin',now(),NULL,'CD-HTWT000020','CD-HTWT000020');
insert into `tsys_dict` (`type`, `parent_key`, `dkey`, `dvalue`, `updater`, `update_datetime`, `remark`, `company_code`, `system_code`) values('1','account_status','0','正常','admin',now(),NULL,'CD-HTWT000020','CD-HTWT000020');
insert into `tsys_dict` (`type`, `parent_key`, `dkey`, `dvalue`, `updater`, `update_datetime`, `remark`, `company_code`, `system_code`) values('1','account_status','1','程序锁定','admin',now(),NULL,'CD-HTWT000020','CD-HTWT000020');
insert into `tsys_dict` (`type`, `parent_key`, `dkey`, `dvalue`, `updater`, `update_datetime`, `remark`, `company_code`, `system_code`) values('1','account_status','2','人工锁定','admin',now(),NULL,'CD-HTWT000020','CD-HTWT000020');

insert into `tsys_dict` (`type`, `parent_key`, `dkey`, `dvalue`, `updater`, `update_datetime`, `remark`, `company_code`, `system_code`) values('0',NULL,'currency','币种','admin',now(),NULL,'CD-HTWT000020','CD-HTWT000020');
insert into `tsys_dict` (`type`, `parent_key`, `dkey`, `dvalue`, `updater`, `update_datetime`, `remark`, `company_code`, `system_code`) values('1','currency','CNY','人民币','admin',now(),NULL,'CD-HTWT000020','CD-HTWT000020');
insert into `tsys_dict` (`type`, `parent_key`, `dkey`, `dvalue`, `updater`, `update_datetime`, `remark`, `company_code`, `system_code`) values('1','currency','JF','积分','admin',now(),NULL,'CD-HTWT000020','CD-HTWT000020');
insert into `tsys_dict` (`type`, `parent_key`, `dkey`, `dvalue`, `updater`, `update_datetime`, `remark`, `company_code`, `system_code`) values('1','currency','XYF','信用分','admin',now(),NULL,'CD-HTWT000020','CD-HTWT000020');

insert into `tsys_dict` (`type`, `parent_key`, `dkey`, `dvalue`, `updater`, `update_datetime`, `remark`, `company_code`, `system_code`) values('0',NULL,'account_type','账号类型','admin',now(),NULL,'CD-HTWT000020','CD-HTWT000020');
insert into `tsys_dict` (`type`, `parent_key`, `dkey`, `dvalue`, `updater`, `update_datetime`, `remark`, `company_code`, `system_code`) values('1','account_type','C','C端用户','admin',now(),NULL,'CD-HTWT000020','CD-HTWT000020');

insert into `tsys_dict` (`type`, `parent_key`, `dkey`, `dvalue`, `updater`, `update_datetime`, `remark`, `company_code`, `system_code`) values('0',NULL,'bankcard','银行卡状态','admin',now(),NULL,'CD-HTWT000020','CD-HTWT000020');
insert into `tsys_dict` (`type`, `parent_key`, `dkey`, `dvalue`, `updater`, `update_datetime`, `remark`, `company_code`, `system_code`) values('1','bankcard','0','正常','admin',now(),NULL,'CD-HTWT000020','CD-HTWT000020');
insert into `tsys_dict` (`type`, `parent_key`, `dkey`, `dvalue`, `updater`, `update_datetime`, `remark`, `company_code`, `system_code`) values('1','bankcard','1','停用','admin',now(),NULL,'CD-HTWT000020','CD-HTWT000020');

insert into `tsys_dict` (`type`, `parent_key`, `dkey`, `dvalue`, `updater`, `update_datetime`, `remark`, `company_code`, `system_code`) values('0',NULL,'channel_type','支付渠道','admin',now(),NULL,'CD-HTWT000020','CD-HTWT000020');
insert into `tsys_dict` (`type`, `parent_key`, `dkey`, `dvalue`, `updater`, `update_datetime`, `remark`, `company_code`, `system_code`) values('1','channel_type','1','宝付代扣','admin',now(),NULL,'CD-HTWT000020','CD-HTWT000020');
insert into `tsys_dict` (`type`, `parent_key`, `dkey`, `dvalue`, `updater`, `update_datetime`, `remark`, `company_code`, `system_code`) values('1','channel_type','0','内部账','admin',now(),NULL,'CD-HTWT000020','CD-HTWT000020');
insert into `tsys_dict` (`type`, `parent_key`, `dkey`, `dvalue`, `updater`, `update_datetime`, `remark`, `company_code`, `system_code`) values('1','channel_type','90','人工线下','admin',now(),NULL,'CD-HTWT000020','CD-HTWT000020');

insert into `tsys_dict` (`type`, `parent_key`, `dkey`, `dvalue`, `updater`, `update_datetime`, `remark`, `company_code`, `system_code`) values('0',NULL,'biz_type','业务类型','admin',now(),NULL,'CD-HTWT000020','CD-HTWT000020');
insert into `tsys_dict` (`type`, `parent_key`, `dkey`, `dvalue`, `updater`, `update_datetime`, `remark`, `company_code`, `system_code`) values('1','biz_type','-30','购物','admin',now(),NULL,'CD-HTWT000020','CD-HTWT000020');
insert into `tsys_dict` (`type`, `parent_key`, `dkey`, `dvalue`, `updater`, `update_datetime`, `remark`, `company_code`, `system_code`) values('1','biz_type','30','购物退款','admin',now(),NULL,'CD-HTWT000020','CD-HTWT000020');

insert into `tsys_dict` (`type`, `parent_key`, `dkey`, `dvalue`, `updater`, `update_datetime`, `remark`, `company_code`, `system_code`) values('0',NULL,'jour_status','账户状态','admin',now(),NULL,'CD-HTWT000020','CD-HTWT000020');
insert into `tsys_dict` (`type`, `parent_key`, `dkey`, `dvalue`, `updater`, `update_datetime`, `remark`, `company_code`, `system_code`) values('1','jour_status','1','待对账','admin',now(),NULL,'CD-HTWT000020','CD-HTWT000020');
insert into `tsys_dict` (`type`, `parent_key`, `dkey`, `dvalue`, `updater`, `update_datetime`, `remark`, `company_code`, `system_code`) values('1','jour_status','3','已对账且账已平','admin',now(),NULL,'CD-HTWT000020','CD-HTWT000020');
insert into `tsys_dict` (`type`, `parent_key`, `dkey`, `dvalue`, `updater`, `update_datetime`, `remark`, `company_code`, `system_code`) values('1','jour_status','4','帐不平待调账审批','admin',now(),NULL,'CD-HTWT000020','CD-HTWT000020');
insert into `tsys_dict` (`type`, `parent_key`, `dkey`, `dvalue`, `updater`, `update_datetime`, `remark`, `company_code`, `system_code`) values('1','jour_status','5','已对账且账不平','admin',now(),NULL,'CD-HTWT000020','CD-HTWT000020');
insert into `tsys_dict` (`type`, `parent_key`, `dkey`, `dvalue`, `updater`, `update_datetime`, `remark`, `company_code`, `system_code`) values('1','jour_status','6','无需对账','admin',now(),NULL,'CD-HTWT000020','CD-HTWT000020');

insert into `tsys_dict` (`type`, `parent_key`, `dkey`, `dvalue`, `updater`, `update_datetime`, `remark`, `company_code`, `system_code`) values('0',NULL,'withdraw_status','提款状态','admin',now(),NULL,'CD-HTWT000020','CD-HTWT000020');
insert into `tsys_dict` (`type`, `parent_key`, `dkey`, `dvalue`, `updater`, `update_datetime`, `remark`, `company_code`, `system_code`) values('1','withdraw_status','1','待审批','admin',now(),NULL,'CD-HTWT000020','CD-HTWT000020');
insert into `tsys_dict` (`type`, `parent_key`, `dkey`, `dvalue`, `updater`, `update_datetime`, `remark`, `company_code`, `system_code`) values('1','withdraw_status','2','审批不通过','admin',now(),NULL,'CD-HTWT000020','CD-HTWT000020');
insert into `tsys_dict` (`type`, `parent_key`, `dkey`, `dvalue`, `updater`, `update_datetime`, `remark`, `company_code`, `system_code`) values('1','withdraw_status','3','审批通过待支付','admin',now(),NULL,'CD-HTWT000020','CD-HTWT000020');
insert into `tsys_dict` (`type`, `parent_key`, `dkey`, `dvalue`, `updater`, `update_datetime`, `remark`, `company_code`, `system_code`) values('1','withdraw_status','4','支付失败','admin',now(),NULL,'CD-HTWT000020','CD-HTWT000020');
insert into `tsys_dict` (`type`, `parent_key`, `dkey`, `dvalue`, `updater`, `update_datetime`, `remark`, `company_code`, `system_code`) values('1','withdraw_status','5','支付成功','admin',now(),NULL,'CD-HTWT000020','CD-HTWT000020');

insert into `tsys_dict` (`type`, `parent_key`, `dkey`, `dvalue`, `updater`, `update_datetime`, `remark`, `company_code`, `system_code`) values('0',NULL,'repay_way','执行付款方式','admin',now(),NULL,'CD-HTWT000020','CD-HTWT000020');
insert into `tsys_dict` (`type`, `parent_key`, `dkey`, `dvalue`, `updater`, `update_datetime`, `remark`, `company_code`, `system_code`) values('1','repay_way','1','已线下收取','admin',now(),NULL,'CD-HTWT000020','CD-HTWT000020');
insert into `tsys_dict` (`type`, `parent_key`, `dkey`, `dvalue`, `updater`, `update_datetime`, `remark`, `company_code`, `system_code`) values('1','repay_way','2','线上代扣','admin',now(),NULL,'CD-HTWT000020','CD-HTWT000020');

insert into `tsys_dict` (`type`, `parent_key`, `dkey`, `dvalue`, `updater`, `update_datetime`, `remark`, `company_code`, `system_code`) values('0',NULL,'way','催收方式','admin',now(),NULL,'CD-HTWT000020','CD-HTWT000020');
insert into `tsys_dict` (`type`, `parent_key`, `dkey`, `dvalue`, `updater`, `update_datetime`, `remark`, `company_code`, `system_code`) values('1','way','0','短信催收','admin',now(),NULL,'CD-HTWT000020','CD-HTWT000020');
insert into `tsys_dict` (`type`, `parent_key`, `dkey`, `dvalue`, `updater`, `update_datetime`, `remark`, `company_code`, `system_code`) values('1','way','1','消息推送催收','admin',now(),NULL,'CD-HTWT000020','CD-HTWT000020');

insert into `tsys_dict` (`type`, `parent_key`, `dkey`, `dvalue`, `updater`, `update_datetime`, `remark`, `company_code`, `system_code`) values('0',NULL,'loan_order_status','车贷订单状态','admin',now(),NULL,'CD-HTWT000020','CD-HTWT000020');
insert into `tsys_dict` (`type`, `parent_key`, `dkey`, `dvalue`, `updater`, `update_datetime`, `remark`, `company_code`, `system_code`) values('1','loan_order_status','0','待提交','admin',now(),NULL,'CD-HTWT000020','CD-HTWT000020');
insert into `tsys_dict` (`type`, `parent_key`, `dkey`, `dvalue`, `updater`, `update_datetime`, `remark`, `company_code`, `system_code`) values('1','loan_order_status','1','待审核','admin',now(),NULL,'CD-HTWT000020','CD-HTWT000020');
insert into `tsys_dict` (`type`, `parent_key`, `dkey`, `dvalue`, `updater`, `update_datetime`, `remark`, `company_code`, `system_code`) values('1','loan_order_status','2','审核不通过','admin',now(),NULL,'CD-HTWT000020','CD-HTWT000020');
insert into `tsys_dict` (`type`, `parent_key`, `dkey`, `dvalue`, `updater`, `update_datetime`, `remark`, `company_code`, `system_code`) values('1','loan_order_status','3','审核通过','admin',now(),NULL,'CD-HTWT000020','CD-HTWT000020');

insert into `tsys_dict` (`type`, `parent_key`, `dkey`, `dvalue`, `updater`, `update_datetime`, `remark`, `company_code`, `system_code`) values('0',NULL,'repay_biz_status','还款业务状态','admin',now(),NULL,'CD-HTWT000020','CD-HTWT000020');
insert into `tsys_dict` (`type`, `parent_key`, `dkey`, `dvalue`, `updater`, `update_datetime`, `remark`, `company_code`, `system_code`) values('1','repay_biz_status','0','还款中','admin',now(),NULL,'CD-HTWT000020','CD-HTWT000020');
insert into `tsys_dict` (`type`, `parent_key`, `dkey`, `dvalue`, `updater`, `update_datetime`, `remark`, `company_code`, `system_code`) values('1','repay_biz_status','1','正常已还款','admin',now(),NULL,'CD-HTWT000020','CD-HTWT000020');
insert into `tsys_dict` (`type`, `parent_key`, `dkey`, `dvalue`, `updater`, `update_datetime`, `remark`, `company_code`, `system_code`) values('1','repay_biz_status','2','正常结清','admin',now(),NULL,'CD-HTWT000020','CD-HTWT000020');
insert into `tsys_dict` (`type`, `parent_key`, `dkey`, `dvalue`, `updater`, `update_datetime`, `remark`, `company_code`, `system_code`) values('1','repay_biz_status','3','提前还款','admin',now(),NULL,'CD-HTWT000020','CD-HTWT000020');
insert into `tsys_dict` (`type`, `parent_key`, `dkey`, `dvalue`, `updater`, `update_datetime`, `remark`, `company_code`, `system_code`) values('1','repay_biz_status','4','确认提前结清','admin',now(),NULL,'CD-HTWT000020','CD-HTWT000020');
insert into `tsys_dict` (`type`, `parent_key`, `dkey`, `dvalue`, `updater`, `update_datetime`, `remark`, `company_code`, `system_code`) values('1','repay_biz_status','5','确认不还','admin',now(),NULL,'CD-HTWT000020','CD-HTWT000020');
insert into `tsys_dict` (`type`, `parent_key`, `dkey`, `dvalue`, `updater`, `update_datetime`, `remark`, `company_code`, `system_code`) values('1','repay_biz_status','6','确认处理结果','admin',now(),NULL,'CD-HTWT000020','CD-HTWT000020');

insert into `tsys_dict` (`type`, `parent_key`, `dkey`, `dvalue`, `updater`, `update_datetime`, `remark`, `company_code`, `system_code`) values('0',NULL,'pay_type','支付类型','admin',now(),NULL,'CD-HTWT000020','CD-HTWT000020');
insert into `tsys_dict` (`type`, `parent_key`, `dkey`, `dvalue`, `updater`, `update_datetime`, `remark`, `company_code`, `system_code`) values('1','pay_type','1','余额支付','admin',now(),NULL,'CD-HTWT000020','CD-HTWT000020');
insert into `tsys_dict` (`type`, `parent_key`, `dkey`, `dvalue`, `updater`, `update_datetime`, `remark`, `company_code`, `system_code`) values('1','pay_type','2','代扣','admin',now(),NULL,'CD-HTWT000020','CD-HTWT000020');

insert into `tsys_dict` (`type`, `parent_key`, `dkey`, `dvalue`, `updater`, `update_datetime`, `remark`, `company_code`, `system_code`) values('0',NULL,'order_status','商品分期订单状态','admin',now(),NULL,'CD-HTWT000020','CD-HTWT000020');
insert into `tsys_dict` (`type`, `parent_key`, `dkey`, `dvalue`, `updater`, `update_datetime`, `remark`, `company_code`, `system_code`) values('1','order_status','1','待支付','admin',now(),NULL,'CD-HTWT000020','CD-HTWT000020');
insert into `tsys_dict` (`type`, `parent_key`, `dkey`, `dvalue`, `updater`, `update_datetime`, `remark`, `company_code`, `system_code`) values('1','order_status','2','分期中','admin',now(),NULL,'CD-HTWT000020','CD-HTWT000020');
insert into `tsys_dict` (`type`, `parent_key`, `dkey`, `dvalue`, `updater`, `update_datetime`, `remark`, `company_code`, `system_code`) values('1','order_status','3','已支付','admin',now(),NULL,'CD-HTWT000020','CD-HTWT000020');
insert into `tsys_dict` (`type`, `parent_key`, `dkey`, `dvalue`, `updater`, `update_datetime`, `remark`, `company_code`, `system_code`) values('1','order_status','4','已发货','admin',now(),NULL,'CD-HTWT000020','CD-HTWT000020');
insert into `tsys_dict` (`type`, `parent_key`, `dkey`, `dvalue`, `updater`, `update_datetime`, `remark`, `company_code`, `system_code`) values('1','order_status','5','已收货','admin',now(),NULL,'CD-HTWT000020','CD-HTWT000020');
insert into `tsys_dict` (`type`, `parent_key`, `dkey`, `dvalue`, `updater`, `update_datetime`, `remark`, `company_code`, `system_code`) values('1','order_status','6','已评论','admin',now(),NULL,'CD-HTWT000020','CD-HTWT000020');
insert into `tsys_dict` (`type`, `parent_key`, `dkey`, `dvalue`, `updater`, `update_datetime`, `remark`, `company_code`, `system_code`) values('1','order_status','91','用户异常','admin',now(),NULL,'CD-HTWT000020','CD-HTWT000020');
insert into `tsys_dict` (`type`, `parent_key`, `dkey`, `dvalue`, `updater`, `update_datetime`, `remark`, `company_code`, `system_code`) values('1','order_status','92','商户异常','admin',now(),NULL,'CD-HTWT000020','CD-HTWT000020');
insert into `tsys_dict` (`type`, `parent_key`, `dkey`, `dvalue`, `updater`, `update_datetime`, `remark`, `company_code`, `system_code`) values('1','order_status','93','快递异常','admin',now(),NULL,'CD-HTWT000020','CD-HTWT000020');
insert into `tsys_dict` (`type`, `parent_key`, `dkey`, `dvalue`, `updater`, `update_datetime`, `remark`, `company_code`, `system_code`) values('1','order_status','94','用户删除','admin',now(),NULL,'CD-HTWT000020','CD-HTWT000020');

insert into `tsys_dict` (`type`, `parent_key`, `dkey`, `dvalue`, `updater`, `update_datetime`, `remark`, `company_code`, `system_code`) values('0','NULL','send_type','资料寄送方式','admin',now(),NULL,'CD-HTWT000020','CD-HTWT000020');
insert into `tsys_dict` (`type`, `parent_key`, `dkey`, `dvalue`, `updater`, `update_datetime`, `remark`, `company_code`, `system_code`) values('1','send_type','1','线下','admin',now(),NULL,'CD-HTWT000020','CD-HTWT000020');
insert into `tsys_dict` (`type`, `parent_key`, `dkey`, `dvalue`, `updater`, `update_datetime`, `remark`, `company_code`, `system_code`) values('1','send_type','2','快递','admin',now(),NULL,'CD-HTWT000020','CD-HTWT000020');

insert into `tsys_dict` (`type`, `parent_key`, `dkey`, `dvalue`, `updater`, `update_datetime`, `remark`, `company_code`, `system_code`) values('0','NULL','logistics_type','物流单类型','admin',now(),NULL,'CD-HTWT000020','CD-HTWT000020');
insert into `tsys_dict` (`type`, `parent_key`, `dkey`, `dvalue`, `updater`, `update_datetime`, `remark`, `company_code`, `system_code`) values('1','logistics_type','1','准入单','admin',now(),NULL,'CD-HTWT000020','CD-HTWT000020');
insert into `tsys_dict` (`type`, `parent_key`, `dkey`, `dvalue`, `updater`, `update_datetime`, `remark`, `company_code`, `system_code`) values('1','logistics_type','2','GPS','admin',now(),NULL,'CD-HTWT000020','CD-HTWT000020');

insert into `tsys_dict` (`type`, `parent_key`, `dkey`, `dvalue`, `updater`, `update_datetime`, `remark`, `company_code`, `system_code`) values('0','NULL','logistics_status','资料传递状态','admin',now(),NULL,'CD-HTWT000020','CD-HTWT000020');
insert into `tsys_dict` (`type`, `parent_key`, `dkey`, `dvalue`, `updater`, `update_datetime`, `remark`, `company_code`, `system_code`) values('1','logistics_status','0','待发件','admin',now(),NULL,'CD-HTWT000020','CD-HTWT000020');
insert into `tsys_dict` (`type`, `parent_key`, `dkey`, `dvalue`, `updater`, `update_datetime`, `remark`, `company_code`, `system_code`) values('1','logistics_status','1','已发件待收件','admin',now(),NULL,'CD-HTWT000020','CD-HTWT000020');
insert into `tsys_dict` (`type`, `parent_key`, `dkey`, `dvalue`, `updater`, `update_datetime`, `remark`, `company_code`, `system_code`) values('1','logistics_status','2','已收件审核','admin',now(),NULL,'CD-HTWT000020','CD-HTWT000020');
insert into `tsys_dict` (`type`, `parent_key`, `dkey`, `dvalue`, `updater`, `update_datetime`, `remark`, `company_code`, `system_code`) values('1','logistics_status','3','已收件待补件','admin',now(),NULL,'CD-HTWT000020','CD-HTWT000020');

insert into `tsys_dict` (`type`, `parent_key`, `dkey`, `dvalue`, `updater`, `update_datetime`, `remark`, `company_code`, `system_code`) values('0','NULL','user_kind','用户类型','admin',now(),NULL,'CD-HTWT000020','CD-HTWT000020');
insert into `tsys_dict` (`type`, `parent_key`, `dkey`, `dvalue`, `updater`, `update_datetime`, `remark`, `company_code`, `system_code`) values('1','user_kind','C','C端用户','admin',now(),NULL,'CD-HTWT000020','CD-HTWT000020');

insert into `tsys_dict` (`type`, `parent_key`, `dkey`, `dvalue`, `updater`, `update_datetime`, `remark`, `company_code`, `system_code`) values('0','NULL','notice_status','公告状态','admin',now(),NULL,'CD-HTWT000020','CD-HTWT000020');
insert into `tsys_dict` (`type`, `parent_key`, `dkey`, `dvalue`, `updater`, `update_datetime`, `remark`, `company_code`, `system_code`) values('1','notice_status','0','未发布','admin',now(),NULL,'CD-HTWT000020','CD-HTWT000020');
insert into `tsys_dict` (`type`, `parent_key`, `dkey`, `dvalue`, `updater`, `update_datetime`, `remark`, `company_code`, `system_code`) values('1','notice_status','1','已发布','admin',now(),NULL,'CD-HTWT000020','CD-HTWT000020');
insert into `tsys_dict` (`type`, `parent_key`, `dkey`, `dvalue`, `updater`, `update_datetime`, `remark`, `company_code`, `system_code`) values('1','notice_status','2','已下架','admin',now(),NULL,'CD-HTWT000020','CD-HTWT000020');

insert into `tsys_dict` (`type`, `parent_key`, `dkey`, `dvalue`, `updater`, `update_datetime`, `remark`, `company_code`, `system_code`) values('0','NULL','gps_apply_type','gps申请单类型','admin',now(),NULL,'CD-HTWT000020','CD-HTWT000020');
insert into `tsys_dict` (`type`, `parent_key`, `dkey`, `dvalue`, `updater`, `update_datetime`, `remark`, `company_code`, `system_code`) values('1','gps_apply_type','1','公司','admin',now(),NULL,'CD-HTWT000020','CD-HTWT000020');
insert into `tsys_dict` (`type`, `parent_key`, `dkey`, `dvalue`, `updater`, `update_datetime`, `remark`, `company_code`, `system_code`) values('1','gps_apply_type','2','个人','admin',now(),NULL,'CD-HTWT000020','CD-HTWT000020');

insert into `tsys_dict` (`type`, `parent_key`, `dkey`, `dvalue`, `updater`, `update_datetime`, `remark`, `company_code`, `system_code`) values('0','NULL','gps_apply_status','gps申请单状态','admin',now(),NULL,'CD-HTWT000020','CD-HTWT000020');
insert into `tsys_dict` (`type`, `parent_key`, `dkey`, `dvalue`, `updater`, `update_datetime`, `remark`, `company_code`, `system_code`) values('1','gps_apply_status','0','待审核','admin',now(),NULL,'CD-HTWT000020','CD-HTWT000020');
insert into `tsys_dict` (`type`, `parent_key`, `dkey`, `dvalue`, `updater`, `update_datetime`, `remark`, `company_code`, `system_code`) values('1','gps_apply_status','1','审核通过,待发货','admin',now(),NULL,'CD-HTWT000020','CD-HTWT000020');
insert into `tsys_dict` (`type`, `parent_key`, `dkey`, `dvalue`, `updater`, `update_datetime`, `remark`, `company_code`, `system_code`) values('1','gps_apply_status','2','审核不通过','admin',now(),NULL,'CD-HTWT000020','CD-HTWT000020');
insert into `tsys_dict` (`type`, `parent_key`, `dkey`, `dvalue`, `updater`, `update_datetime`, `remark`, `company_code`, `system_code`) values('1','gps_apply_status','3','已发货','admin',now(),NULL,'CD-HTWT000020','CD-HTWT000020');
insert into `tsys_dict` (`type`, `parent_key`, `dkey`, `dvalue`, `updater`, `update_datetime`, `remark`, `company_code`, `system_code`) values('1','gps_apply_status','4','已收货','admin',now(),NULL,'CD-HTWT000020','CD-HTWT000020');

insert into `tsys_dict` (`type`, `parent_key`, `dkey`, `dvalue`, `updater`, `update_datetime`, `remark`, `company_code`, `system_code`) values('0',NULL,'remit_type','交款类型','admin',now(),NULL,'CD-HTWT000020','CD-HTWT000020');
insert into `tsys_dict` (`type`, `parent_key`, `dkey`, `dvalue`, `updater`, `update_datetime`, `remark`, `company_code`, `system_code`) values('1','remit_type','1','客户交款','admin',now(),NULL,'CD-HTWT000020','CD-HTWT000020');

/*
-- Query: select `type`,`ckey`,`cvalue`,`updater`,now() as `update_datetime`,`remark`,`company_code`,`system_code` from tsys_config
-- Date: 2018-05-11 20:40
*/
insert into `tsys_config` (`type`, `ckey`, `cvalue`, `updater`, `update_datetime`, `remark`, `company_code`, `system_code`) values('qiniu','qiniu_access_key','oxDA5c19NpscG45YEgk80_AF5IvZamg5JrxH2mnf','admin','2018-05-21 14:08:46','七牛云key1','CD-CHTWT000020','CD-CHTWT000020');
insert into `tsys_config` (`type`, `ckey`, `cvalue`, `updater`, `update_datetime`, `remark`, `company_code`, `system_code`) values('qiniu','qiniu_secret_key','d5Tg77MMV4qyLJW8rSzpDaCj3L3TsF3YSvcAOTdX','admin','2018-05-21 14:08:46','七牛云key1','CD-CHTWT000020','CD-CHTWT000020');
insert into `tsys_config` (`type`, `ckey`, `cvalue`, `updater`, `update_datetime`, `remark`, `company_code`, `system_code`) values('qiniu','qiniu_bucket','mxb-db','admin','2018-05-21 14:08:46','qiniu_bucket','CD-CHTWT000020','CD-CHTWT000020');
insert into `tsys_config` (`type`, `ckey`, `cvalue`, `updater`, `update_datetime`, `remark`, `company_code`, `system_code`) values('qiniu','qiniu_domain','p8i9tvzga.bkt.clouddn.com','admin','2018-05-21 14:08:46','访问域名','CD-CHTWT000020','CD-CHTWT000020');
insert into `tsys_config` (`type`, `ckey`, `cvalue`, `updater`, `update_datetime`, `remark`, `company_code`, `system_code`) values('sys_txt','telephone','0571-88888888','admin','2018-05-21 14:08:46','服务热线','CD-CHTWT000020','CD-CHTWT000020');
insert into `tsys_config` (`type`, `ckey`, `cvalue`, `updater`, `update_datetime`, `remark`, `company_code`, `system_code`) values('sys_txt','about_us','关于我们112','admin','2018-05-21 14:08:46','关于我们','CD-CHTWT000020','CD-CHTWT000020');
insert into `tsys_config` (`type`, `ckey`, `cvalue`, `updater`, `update_datetime`, `remark`, `company_code`, `system_code`) values('sys_txt','service_time','9:00-17:00','admin','2018-05-21 14:08:46','服务时间','CD-CHTWT000020','CD-CHTWT000020');
insert into `tsys_config` (`type`, `ckey`, `cvalue`, `updater`, `update_datetime`, `remark`, `company_code`, `system_code`) values('sys_txt','reg_protocol','华途威通注册协议','admin','2018-05-21 14:08:46','注册协议','CD-CHTWT000020','CD-CHTWT000020');
insert into `tsys_config` (`type`, `ckey`, `cvalue`, `updater`, `update_datetime`, `remark`, `company_code`, `system_code`) values('credit_rule','register_add','30','admin','2018-05-21 14:08:46','新用户注册初始信用分','CD-CHTWT000020','CD-CHTWT000020');
insert into `tsys_config` (`type`, `ckey`, `cvalue`, `updater`, `update_datetime`, `remark`, `company_code`, `system_code`) values('credit_rule','car_normal','2','admin','2018-05-21 14:08:46','车贷还款计划每正常执行一次','CD-CHTWT000020','CD-CHTWT000020');
insert into `tsys_config` (`type`, `ckey`, `cvalue`, `updater`, `update_datetime`, `remark`, `company_code`, `system_code`) values('credit_rule','product_normal','1','admin','2018-05-21 14:08:46','商品还款计划每正常执行一次','CD-CHTWT000020','CD-CHTWT000020');
insert into `tsys_config` (`type`, `ckey`, `cvalue`, `updater`, `update_datetime`, `remark`, `company_code`, `system_code`) values('credit_rule','car_delay','-2','admin','2018-05-21 14:08:46','车贷还款计划每延期执行一次','CD-CHTWT000020','CD-CHTWT000020');
insert into `tsys_config` (`type`, `ckey`, `cvalue`, `updater`, `update_datetime`, `remark`, `company_code`, `system_code`) values('credit_rule','product_delay','-1','admin','2018-05-21 14:08:46','商品还款计划每延期执行一次','CD-CHTWT000020','CD-CHTWT000020');
insert into `tsys_config` (`type`, `ckey`, `cvalue`, `updater`, `update_datetime`, `remark`, `company_code`, `system_code`) values('car_periods','12','5.25','admin','2018-05-21 14:08:46','车贷期数管理的期数和利率','CD-CHTWT000020','CD-CHTWT000020');
insert into `tsys_config` (`type`, `ckey`, `cvalue`, `updater`, `update_datetime`, `remark`, `company_code`, `system_code`) values('car_periods','24','1.10','admin','2018-05-21 14:08:46','车贷期数管理的期数和利率','CD-CHTWT000020','CD-CHTWT000020');
insert into `tsys_config` (`type`, `ckey`, `cvalue`, `updater`, `update_datetime`, `remark`, `company_code`, `system_code`) values('product_periods','12','5.25','admin','2018-05-21 14:08:46','商品期数管理的期数和利率','CD-CHTWT000020','CD-CHTWT000020');
insert into `tsys_config` (`type`, `ckey`, `cvalue`, `updater`, `update_datetime`, `remark`, `company_code`, `system_code`) values('product_periods','24','1.10','admin','2018-05-21 14:08:46','商品期数管理的期数和利率','CD-CHTWT000020','CD-CHTWT000020');
insert into `tsys_config` (`type`, `ckey`, `cvalue`, `updater`, `update_datetime`, `remark`, `company_code`, `system_code`) values('basic_data','repayment_fee','30','admin','2018-05-21 14:08:46','提前还款服务费','CD-CHTWT000020','CD-CHTWT000020');
insert into `tsys_config` (`type`, `ckey`, `cvalue`, `updater`, `update_datetime`, `remark`, `company_code`, `system_code`) values('withdraw_rule','withdraw_fee','1','admin','2018-05-21 14:08:46','提现手续费','CD-CHTWT000020','CD-CHTWT000020');
insert into `tsys_config` (`type`, `ckey`, `cvalue`, `updater`, `update_datetime`, `remark`, `company_code`, `system_code`) values('withdraw_rule','CUSERMONTIMES','1','admin','2018-05-21 14:08:46','C端每月取现次数','CD-CHTWT000020','CD-CHTWT000020');
insert into `tsys_config` (`type`, `ckey`, `cvalue`, `updater`, `update_datetime`, `remark`, `company_code`, `system_code`) values('withdraw_rule','CUSERQXBS','2','admin','2018-05-21 14:08:46','C端取现金额倍数','CD-CHTWT000020','CD-CHTWT000020');
insert into `tsys_config` (`type`, `ckey`, `cvalue`, `updater`, `update_datetime`, `remark`, `company_code`, `system_code`) values('withdraw_rule','QXDBZDJE','3','admin','2018-05-21 14:08:46','C端取现单笔最大金额','CD-CHTWT000020','CD-CHTWT000020');
insert into `tsys_config` (`type`, `ckey`, `cvalue`, `updater`, `update_datetime`, `remark`, `company_code`, `system_code`) values('withdraw_rule','CUSERQXFL','4','admin','2018-05-21 14:08:46','C端取现手续费率','CD-CHTWT000020','CD-CHTWT000020');
insert into `tsys_config` (`type`, `ckey`, `cvalue`, `updater`, `update_datetime`, `remark`, `company_code`, `system_code`) values('withdraw_rule','CUSERDZTS','5','wlq','2018-05-21 14:08:46','C端取现到账天数','CD-CHTWT000020','CD-CHTWT000020');
insert into `tsys_config` (`type`, `ckey`, `cvalue`, `updater`, `update_datetime`, `remark`, `company_code`, `system_code`) values('integral_rule','register','10','admin','2018-05-21 14:08:46','注册','CD-CHTWT000020','CD-CHTWT000020');
insert into `tsys_config` (`type`, `ckey`, `cvalue`, `updater`, `update_datetime`, `remark`, `company_code`, `system_code`) values('integral_rule','sign','5','admin','2018-05-21 14:08:46','签到','CD-CHTWT000020','CD-CHTWT000020');
insert into `tsys_config` (`type`, `ckey`, `cvalue`, `updater`, `update_datetime`, `remark`, `company_code`, `system_code`) values('integral_rule','car_normal','100','admin','2018-05-21 14:08:46','申请成功一次车贷','CD-CHTWT000020','CD-CHTWT000020');
insert into `tsys_config` (`type`, `ckey`, `cvalue`, `updater`, `update_datetime`, `remark`, `company_code`, `system_code`) values('integral_rule','product_normal','50','admin','2018-05-21 14:08:46','申请成功一次商品分期','CD-CHTWT000020','CD-CHTWT000020');
insert into `tsys_config` (`type`, `ckey`, `cvalue`, `updater`, `update_datetime`, `remark`, `company_code`, `system_code`) values('exchange_rule','jf_exchange','100','admin','2018-05-21 14:08:46','积分兑换人民币比例','CD-CHTWT000020','CD-CHTWT000020');
insert into `tsys_config` (`type`, `ckey`, `cvalue`, `updater`, `update_datetime`, `remark`, `company_code`, `system_code`) values('service_charge_rule','tq_service','10','admin','2018-05-21 14:08:46','提前还款服务费','CD-CHTWT000020','CD-CHTWT000020');

insert into `tsys_config` (`type`, `ckey`, `cvalue`, `updater`, `update_datetime`, `remark`, `company_code`, `system_code`) values('back_rate','budget_back_rate','0.5','admin',now(),'返点比例','CD-CHTWT000020','CD-CHTWT000020');

/*
-- Query: SELECT code,name,type,url,order_no,'admin' updater, now() as update_datetime,remark,parent_code FROM tsys_menu
-- Date: 2018-06-01 07:13
*/
INSERT INTO `tsys_menu` (`code`,`name`,`type`,`url`,`order_no`,`updater`,`update_datetime`,`remark`,`parent_code`) VALUES ('HTWTSM201800000000000000','根目录','1','#','1','admin',now(),'','');
INSERT INTO `tsys_menu` (`code`,`name`,`type`,`url`,`order_no`,`updater`,`update_datetime`,`remark`,`parent_code`) VALUES ('HTWTSM201800001000000001','系统管理','1','#','1','admin',now(),'','HTWTSM201800000000000000');
INSERT INTO `tsys_menu` (`code`,`name`,`type`,`url`,`order_no`,`updater`,`update_datetime`,`remark`,`parent_code`) VALUES ('HTWTSM201800001000000002','运维管理','1','#','2','admin',now(),NULL,'HTWTSM201800001000000001');
INSERT INTO `tsys_menu` (`code`,`name`,`type`,`url`,`order_no`,`updater`,`update_datetime`,`remark`,`parent_code`) VALUES ('HTWTSM201800001000000003','菜单管理','1','/system/menu.htm','1','admin',now(),'','HTWTSM201800001000000002');
INSERT INTO `tsys_menu` (`code`,`name`,`type`,`url`,`order_no`,`updater`,`update_datetime`,`remark`,`parent_code`) VALUES ('HTWTSM201800001000000004','新增','2','/add','1','admin',now(),'','HTWTSM201800001000000003');
INSERT INTO `tsys_menu` (`code`,`name`,`type`,`url`,`order_no`,`updater`,`update_datetime`,`remark`,`parent_code`) VALUES ('SM201804241904336827315','业务管理','1','#','1','admin',now(),'','HTWTSM201800000000000000');
INSERT INTO `tsys_menu` (`code`,`name`,`type`,`url`,`order_no`,`updater`,`update_datetime`,`remark`,`parent_code`) VALUES ('SM201804241905224096392','修改','2','/edit','2','admin',now(),'','HTWTSM201800001000000003');
INSERT INTO `tsys_menu` (`code`,`name`,`type`,`url`,`order_no`,`updater`,`update_datetime`,`remark`,`parent_code`) VALUES ('SM201804242138443236748','运营管理','1','#','1','admin',now(),'','HTWTSM201800001000000001');
INSERT INTO `tsys_menu` (`code`,`name`,`type`,`url`,`order_no`,`updater`,`update_datetime`,`remark`,`parent_code`) VALUES ('SM201804242141231816698','角色管理','1','/system/role.htm','1','admin',now(),'','SM201804242138443236748');
INSERT INTO `tsys_menu` (`code`,`name`,`type`,`url`,`order_no`,`updater`,`update_datetime`,`remark`,`parent_code`) VALUES ('SM201804242142138278448','用户管理','1','/system/user.htm','1','admin',now(),'','SM201804242138443236748');
INSERT INTO `tsys_menu` (`code`,`name`,`type`,`url`,`order_no`,`updater`,`update_datetime`,`remark`,`parent_code`) VALUES ('SM201804242144385705547','系统参数管理','1','/system/sysPara.htm','1','admin',now(),'','HTWTSM201800001000000002');
INSERT INTO `tsys_menu` (`code`,`name`,`type`,`url`,`order_no`,`updater`,`update_datetime`,`remark`,`parent_code`) VALUES ('SM201804242145538683194','数据字典管理','1','/system/dataDict.htm','1','admin',now(),'','HTWTSM201800001000000002');
INSERT INTO `tsys_menu` (`code`,`name`,`type`,`url`,`order_no`,`updater`,`update_datetime`,`remark`,`parent_code`) VALUES ('SM201804242145538681651','分配菜单','2','/change','4','admin',now(),NULL,'SM201804242141231816698');
INSERT INTO `tsys_menu` (`code`,`name`,`type`,`url`,`order_no`,`updater`,`update_datetime`,`remark`,`parent_code`) VALUES ('SM201804251546009598082','财务管理','1','#','1','admin',now(),'','HTWTSM201800000000000000');
INSERT INTO `tsys_menu` (`code`,`name`,`type`,`url`,`order_no`,`updater`,`update_datetime`,`remark`,`parent_code`) VALUES ('SM201804251546303774373','统计分析','1','#','1','admin',now(),'','HTWTSM201800000000000000');
INSERT INTO `tsys_menu` (`code`,`name`,`type`,`url`,`order_no`,`updater`,`update_datetime`,`remark`,`parent_code`) VALUES ('SM201804251551209812232','通知管理','1','#','3','admin',now(),'','HTWTSM201800001000000001');
INSERT INTO `tsys_menu` (`code`,`name`,`type`,`url`,`order_no`,`updater`,`update_datetime`,`remark`,`parent_code`) VALUES ('SM201804251552372043999','文章管理','1','#','5','admin',now(),'','HTWTSM201800001000000001');
INSERT INTO `tsys_menu` (`code`,`name`,`type`,`url`,`order_no`,`updater`,`update_datetime`,`remark`,`parent_code`) VALUES ('SM201804251553599006810','关于我们','1','/public/aboutus_addedit.htm','1','admin',now(),'','SM201804251552372043999');
INSERT INTO `tsys_menu` (`code`,`name`,`type`,`url`,`order_no`,`updater`,`update_datetime`,`remark`,`parent_code`) VALUES ('SM201804251555317408123','服务热线','1','/public/hotline_addedit.htm','1','admin',now(),'','SM201804251552372043999');
INSERT INTO `tsys_menu` (`code`,`name`,`type`,`url`,`order_no`,`updater`,`update_datetime`,`remark`,`parent_code`) VALUES ('SM201804251556195766046','服务时间','1','/public/time_addedit.htm','1','admin',now(),'','SM201804251552372043999');
INSERT INTO `tsys_menu` (`code`,`name`,`type`,`url`,`order_no`,`updater`,`update_datetime`,`remark`,`parent_code`) VALUES ('SM201804251636229258354','广告位管理','1','#','6','admin',now(),'','HTWTSM201800001000000001');
INSERT INTO `tsys_menu` (`code`,`name`,`type`,`url`,`order_no`,`updater`,`update_datetime`,`remark`,`parent_code`) VALUES ('SM201804251637301909818','banner管理','1','/public/banner.htm','1','admin',now(),'','SM201804251636229258354');
INSERT INTO `tsys_menu` (`code`,`name`,`type`,`url`,`order_no`,`updater`,`update_datetime`,`remark`,`parent_code`) VALUES ('SM201804251641205262986','公告管理','1','/public/notice.htm','1','admin',now(),'','SM201804251551209812232');
INSERT INTO `tsys_menu` (`code`,`name`,`type`,`url`,`order_no`,`updater`,`update_datetime`,`remark`,`parent_code`) VALUES ('SM201804251641553306649','短信推送','1','#','2','admin',now(),'','SM201804251551209812232');
INSERT INTO `tsys_menu` (`code`,`name`,`type`,`url`,`order_no`,`updater`,`update_datetime`,`remark`,`parent_code`) VALUES ('SM201804251642194522625','极光推送','1','#','3','admin',now(),'','SM201804251551209812232');
INSERT INTO `tsys_menu` (`code`,`name`,`type`,`url`,`order_no`,`updater`,`update_datetime`,`remark`,`parent_code`) VALUES ('SM201804251644341488287','新增','2','/add','1','admin',now(),'','SM201804242141231816698');
INSERT INTO `tsys_menu` (`code`,`name`,`type`,`url`,`order_no`,`updater`,`update_datetime`,`remark`,`parent_code`) VALUES ('SM201804251646149125308','删除','2','/delete','2','admin',now(),'','SM201804242141231816698');
INSERT INTO `tsys_menu` (`code`,`name`,`type`,`url`,`order_no`,`updater`,`update_datetime`,`remark`,`parent_code`) VALUES ('SM201804251647429608504','修改','2','/edit','3','admin',now(),'','SM201804242141231816698');
INSERT INTO `tsys_menu` (`code`,`name`,`type`,`url`,`order_no`,`updater`,`update_datetime`,`remark`,`parent_code`) VALUES ('SM201804251720368955246','新增','2','/add','1','admin',now(),'','SM201804242142138278448');
INSERT INTO `tsys_menu` (`code`,`name`,`type`,`url`,`order_no`,`updater`,`update_datetime`,`remark`,`parent_code`) VALUES ('SM201804251721516584466','重置密码','2','/reset','3','admin',now(),'','SM201804242142138278448');
INSERT INTO `tsys_menu` (`code`,`name`,`type`,`url`,`order_no`,`updater`,`update_datetime`,`remark`,`parent_code`) VALUES ('SM201804251731271739441','修改','2','/edit','1','admin',now(),'','SM201804242144385705547');
INSERT INTO `tsys_menu` (`code`,`name`,`type`,`url`,`order_no`,`updater`,`update_datetime`,`remark`,`parent_code`) VALUES ('SM201804251900329131980','新增','2','/add','1','admin',now(),'','SM201804251637301909818');
INSERT INTO `tsys_menu` (`code`,`name`,`type`,`url`,`order_no`,`updater`,`update_datetime`,`remark`,`parent_code`) VALUES ('SM201804251900597489830','修改','2','/edit','2','admin',now(),'','SM201804251637301909818');
INSERT INTO `tsys_menu` (`code`,`name`,`type`,`url`,`order_no`,`updater`,`update_datetime`,`remark`,`parent_code`) VALUES ('SM201804251902302794248','详情','2','/detail','4','admin',now(),'','SM201804251637301909818');
INSERT INTO `tsys_menu` (`code`,`name`,`type`,`url`,`order_no`,`updater`,`update_datetime`,`remark`,`parent_code`) VALUES ('SM201804251904256377856','修改','2','/edit','1','admin',now(),'','SM201804242145538683194');
INSERT INTO `tsys_menu` (`code`,`name`,`type`,`url`,`order_no`,`updater`,`update_datetime`,`remark`,`parent_code`) VALUES ('SM201804260952290167273','新增','2','/add','1','admin',now(),'','SM201804251641205262986');
INSERT INTO `tsys_menu` (`code`,`name`,`type`,`url`,`order_no`,`updater`,`update_datetime`,`remark`,`parent_code`) VALUES ('SM201804260952594382716','修改','2','/edit','2','admin',now(),'','SM201804251641205262986');
INSERT INTO `tsys_menu` (`code`,`name`,`type`,`url`,`order_no`,`updater`,`update_datetime`,`remark`,`parent_code`) VALUES ('SM201804260953302524771','详情','2','/detail','4','admin',now(),'','SM201804251641205262986');
INSERT INTO `tsys_menu` (`code`,`name`,`type`,`url`,`order_no`,`updater`,`update_datetime`,`remark`,`parent_code`) VALUES ('SM201804260955004909294','发布/撤下','2','/push','3','admin',now(),'','SM201804251641205262986');
INSERT INTO `tsys_menu` (`code`,`name`,`type`,`url`,`order_no`,`updater`,`update_datetime`,`remark`,`parent_code`) VALUES ('SM201804261348514693404','客户管理','1','#','1','admin',now(),'','SM201804241904336827315');
INSERT INTO `tsys_menu` (`code`,`name`,`type`,`url`,`order_no`,`updater`,`update_datetime`,`remark`,`parent_code`) VALUES ('SM201804261349236076566','还款卡管理','1','/biz/refundCard.htm','2','admin',now(),'','SM201804261348514693404');
INSERT INTO `tsys_menu` (`code`,`name`,`type`,`url`,`order_no`,`updater`,`update_datetime`,`remark`,`parent_code`) VALUES ('SM201804261350336763666','会员查询','1','/biz/memberInquiries.htm','1','admin',now(),'','SM201804261348514693404');
INSERT INTO `tsys_menu` (`code`,`name`,`type`,`url`,`order_no`,`updater`,`update_datetime`,`remark`,`parent_code`) VALUES ('SM201804261354138758172','汽车销售方案管理','1','#','2','admin',now(),'','SM201804241904336827315');
INSERT INTO `tsys_menu` (`code`,`name`,`type`,`url`,`order_no`,`updater`,`update_datetime`,`remark`,`parent_code`) VALUES ('SM201804261354380715184','品牌管理','1','/biz/brand.htm','1','admin',now(),'','SM201804261354138758172');
INSERT INTO `tsys_menu` (`code`,`name`,`type`,`url`,`order_no`,`updater`,`update_datetime`,`remark`,`parent_code`) VALUES ('SM201804261354595823870','车系管理','1','/biz/carSeries.htm','2','admin',now(),'','SM201804261354138758172');
INSERT INTO `tsys_menu` (`code`,`name`,`type`,`url`,`order_no`,`updater`,`update_datetime`,`remark`,`parent_code`) VALUES ('SM201804261355188031376','车型管理','1','/biz/carShape.htm','3','admin',now(),'','SM201804261354138758172');
INSERT INTO `tsys_menu` (`code`,`name`,`type`,`url`,`order_no`,`updater`,`update_datetime`,`remark`,`parent_code`) VALUES ('SM201804261355444488601','车贷申请单处理','1','/biz/handleApply.htm','4','admin',now(),'','SM201804261354138758172');
INSERT INTO `tsys_menu` (`code`,`name`,`type`,`url`,`order_no`,`updater`,`update_datetime`,`remark`,`parent_code`) VALUES ('SM201804261356113521261','历史申请单管理','1','/biz/historicalApply.htm','5','admin',now(),'','SM201804261354138758172');
INSERT INTO `tsys_menu` (`code`,`name`,`type`,`url`,`order_no`,`updater`,`update_datetime`,`remark`,`parent_code`) VALUES ('SM201804261442135927079','激活 / 注销','2','/rock','2','admin',now(),'','SM201804261350336763666');
INSERT INTO `tsys_menu` (`code`,`name`,`type`,`url`,`order_no`,`updater`,`update_datetime`,`remark`,`parent_code`) VALUES ('SM201804261442413839763','详情','2','/detail','3','admin',now(),'','SM201804261350336763666');
INSERT INTO `tsys_menu` (`code`,`name`,`type`,`url`,`order_no`,`updater`,`update_datetime`,`remark`,`parent_code`) VALUES ('SM201804261443038387310','导出','2','/export','4','admin',now(),'','SM201804261350336763666');
INSERT INTO `tsys_menu` (`code`,`name`,`type`,`url`,`order_no`,`updater`,`update_datetime`,`remark`,`parent_code`) VALUES ('SM201804261455330386632','新增','2','/add','1','admin',now(),'','SM201804261354380715184');
INSERT INTO `tsys_menu` (`code`,`name`,`type`,`url`,`order_no`,`updater`,`update_datetime`,`remark`,`parent_code`) VALUES ('SM201804261456026756527','修改','2','/edit','2','admin',now(),'','SM201804261354380715184');
INSERT INTO `tsys_menu` (`code`,`name`,`type`,`url`,`order_no`,`updater`,`update_datetime`,`remark`,`parent_code`) VALUES ('SM201804261456503673631','上架','2','/onShelf','3','admin',now(),'','SM201804261354380715184');
INSERT INTO `tsys_menu` (`code`,`name`,`type`,`url`,`order_no`,`updater`,`update_datetime`,`remark`,`parent_code`) VALUES ('SM201804261457247095405','下架','2','/lower','4','admin',now(),'','SM201804261354380715184');
INSERT INTO `tsys_menu` (`code`,`name`,`type`,`url`,`order_no`,`updater`,`update_datetime`,`remark`,`parent_code`) VALUES ('SM201804261457540441246','详情','2','/detail','5','admin',now(),'','SM201804261354380715184');
INSERT INTO `tsys_menu` (`code`,`name`,`type`,`url`,`order_no`,`updater`,`update_datetime`,`remark`,`parent_code`) VALUES ('SM201804261916138008548','激活 / 注销','2','/rock','4','admin',now(),'','SM201804242142138278448');
INSERT INTO `tsys_menu` (`code`,`name`,`type`,`url`,`order_no`,`updater`,`update_datetime`,`remark`,`parent_code`) VALUES ('SM201804262141502085147','设置角色','2','/assign','5','admin',now(),'','SM201804242142138278448');
INSERT INTO `tsys_menu` (`code`,`name`,`type`,`url`,`order_no`,`updater`,`update_datetime`,`remark`,`parent_code`) VALUES ('SM201804271533135687170','新增','2','/add','1','admin',now(),'','SM201804261354595823870');
INSERT INTO `tsys_menu` (`code`,`name`,`type`,`url`,`order_no`,`updater`,`update_datetime`,`remark`,`parent_code`) VALUES ('SM201804271533373702079','修改','2','/edit','2','admin',now(),'','SM201804261354595823870');
INSERT INTO `tsys_menu` (`code`,`name`,`type`,`url`,`order_no`,`updater`,`update_datetime`,`remark`,`parent_code`) VALUES ('SM201804271534051688530','上架','2','/onShelfSys','3','admin',now(),'','SM201804261354595823870');
INSERT INTO `tsys_menu` (`code`,`name`,`type`,`url`,`order_no`,`updater`,`update_datetime`,`remark`,`parent_code`) VALUES ('SM201804271534266319193','下架','2','/lowerSys','4','admin',now(),'','SM201804261354595823870');
INSERT INTO `tsys_menu` (`code`,`name`,`type`,`url`,`order_no`,`updater`,`update_datetime`,`remark`,`parent_code`) VALUES ('SM201804271534490278831','详情','2','/detail','5','admin',now(),'','SM201804261354595823870');
INSERT INTO `tsys_menu` (`code`,`name`,`type`,`url`,`order_no`,`updater`,`update_datetime`,`remark`,`parent_code`) VALUES ('SM201804271633137256879','增加','2','/add','1','admin',now(),'','SM201804261355188031376');
INSERT INTO `tsys_menu` (`code`,`name`,`type`,`url`,`order_no`,`updater`,`update_datetime`,`remark`,`parent_code`) VALUES ('SM201804271633381096603','修改','2','/edit','2','admin',now(),'','SM201804261355188031376');
INSERT INTO `tsys_menu` (`code`,`name`,`type`,`url`,`order_no`,`updater`,`update_datetime`,`remark`,`parent_code`) VALUES ('SM201804271634353025309','上架','2','/onShelfShe','3','admin',now(),'','SM201804261355188031376');
INSERT INTO `tsys_menu` (`code`,`name`,`type`,`url`,`order_no`,`updater`,`update_datetime`,`remark`,`parent_code`) VALUES ('SM201804271635122545502','下架','2','/lowerShe','4','admin',now(),'','SM201804261355188031376');
INSERT INTO `tsys_menu` (`code`,`name`,`type`,`url`,`order_no`,`updater`,`update_datetime`,`remark`,`parent_code`) VALUES ('SM201804271635347336057','详情','2','/detail','5','admin',now(),'','SM201804261355188031376');
INSERT INTO `tsys_menu` (`code`,`name`,`type`,`url`,`order_no`,`updater`,`update_datetime`,`remark`,`parent_code`) VALUES ('SM201804271733507076601','处理','2','/dispose','1','admin',now(),'','SM201804261355444488601');
INSERT INTO `tsys_menu` (`code`,`name`,`type`,`url`,`order_no`,`updater`,`update_datetime`,`remark`,`parent_code`) VALUES ('SM201804271734340343650','详情','2','/detail','2','admin',now(),'','SM201804261355444488601');
INSERT INTO `tsys_menu` (`code`,`name`,`type`,`url`,`order_no`,`updater`,`update_datetime`,`remark`,`parent_code`) VALUES ('SM201804271801337258756','车辆贷后还款管理','1','#','5','admin',now(),'','SM201804241904336827315');
INSERT INTO `tsys_menu` (`code`,`name`,`type`,`url`,`order_no`,`updater`,`update_datetime`,`remark`,`parent_code`) VALUES ('SM201804271802149312624','车贷业务管理','1','/biz/carLoanBusiness.htm','5','admin',now(),'','SM201804271801337258756');
INSERT INTO `tsys_menu` (`code`,`name`,`type`,`url`,`order_no`,`updater`,`update_datetime`,`remark`,`parent_code`) VALUES ('SM201804271804131056703','还款业务管理','1','/biz/refundBusiness.htm','6','admin',now(),'','SM201804271801337258756');
INSERT INTO `tsys_menu` (`code`,`name`,`type`,`url`,`order_no`,`updater`,`update_datetime`,`remark`,`parent_code`) VALUES ('SM201804271806010518814','逾期名单','1','/biz/overdueList.htm','8','admin',now(),'','SM201804271801337258756');
INSERT INTO `tsys_menu` (`code`,`name`,`type`,`url`,`order_no`,`updater`,`update_datetime`,`remark`,`parent_code`) VALUES ('SM201804271806335389896','绿名单','1','/biz/greenList.htm','9','admin',now(),'','SM201804271801337258756');
INSERT INTO `tsys_menu` (`code`,`name`,`type`,`url`,`order_no`,`updater`,`update_datetime`,`remark`,`parent_code`) VALUES ('SM201804301405228059456','商品分期管理','1','#','7','admin',now(),'','SM201804241904336827315');
INSERT INTO `tsys_menu` (`code`,`name`,`type`,`url`,`order_no`,`updater`,`update_datetime`,`remark`,`parent_code`) VALUES ('SM201804301405471661433','类别管理','1','/wares/category.htm','1','admin',now(),'','SM201804301405228059456');
INSERT INTO `tsys_menu` (`code`,`name`,`type`,`url`,`order_no`,`updater`,`update_datetime`,`remark`,`parent_code`) VALUES ('SM201804301406116552892','商品管理','1','/wares/commodity.htm','2','admin',now(),'','SM201804301405228059456');
INSERT INTO `tsys_menu` (`code`,`name`,`type`,`url`,`order_no`,`updater`,`update_datetime`,`remark`,`parent_code`) VALUES ('SM201804301406356625671','订单管理','1','/wares/order.htm','3','admin',now(),'','SM201804301405228059456');
INSERT INTO `tsys_menu` (`code`,`name`,`type`,`url`,`order_no`,`updater`,`update_datetime`,`remark`,`parent_code`) VALUES ('SM201804301407183648138','还款业务管理','1','/biz/refundBusinessGoods.htm','4','admin',now(),'','SM201804301405228059456');
INSERT INTO `tsys_menu` (`code`,`name`,`type`,`url`,`order_no`,`updater`,`update_datetime`,`remark`,`parent_code`) VALUES ('SM201804301408090236536','当月还款名单','1','/biz/refundList.htm','5','admin',now(),'','SM201804301405228059456');
INSERT INTO `tsys_menu` (`code`,`name`,`type`,`url`,`order_no`,`updater`,`update_datetime`,`remark`,`parent_code`) VALUES ('SM201804301408366544676','逾期名单','1','/biz/overdueList.htm','6','admin',now(),'','SM201804301405228059456');
INSERT INTO `tsys_menu` (`code`,`name`,`type`,`url`,`order_no`,`updater`,`update_datetime`,`remark`,`parent_code`) VALUES ('SM201804301409101479675','绿名单','1','/biz/greenList.htm','7','admin',now(),'','SM201804301405228059456');
INSERT INTO `tsys_menu` (`code`,`name`,`type`,`url`,`order_no`,`updater`,`update_datetime`,`remark`,`parent_code`) VALUES ('SM201804301409426698234','黑名单','1','/biz/blackList.htm','8','admin',now(),'','SM201804301405228059456');
INSERT INTO `tsys_menu` (`code`,`name`,`type`,`url`,`order_no`,`updater`,`update_datetime`,`remark`,`parent_code`) VALUES ('SM201804301410177164183','历史业务管理','1','/biz/historyBusinessManage.htm','9','admin',now(),'','SM201804301405228059456');
INSERT INTO `tsys_menu` (`code`,`name`,`type`,`url`,`order_no`,`updater`,`update_datetime`,`remark`,`parent_code`) VALUES ('SM201804301411257273786','业务规则','1','#','8','admin',now(),'','SM201804241904336827315');
INSERT INTO `tsys_menu` (`code`,`name`,`type`,`url`,`order_no`,`updater`,`update_datetime`,`remark`,`parent_code`) VALUES ('SM201804301412106351850','信用分规则','1','/integral/credit.htm','1','admin',now(),'','SM201804301411257273786');
INSERT INTO `tsys_menu` (`code`,`name`,`type`,`url`,`order_no`,`updater`,`update_datetime`,`remark`,`parent_code`) VALUES ('SM201804301412402254324','积分规则','1','/integral/integral.htm','2','admin',now(),'','SM201804301411257273786');
INSERT INTO `tsys_menu` (`code`,`name`,`type`,`url`,`order_no`,`updater`,`update_datetime`,`remark`,`parent_code`) VALUES ('SM201804301413103705972','积分兑换规则','1','/integral/integralexchange.htm','3','admin',now(),'','SM201804301411257273786');
INSERT INTO `tsys_menu` (`code`,`name`,`type`,`url`,`order_no`,`updater`,`update_datetime`,`remark`,`parent_code`) VALUES ('SM201804301415107007680','基础数据','1','#','9','admin',now(),'','SM201804241904336827315');
INSERT INTO `tsys_menu` (`code`,`name`,`type`,`url`,`order_no`,`updater`,`update_datetime`,`remark`,`parent_code`) VALUES ('SM201804301415439657360','车贷期数管理','1','/basedata/carloan.html','1','admin',now(),'','SM201804301415107007680');
INSERT INTO `tsys_menu` (`code`,`name`,`type`,`url`,`order_no`,`updater`,`update_datetime`,`remark`,`parent_code`) VALUES ('SM201804301416129975829','商品期数管理','1','/basedata/goodsloan.htm','2','admin',now(),'','SM201804301415107007680');
INSERT INTO `tsys_menu` (`code`,`name`,`type`,`url`,`order_no`,`updater`,`update_datetime`,`remark`,`parent_code`) VALUES ('SM201804301416500665320','提前还款服务费管理','1','/basedata/beforeloan.htm','3','admin',now(),'','SM201804301415107007680');
INSERT INTO `tsys_menu` (`code`,`name`,`type`,`url`,`order_no`,`updater`,`update_datetime`,`remark`,`parent_code`) VALUES ('SM201804301417154135904','银行管理','1','/basedata/bank.htm','4','admin',now(),'','SM201804301415107007680');
INSERT INTO `tsys_menu` (`code`,`name`,`type`,`url`,`order_no`,`updater`,`update_datetime`,`remark`,`parent_code`) VALUES ('SM201804301419295446882','平台账户','1','#','1','admin',now(),'','SM201804251546009598082');
INSERT INTO `tsys_menu` (`code`,`name`,`type`,`url`,`order_no`,`updater`,`update_datetime`,`remark`,`parent_code`) VALUES ('SM201804301420285181532','盈亏余额','1','/finance/breakBalance.htm','1','admin',now(),'','SM201804301419295446882');
INSERT INTO `tsys_menu` (`code`,`name`,`type`,`url`,`order_no`,`updater`,`update_datetime`,`remark`,`parent_code`) VALUES ('SM201804301420521954097','流水查询','1','/finance/platform_ledger.htm','2','admin',now(),'','SM201804301419295446882');
INSERT INTO `tsys_menu` (`code`,`name`,`type`,`url`,`order_no`,`updater`,`update_datetime`,`remark`,`parent_code`) VALUES ('SM201804301421521342427','线下取现','1','#','2','admin',now(),'','SM201804251546009598082');
INSERT INTO `tsys_menu` (`code`,`name`,`type`,`url`,`order_no`,`updater`,`update_datetime`,`remark`,`parent_code`) VALUES ('SM201804301422259476511','取现规则','1','/finance/enchashmentRule.htm','1','admin',now(),'','SM201804301421521342427');
INSERT INTO `tsys_menu` (`code`,`name`,`type`,`url`,`order_no`,`updater`,`update_datetime`,`remark`,`parent_code`) VALUES ('SM201804301422537086327','线下取现','1','/finance/underEnchashment.htm','2','admin',now(),'','SM201804301421521342427');
INSERT INTO `tsys_menu` (`code`,`name`,`type`,`url`,`order_no`,`updater`,`update_datetime`,`remark`,`parent_code`) VALUES ('SM201804301423210056970','取现查询','1','/finance/enchashments.htm','3','admin',now(),'','SM201804301421521342427');
INSERT INTO `tsys_menu` (`code`,`name`,`type`,`url`,`order_no`,`updater`,`update_datetime`,`remark`,`parent_code`) VALUES ('SM201805071516186994661','新增','2','/add','1','admin',now(),'','SM201804271802149312624');
INSERT INTO `tsys_menu` (`code`,`name`,`type`,`url`,`order_no`,`updater`,`update_datetime`,`remark`,`parent_code`) VALUES ('SM201805071540264947371','修改','2','/edit','2','admin',now(),'','SM201804271802149312624');
INSERT INTO `tsys_menu` (`code`,`name`,`type`,`url`,`order_no`,`updater`,`update_datetime`,`remark`,`parent_code`) VALUES ('SM201805071542045077550','审核','2','/check','3','admin',now(),'','SM201804271802149312624');
INSERT INTO `tsys_menu` (`code`,`name`,`type`,`url`,`order_no`,`updater`,`update_datetime`,`remark`,`parent_code`) VALUES ('SM201805071542510898778','详情','2','/detail','4','admin',now(),'','SM201804271802149312624');
INSERT INTO `tsys_menu` (`code`,`name`,`type`,`url`,`order_no`,`updater`,`update_datetime`,`remark`,`parent_code`) VALUES ('SM201805081056379762242','当月还款名单','1','/biz/refundList.htm','7','admin',now(),'','SM201804271801337258756');
INSERT INTO `tsys_menu` (`code`,`name`,`type`,`url`,`order_no`,`updater`,`update_datetime`,`remark`,`parent_code`) VALUES ('SM201805081102218914268','历史业务管理','1','/biz/historyBusinessManage.htm','97','admin',now(),'','SM201804271801337258756');
INSERT INTO `tsys_menu` (`code`,`name`,`type`,`url`,`order_no`,`updater`,`update_datetime`,`remark`,`parent_code`) VALUES ('SM201805081434065688426','还款计划','2','/refundplan','1','admin',now(),'','SM201804271804131056703');
INSERT INTO `tsys_menu` (`code`,`name`,`type`,`url`,`order_no`,`updater`,`update_datetime`,`remark`,`parent_code`) VALUES ('SM201805081702005449690','详情','2','/detail','1','admin',now(),'','SM201804301410177164183');
INSERT INTO `tsys_menu` (`code`,`name`,`type`,`url`,`order_no`,`updater`,`update_datetime`,`remark`,`parent_code`) VALUES ('SM201805081703219956551','处理','2','/dispose','1','admin',now(),'','SM201804271807006759984');
INSERT INTO `tsys_menu` (`code`,`name`,`type`,`url`,`order_no`,`updater`,`update_datetime`,`remark`,`parent_code`) VALUES ('SM201805081703478765902','详情','2','/detail','2','admin',now(),'','SM201804271807006759984');
INSERT INTO `tsys_menu` (`code`,`name`,`type`,`url`,`order_no`,`updater`,`update_datetime`,`remark`,`parent_code`) VALUES ('SM201805081705114533419','缴纳清收成本','2','/payment','1','admin',now(),'','SM201804271806335389896');
INSERT INTO `tsys_menu` (`code`,`name`,`type`,`url`,`order_no`,`updater`,`update_datetime`,`remark`,`parent_code`) VALUES ('SM201805081705485635544','详情','2','/detail','2','admin',now(),'','SM201804271806335389896');
INSERT INTO `tsys_menu` (`code`,`name`,`type`,`url`,`order_no`,`updater`,`update_datetime`,`remark`,`parent_code`) VALUES ('SM201805081710209032086','短信催收','2','/message','1','admin',now(),'','SM201804271806010518814');
INSERT INTO `tsys_menu` (`code`,`name`,`type`,`url`,`order_no`,`updater`,`update_datetime`,`remark`,`parent_code`) VALUES ('SM201805081713364106306','推送消息催收','2','/sendMessage','2','admin',now(),'','SM201804271806010518814');
INSERT INTO `tsys_menu` (`code`,`name`,`type`,`url`,`order_no`,`updater`,`update_datetime`,`remark`,`parent_code`) VALUES ('SM201805081714299133603','逾期处理','2','/overdue','3','admin',now(),'','SM201804271806010518814');
INSERT INTO `tsys_menu` (`code`,`name`,`type`,`url`,`order_no`,`updater`,`update_datetime`,`remark`,`parent_code`) VALUES ('SM201805081715003349937','详情','2','/detail','4','admin',now(),'','SM201804271806010518814');
INSERT INTO `tsys_menu` (`code`,`name`,`type`,`url`,`order_no`,`updater`,`update_datetime`,`remark`,`parent_code`) VALUES ('SM201805081715471104981','短信催收','2','/message','1','admin',now(),'','SM201804301408090236536');
INSERT INTO `tsys_menu` (`code`,`name`,`type`,`url`,`order_no`,`updater`,`update_datetime`,`remark`,`parent_code`) VALUES ('SM201805081716404085782','推送消息催收','2','/sendMessage','2','admin',now(),'','SM201804301408090236536');
INSERT INTO `tsys_menu` (`code`,`name`,`type`,`url`,`order_no`,`updater`,`update_datetime`,`remark`,`parent_code`) VALUES ('SM201805081717095256579','详情','2','/detail','3','admin',now(),'','SM201804301408090236536');
INSERT INTO `tsys_menu` (`code`,`name`,`type`,`url`,`order_no`,`updater`,`update_datetime`,`remark`,`parent_code`) VALUES ('SM201805081718535897157','还款卡变更','2','/changeCard','2','admin',now(),'','SM201804271804131056703');
INSERT INTO `tsys_menu` (`code`,`name`,`type`,`url`,`order_no`,`updater`,`update_datetime`,`remark`,`parent_code`) VALUES ('SM201805081719260431762','确认结清','2','/certain','3','admin',now(),'','SM201804271804131056703');
INSERT INTO `tsys_menu` (`code`,`name`,`type`,`url`,`order_no`,`updater`,`update_datetime`,`remark`,`parent_code`) VALUES ('SM201805081719507452259','详情','2','/detail','4','admin',now(),'','SM201804271804131056703');
INSERT INTO `tsys_menu` (`code`,`name`,`type`,`url`,`order_no`,`updater`,`update_datetime`,`remark`,`parent_code`) VALUES ('SM201805081727132534557','短信催收','2','/message','1','admin',now(),'','SM201805081056379762242');
INSERT INTO `tsys_menu` (`code`,`name`,`type`,`url`,`order_no`,`updater`,`update_datetime`,`remark`,`parent_code`) VALUES ('SM201805081728455223975','消息推送提醒','2','/sendMessage','2','admin',now(),'','SM201805081056379762242');
INSERT INTO `tsys_menu` (`code`,`name`,`type`,`url`,`order_no`,`updater`,`update_datetime`,`remark`,`parent_code`) VALUES ('SM201805081729389868979','详情','2','/detail','3','admin',now(),'','SM201805081056379762242');
INSERT INTO `tsys_menu` (`code`,`name`,`type`,`url`,`order_no`,`updater`,`update_datetime`,`remark`,`parent_code`) VALUES ('SM201805081730223045783','详情','2','/detail','1','admin',now(),'','SM201805081102218914268');
INSERT INTO `tsys_menu` (`code`,`name`,`type`,`url`,`order_no`,`updater`,`update_datetime`,`remark`,`parent_code`) VALUES ('SM201805151137041937983','新增','2','/add','1','admin',now(),'','SM201804301405471661433');
INSERT INTO `tsys_menu` (`code`,`name`,`type`,`url`,`order_no`,`updater`,`update_datetime`,`remark`,`parent_code`) VALUES ('SM201805151138030687340','修改','2','/edit','2','admin',now(),'','SM201804301405471661433');
INSERT INTO `tsys_menu` (`code`,`name`,`type`,`url`,`order_no`,`updater`,`update_datetime`,`remark`,`parent_code`) VALUES ('SM201805151139084406337','上架','2','/onShelf','3','admin',now(),'','SM201804301405471661433');
INSERT INTO `tsys_menu` (`code`,`name`,`type`,`url`,`order_no`,`updater`,`update_datetime`,`remark`,`parent_code`) VALUES ('SM201805151139420921219','下架','2','/lower','4','admin',now(),'','SM201804301405471661433');
INSERT INTO `tsys_menu` (`code`,`name`,`type`,`url`,`order_no`,`updater`,`update_datetime`,`remark`,`parent_code`) VALUES ('SM201805151140189894428','详情','2','/detail','5','admin',now(),'','SM201804301405471661433');
INSERT INTO `tsys_menu` (`code`,`name`,`type`,`url`,`order_no`,`updater`,`update_datetime`,`remark`,`parent_code`) VALUES ('SM201805151141041687260','新增','2','/add','1','admin',now(),'','SM201804301406116552892');
INSERT INTO `tsys_menu` (`code`,`name`,`type`,`url`,`order_no`,`updater`,`update_datetime`,`remark`,`parent_code`) VALUES ('SM201805151141485448437','修改','2','/edit','2','admin',now(),'','SM201804301406116552892');
INSERT INTO `tsys_menu` (`code`,`name`,`type`,`url`,`order_no`,`updater`,`update_datetime`,`remark`,`parent_code`) VALUES ('SM201805151142343848298','上架','2','/onShelf','3','admin',now(),'','SM201804301406116552892');
INSERT INTO `tsys_menu` (`code`,`name`,`type`,`url`,`order_no`,`updater`,`update_datetime`,`remark`,`parent_code`) VALUES ('SM201805151143052326946','下架','2','/lower','4','admin',now(),'','SM201804301406116552892');
INSERT INTO `tsys_menu` (`code`,`name`,`type`,`url`,`order_no`,`updater`,`update_datetime`,`remark`,`parent_code`) VALUES ('SM201805151143309479378','详情','2','/detail','5','admin',now(),'','SM201804301406116552892');
INSERT INTO `tsys_menu` (`code`,`name`,`type`,`url`,`order_no`,`updater`,`update_datetime`,`remark`,`parent_code`) VALUES ('SM201805151145201447930','发货','2','/shipments','1','admin',now(),'','SM201804301406356625671');
INSERT INTO `tsys_menu` (`code`,`name`,`type`,`url`,`order_no`,`updater`,`update_datetime`,`remark`,`parent_code`) VALUES ('SM201805151147165116182','确认收货','2','/receiveGoods','2','admin',now(),'','SM201804301406356625671');
INSERT INTO `tsys_menu` (`code`,`name`,`type`,`url`,`order_no`,`updater`,`update_datetime`,`remark`,`parent_code`) VALUES ('SM201805151147580028177','取消订单','2','/cancel','3','admin',now(),'','SM201804301406356625671');
INSERT INTO `tsys_menu` (`code`,`name`,`type`,`url`,`order_no`,`updater`,`update_datetime`,`remark`,`parent_code`) VALUES ('SM201805151148197519303','详情','2','/detail','4','admin',now(),'','SM201804301406356625671');
INSERT INTO `tsys_menu` (`code`,`name`,`type`,`url`,`order_no`,`updater`,`update_datetime`,`remark`,`parent_code`) VALUES ('SM201805151151181387207','还款计划','2','/refundplan','1','admin',now(),'','SM201804301407183648138');
INSERT INTO `tsys_menu` (`code`,`name`,`type`,`url`,`order_no`,`updater`,`update_datetime`,`remark`,`parent_code`) VALUES ('SM201805151153057668299','还款卡变更','2','/changeCard','2','admin',now(),'','SM201804301407183648138');
INSERT INTO `tsys_menu` (`code`,`name`,`type`,`url`,`order_no`,`updater`,`update_datetime`,`remark`,`parent_code`) VALUES ('SM201805151154328874151','确认结清','2','/certain','3','admin',now(),'','SM201804301407183648138');
INSERT INTO `tsys_menu` (`code`,`name`,`type`,`url`,`order_no`,`updater`,`update_datetime`,`remark`,`parent_code`) VALUES ('SM201805151155040199977','详情','2','/detail','4','admin',now(),'','SM201804301407183648138');
INSERT INTO `tsys_menu` (`code`,`name`,`type`,`url`,`order_no`,`updater`,`update_datetime`,`remark`,`parent_code`) VALUES ('SM201805151353129675281','短信催收','2','/message','1','admin',now(),'','SM201804301408366544676');
INSERT INTO `tsys_menu` (`code`,`name`,`type`,`url`,`order_no`,`updater`,`update_datetime`,`remark`,`parent_code`) VALUES ('SM201805151354232909462','消息推送提醒','2','/sendMessage','2','admin',now(),'','SM201804301408366544676');
INSERT INTO `tsys_menu` (`code`,`name`,`type`,`url`,`order_no`,`updater`,`update_datetime`,`remark`,`parent_code`) VALUES ('SM201805151355184302637','逾期处理','2','/overdue','3','admin',now(),'','SM201804301408366544676');
INSERT INTO `tsys_menu` (`code`,`name`,`type`,`url`,`order_no`,`updater`,`update_datetime`,`remark`,`parent_code`) VALUES ('SM201805151355369398997','详情','2','/detail','4','admin',now(),'','SM201804301408366544676');
INSERT INTO `tsys_menu` (`code`,`name`,`type`,`url`,`order_no`,`updater`,`update_datetime`,`remark`,`parent_code`) VALUES ('SM201805151416304735967','修改','2','/edit','1','admin',now(),'','SM201804301412106351850');
INSERT INTO `tsys_menu` (`code`,`name`,`type`,`url`,`order_no`,`updater`,`update_datetime`,`remark`,`parent_code`) VALUES ('SM201805151417051479254','修改','2','/edit','1','admin',now(),'','SM201804301412402254324');
INSERT INTO `tsys_menu` (`code`,`name`,`type`,`url`,`order_no`,`updater`,`update_datetime`,`remark`,`parent_code`) VALUES ('SM201805151417381845203','修改','2','/edit','1','admin',now(),'','SM201804301413103705972');
INSERT INTO `tsys_menu` (`code`,`name`,`type`,`url`,`order_no`,`updater`,`update_datetime`,`remark`,`parent_code`) VALUES ('SM201805151423216129694','新增','2','/add','1','admin',now(),'','SM201804301415439657360');
INSERT INTO `tsys_menu` (`code`,`name`,`type`,`url`,`order_no`,`updater`,`update_datetime`,`remark`,`parent_code`) VALUES ('SM201805151424224008814','修改','2','/edit','2','admin',now(),'','SM201804301415439657360');
INSERT INTO `tsys_menu` (`code`,`name`,`type`,`url`,`order_no`,`updater`,`update_datetime`,`remark`,`parent_code`) VALUES ('SM201805151424524473130','删除','2','/delete','3','admin',now(),'','SM201804301415439657360');
INSERT INTO `tsys_menu` (`code`,`name`,`type`,`url`,`order_no`,`updater`,`update_datetime`,`remark`,`parent_code`) VALUES ('SM201805151425376549071','新增','2','/add','1','admin',now(),'','SM201804301416129975829');
INSERT INTO `tsys_menu` (`code`,`name`,`type`,`url`,`order_no`,`updater`,`update_datetime`,`remark`,`parent_code`) VALUES ('SM201805151426036914123','修改','2','/edit','2','admin',now(),'','SM201804301416129975829');
INSERT INTO `tsys_menu` (`code`,`name`,`type`,`url`,`order_no`,`updater`,`update_datetime`,`remark`,`parent_code`) VALUES ('SM201805151426313029248','删除','2','/delete','3','admin',now(),'','SM201804301416129975829');
INSERT INTO `tsys_menu` (`code`,`name`,`type`,`url`,`order_no`,`updater`,`update_datetime`,`remark`,`parent_code`) VALUES ('SM201805151427368418325','新增','2','/add','1','admin',now(),'','SM201804301417154135904');
INSERT INTO `tsys_menu` (`code`,`name`,`type`,`url`,`order_no`,`updater`,`update_datetime`,`remark`,`parent_code`) VALUES ('SM201805151428123357430','修改','2','/edit','2','admin',now(),'','SM201804301417154135904');
INSERT INTO `tsys_menu` (`code`,`name`,`type`,`url`,`order_no`,`updater`,`update_datetime`,`remark`,`parent_code`) VALUES ('SM201805160026263651871','删除','2','/delete','3','admin',now(),'','HTWTSM201800001000000003');
INSERT INTO `tsys_menu` (`code`,`name`,`type`,`url`,`order_no`,`updater`,`update_datetime`,`remark`,`parent_code`) VALUES ('SM201805161535255567110','会员账户','1','#','0','admin',now(),'','SM201804251546009598082');
INSERT INTO `tsys_menu` (`code`,`name`,`type`,`url`,`order_no`,`updater`,`update_datetime`,`remark`,`parent_code`) VALUES ('SM201805161538209633638','账户查询','1','/finance/userAccount.htm','1','admin',now(),'','SM201805161535255567110');
INSERT INTO `tsys_menu` (`code`,`name`,`type`,`url`,`order_no`,`updater`,`update_datetime`,`remark`,`parent_code`) VALUES ('SM201805161539326666369','流水查询','1','/finance/userLedger.htm','2','admin',now(),'','SM201805161535255567110');
INSERT INTO `tsys_menu` (`code`,`name`,`type`,`url`,`order_no`,`updater`,`update_datetime`,`remark`,`parent_code`) VALUES ('SM201805161541576841859','流水','2','/ledger','1','admin',now(),'','SM201805161538209633638');
INSERT INTO `tsys_menu` (`code`,`name`,`type`,`url`,`order_no`,`updater`,`update_datetime`,`remark`,`parent_code`) VALUES ('SM201805161542208535921','导出','2','/export','2','admin',now(),'','SM201805161538209633638');
INSERT INTO `tsys_menu` (`code`,`name`,`type`,`url`,`order_no`,`updater`,`update_datetime`,`remark`,`parent_code`) VALUES ('SM201805161542527058108','详情','2','/detail','1','admin',now(),'','SM201805161539326666369');
INSERT INTO `tsys_menu` (`code`,`name`,`type`,`url`,`order_no`,`updater`,`update_datetime`,`remark`,`parent_code`) VALUES ('SM201805161543096058565','导出','2','/export','2','admin',now(),'','SM201805161539326666369');
INSERT INTO `tsys_menu` (`code`,`name`,`type`,`url`,`order_no`,`updater`,`update_datetime`,`remark`,`parent_code`) VALUES ('SM201805162111333266733','流水','2','/ledger','1','admin',now(),'','SM201804301420285181532');
INSERT INTO `tsys_menu` (`code`,`name`,`type`,`url`,`order_no`,`updater`,`update_datetime`,`remark`,`parent_code`) VALUES ('SM201805162112080719930','导出','2','/export','2','admin',now(),'','SM201804301420285181532');
INSERT INTO `tsys_menu` (`code`,`name`,`type`,`url`,`order_no`,`updater`,`update_datetime`,`remark`,`parent_code`) VALUES ('SM201805162113473389149','详情','2','/detail','1','admin',now(),'','SM201804301420521954097');
INSERT INTO `tsys_menu` (`code`,`name`,`type`,`url`,`order_no`,`updater`,`update_datetime`,`remark`,`parent_code`) VALUES ('SM201805162114525091576','导出','2','/export','2','admin',now(),'','SM201804301420521954097');
INSERT INTO `tsys_menu` (`code`,`name`,`type`,`url`,`order_no`,`updater`,`update_datetime`,`remark`,`parent_code`) VALUES ('SM201805170038079738669','修改','2','/edit','1','admin',now(),'','SM201804301422259476511');
INSERT INTO `tsys_menu` (`code`,`name`,`type`,`url`,`order_no`,`updater`,`update_datetime`,`remark`,`parent_code`) VALUES ('SM201805170158081279481','待申请','2','/add','1','admin',now(),'','SM201804301422537086327');
INSERT INTO `tsys_menu` (`code`,`name`,`type`,`url`,`order_no`,`updater`,`update_datetime`,`remark`,`parent_code`) VALUES ('SM201805170159444298537','审核','2','/examine','2','admin',now(),'','SM201804301422537086327');
INSERT INTO `tsys_menu` (`code`,`name`,`type`,`url`,`order_no`,`updater`,`update_datetime`,`remark`,`parent_code`) VALUES ('SM201805170200351521401','回录','2','/huilu','3','admin',now(),'','SM201804301422537086327');
INSERT INTO `tsys_menu` (`code`,`name`,`type`,`url`,`order_no`,`updater`,`update_datetime`,`remark`,`parent_code`) VALUES ('SM201805170201043545514','详情','2','/detail','4','admin',now(),'','SM201804301422537086327');
INSERT INTO `tsys_menu` (`code`,`name`,`type`,`url`,`order_no`,`updater`,`update_datetime`,`remark`,`parent_code`) VALUES ('SM201805170201355929082','导出','2','/export','5','admin',now(),'','SM201804301422537086327');
INSERT INTO `tsys_menu` (`code`,`name`,`type`,`url`,`order_no`,`updater`,`update_datetime`,`remark`,`parent_code`) VALUES ('SM201805171730323054680','统计分析','1','#','1','admin',now(),'','SM201804251546303774373');
INSERT INTO `tsys_menu` (`code`,`name`,`type`,`url`,`order_no`,`updater`,`update_datetime`,`remark`,`parent_code`) VALUES ('SM201805171747477945012','余额统计分析','1','/statistic/balancedetail.htm','1','admin',now(),'','SM201805171730323054680');
INSERT INTO `tsys_menu` (`code`,`name`,`type`,`url`,`order_no`,`updater`,`update_datetime`,`remark`,`parent_code`) VALUES ('SM201805171749254406565','在保余额','1','/statistic/protect.htm','2','admin',now(),'','SM201805171730323054680');
INSERT INTO `tsys_menu` (`code`,`name`,`type`,`url`,`order_no`,`updater`,`update_datetime`,`remark`,`parent_code`) VALUES ('SM201805171816173306551','添加卡号','2','/add','1','admin',now(),'','SM201804261349236076566');
INSERT INTO `tsys_menu` (`code`,`name`,`type`,`url`,`order_no`,`updater`,`update_datetime`,`remark`,`parent_code`) VALUES ('SM201805171817010037298','修改','2','/edit','2','admin',now(),'','SM201804261349236076566');
INSERT INTO `tsys_menu` (`code`,`name`,`type`,`url`,`order_no`,`updater`,`update_datetime`,`remark`,`parent_code`) VALUES ('SM201805171817249615966','详情','2','/detail','3','admin',now(),'','SM201804261349236076566');
INSERT INTO `tsys_menu` (`code`,`name`,`type`,`url`,`order_no`,`updater`,`update_datetime`,`remark`,`parent_code`) VALUES ('SM201805180831155662239','详情','2','/detail','1','admin',now(),'','SM201804301423210056970');
INSERT INTO `tsys_menu` (`code`,`name`,`type`,`url`,`order_no`,`updater`,`update_datetime`,`remark`,`parent_code`) VALUES ('SM201805180831386254002','导出','2','/export','2','admin',now(),'','SM201804301423210056970');
INSERT INTO `tsys_menu` (`code`,`name`,`type`,`url`,`order_no`,`updater`,`update_datetime`,`remark`,`parent_code`) VALUES ('SM201805202008058702503','详情','2','/add','1','admin',now(),'','SM201804261356113521261');
INSERT INTO `tsys_menu` (`code`,`name`,`type`,`url`,`order_no`,`updater`,`update_datetime`,`remark`,`parent_code`) VALUES ('SM201805291007027185682','车辆贷前管理','1','#','3','admin',now(),'','SM201804241904336827315');
INSERT INTO `tsys_menu` (`code`,`name`,`type`,`url`,`order_no`,`updater`,`update_datetime`,`remark`,`parent_code`) VALUES ('SM201805291008583268448','征信查询','1','/loan/credit.htm','1','admin',now(),'','SM201805291007027185682');
INSERT INTO `tsys_menu` (`code`,`name`,`type`,`url`,`order_no`,`updater`,`update_datetime`,`remark`,`parent_code`) VALUES ('SM201805291013406492370','准入审查','1','/loan/admittance.htm','3','admin',now(),'','SM201805291007027185682');
INSERT INTO `tsys_menu` (`code`,`name`,`type`,`url`,`order_no`,`updater`,`update_datetime`,`remark`,`parent_code`) VALUES ('SM201805291017221547546','面签审核','1','/loan/faceSign.htm','4','admin',now(),'','SM201805291007027185682');
INSERT INTO `tsys_menu` (`code`,`name`,`type`,`url`,`order_no`,`updater`,`update_datetime`,`remark`,`parent_code`) VALUES ('SM201805291018133331107','财务垫资','1','/loan/advMoney.htm','5','admin',now(),'','SM201805291007027185682');
INSERT INTO `tsys_menu` (`code`,`name`,`type`,`url`,`order_no`,`updater`,`update_datetime`,`remark`,`parent_code`) VALUES ('SM201805291022497551066','GPS安装','1','/biz/installGps.htm','1','admin',now(),'','SM201804271801337258756');
INSERT INTO `tsys_menu` (`code`,`name`,`type`,`url`,`order_no`,`updater`,`update_datetime`,`remark`,`parent_code`) VALUES ('SM201805291023424289358','银行放款','1','/biz/bankMoney.htm','2','admin',now(),'','SM201804271801337258756');
INSERT INTO `tsys_menu` (`code`,`name`,`type`,`url`,`order_no`,`updater`,`update_datetime`,`remark`,`parent_code`) VALUES ('SM201805291024417046938','车辆抵押','1','/biz/mortgage.htm','3','admin',now(),'','SM201804271801337258756');
INSERT INTO `tsys_menu` (`code`,`name`,`type`,`url`,`order_no`,`updater`,`update_datetime`,`remark`,`parent_code`) VALUES ('SM201805291025295625074','档案入档','1','/biz/archives.htm','4','admin',now(),'','SM201804271801337258756');
INSERT INTO `tsys_menu` (`code`,`name`,`type`,`url`,`order_no`,`updater`,`update_datetime`,`remark`,`parent_code`) VALUES ('SM201805291030239333610','红名单','1','/biz/redList.htm','91','admin',now(),'','SM201804271801337258756');
INSERT INTO `tsys_menu` (`code`,`name`,`type`,`url`,`order_no`,`updater`,`update_datetime`,`remark`,`parent_code`) VALUES ('SM201805291032194718466','拖车管理','1','/biz/trailer.htm','92','admin',now(),'','SM201804271801337258756');
INSERT INTO `tsys_menu` (`code`,`name`,`type`,`url`,`order_no`,`updater`,`update_datetime`,`remark`,`parent_code`) VALUES ('SM201805291033129682833','司法诉讼','1','/biz/litigation.htm','93','admin',now(),'','SM201804271801337258756');
INSERT INTO `tsys_menu` (`code`,`name`,`type`,`url`,`order_no`,`updater`,`update_datetime`,`remark`,`parent_code`) VALUES ('SM201805291034405409203','结清审核','1','/biz/settlement.htm','94','admin',now(),'','SM201804271801337258756');
INSERT INTO `tsys_menu` (`code`,`name`,`type`,`url`,`order_no`,`updater`,`update_datetime`,`remark`,`parent_code`) VALUES ('SM201805291035342036590','解除抵押','1','/biz/mortgages.htm','95','admin',now(),'','SM201804271801337258756');
INSERT INTO `tsys_menu` (`code`,`name`,`type`,`url`,`order_no`,`updater`,`update_datetime`,`remark`,`parent_code`) VALUES ('SM201805291037383171866','黑名单','1','/biz/blackList.htm','96','admin',now(),'','SM201804271801337258756');
INSERT INTO `tsys_menu` (`code`,`name`,`type`,`url`,`order_no`,`updater`,`update_datetime`,`remark`,`parent_code`) VALUES ('SM201805291053375683183','贷前工具','1','#','4','admin',now(),'','SM201804241904336827315');
INSERT INTO `tsys_menu` (`code`,`name`,`type`,`url`,`order_no`,`updater`,`update_datetime`,`remark`,`parent_code`) VALUES ('SM201805291055307456089','贷后工具','1','#','6','admin',now(),'','SM201804241904336827315');
INSERT INTO `tsys_menu` (`code`,`name`,`type`,`url`,`order_no`,`updater`,`update_datetime`,`remark`,`parent_code`) VALUES ('SM201805291100131656291','收回手续费','1','/loanstools/takeFree.htm','1','admin',now(),'','SM201805291053375683183');
INSERT INTO `tsys_menu` (`code`,`name`,`type`,`url`,`order_no`,`updater`,`update_datetime`,`remark`,`parent_code`) VALUES ('SM201805291103261685791','退客户垫资款','1','/loanstools/refund.htm','2','admin',now(),'','SM201805291053375683183');
INSERT INTO `tsys_menu` (`code`,`name`,`type`,`url`,`order_no`,`updater`,`update_datetime`,`remark`,`parent_code`) VALUES ('SM201805291115082213115','客户作废','1','/loanstools/cancel.htm','3','admin',now(),'','SM201805291053375683183');
INSERT INTO `tsys_menu` (`code`,`name`,`type`,`url`,`order_no`,`updater`,`update_datetime`,`remark`,`parent_code`) VALUES ('SM201805291117032851555','导入逾期名单','1','/postloantools/import.htm','2','admin',now(),'','SM201805291055307456089');
INSERT INTO `tsys_menu` (`code`,`name`,`type`,`url`,`order_no`,`updater`,`update_datetime`,`remark`,`parent_code`) VALUES ('SM201805291120588711509','GPS申领','1','/postloantools/applyGps.htm','1','admin',now(),'','SM201805291055307456089');
INSERT INTO `tsys_menu` (`code`,`name`,`type`,`url`,`order_no`,`updater`,`update_datetime`,`remark`,`parent_code`) VALUES ('SM201805291121432585610','资料传递','1','#','6','admin',now(),'','SM201804241904336827315');
INSERT INTO `tsys_menu` (`code`,`name`,`type`,`url`,`order_no`,`updater`,`update_datetime`,`remark`,`parent_code`) VALUES ('SM201805291122139078139','资料传递','1','/transmit/transmit.htm','1','admin',now(),'','SM201805291121432585610');
INSERT INTO `tsys_menu` (`code`,`name`,`type`,`url`,`order_no`,`updater`,`update_datetime`,`remark`,`parent_code`) VALUES ('SM201805292228396682044','录入安装信息','2','/enter','1','admin',now(),'GPS安装','SM201805291022497551066');
INSERT INTO `tsys_menu` (`code`,`name`,`type`,`url`,`order_no`,`updater`,`update_datetime`,`remark`,`parent_code`) VALUES ('SM201805292229096914345','GPS管理员审核','2','/check','2','admin',now(),'GPS安装','SM201805291022497551066');
INSERT INTO `tsys_menu` (`code`,`name`,`type`,`url`,`order_no`,`updater`,`update_datetime`,`remark`,`parent_code`) VALUES ('SM201805292229305042458','详情','2','/detail','3','admin',now(),'GPS安装','SM201805291022497551066');
INSERT INTO `tsys_menu` (`code`,`name`,`type`,`url`,`order_no`,`updater`,`update_datetime`,`remark`,`parent_code`) VALUES ('SM201805292310461796580','车辆落户','2','/settle','1','admin',now(),'银行放款','SM201805291023424289358');
INSERT INTO `tsys_menu` (`code`,`name`,`type`,`url`,`order_no`,`updater`,`update_datetime`,`remark`,`parent_code`) VALUES ('SM201805292311143936143','确认提交银行','2','/sub','2','admin',now(),'银行放款','SM201805291023424289358');
INSERT INTO `tsys_menu` (`code`,`name`,`type`,`url`,`order_no`,`updater`,`update_datetime`,`remark`,`parent_code`) VALUES ('SM201805292311481713436','确认收款','2','/certain','4','admin',now(),'银行放款','SM201805291023424289358');
INSERT INTO `tsys_menu` (`code`,`name`,`type`,`url`,`order_no`,`updater`,`update_datetime`,`remark`,`parent_code`) VALUES ('SM201805292312006022232','详情','2','/detail','5','admin',now(),'银行放款','SM201805291023424289358');
INSERT INTO `tsys_menu` (`code`,`name`,`type`,`url`,`order_no`,`updater`,`update_datetime`,`remark`,`parent_code`) VALUES ('SM201805292341413995800','录入抵押信息','2','/enter','1','admin',now(),'车辆抵押','SM201805291024417046938');
INSERT INTO `tsys_menu` (`code`,`name`,`type`,`url`,`order_no`,`updater`,`update_datetime`,`remark`,`parent_code`) VALUES ('SM201805292342036598805','确认提交银行','2','/sub','2','admin',now(),'车辆抵押','SM201805291024417046938');
INSERT INTO `tsys_menu` (`code`,`name`,`type`,`url`,`order_no`,`updater`,`update_datetime`,`remark`,`parent_code`) VALUES ('SM201805292343075237065','抵押完成','2','/complete','3','admin',now(),'车辆抵押','SM201805291024417046938');
INSERT INTO `tsys_menu` (`code`,`name`,`type`,`url`,`order_no`,`updater`,`update_datetime`,`remark`,`parent_code`) VALUES ('SM201805292343214136871','详情','2','/detail','4','admin',now(),'车辆抵押','SM201805291024417046938');
INSERT INTO `tsys_menu` (`code`,`name`,`type`,`url`,`order_no`,`updater`,`update_datetime`,`remark`,`parent_code`) VALUES ('SM201805300001285897792','确认入档','2','/certain','1','admin',now(),'档案入档','SM201805291025295625074');
INSERT INTO `tsys_menu` (`code`,`name`,`type`,`url`,`order_no`,`updater`,`update_datetime`,`remark`,`parent_code`) VALUES ('SM201805300001403287926','详情','2','/detail','2','admin',now(),'档案入档','SM201805291025295625074');
INSERT INTO `tsys_menu` (`code`,`name`,`type`,`url`,`order_no`,`updater`,`update_datetime`,`remark`,`parent_code`) VALUES ('SM201805301352223589017','发起征信查询','2','/add','1','admin',now(),'','SM201805291008583268448');
INSERT INTO `tsys_menu` (`code`,`name`,`type`,`url`,`order_no`,`updater`,`update_datetime`,`remark`,`parent_code`) VALUES ('SM201805301353172967295','录入征信结果','2','/entering','2','admin',now(),'','SM201805291008583268448');
INSERT INTO `tsys_menu` (`code`,`name`,`type`,`url`,`order_no`,`updater`,`update_datetime`,`remark`,`parent_code`) VALUES ('SM201805301354371318364','风控专员审核','2','/check','3','admin',now(),'','SM201805291008583268448');
INSERT INTO `tsys_menu` (`code`,`name`,`type`,`url`,`order_no`,`updater`,`update_datetime`,`remark`,`parent_code`) VALUES ('SM201805301354548731957','详情','2','/detail','4','admin',now(),'','SM201805291008583268448');
INSERT INTO `tsys_menu` (`code`,`name`,`type`,`url`,`order_no`,`updater`,`update_datetime`,`remark`,`parent_code`) VALUES ('SM201805301401568482524','重新填写申请单','2','/apply','1','admin',now(),'','SM201805291013406492370');
INSERT INTO `tsys_menu` (`code`,`name`,`type`,`url`,`order_no`,`updater`,`update_datetime`,`remark`,`parent_code`) VALUES ('SM201805301402526871471','风控专员审核','2','/checkCommissioner','2','admin',now(),'','SM201805291013406492370');
INSERT INTO `tsys_menu` (`code`,`name`,`type`,`url`,`order_no`,`updater`,`update_datetime`,`remark`,`parent_code`) VALUES ('SM201805301403549725902','风控主管审核','2','/checkDirector','3','admin',now(),'','SM201805291013406492370');
INSERT INTO `tsys_menu` (`code`,`name`,`type`,`url`,`order_no`,`updater`,`update_datetime`,`remark`,`parent_code`) VALUES ('SM201805301404079981243','详情','2','/detail','4','admin',now(),'','SM201805291013406492370');
INSERT INTO `tsys_menu` (`code`,`name`,`type`,`url`,`order_no`,`updater`,`update_datetime`,`remark`,`parent_code`) VALUES ('SM201805301404364665025','录入面签信息','2','/edit','1','admin',now(),'','SM201805291017221547546');
INSERT INTO `tsys_menu` (`code`,`name`,`type`,`url`,`order_no`,`updater`,`update_datetime`,`remark`,`parent_code`) VALUES ('SM201805301404545315674','业务总监审核','2','/check','2','admin',now(),'','SM201805291017221547546');
INSERT INTO `tsys_menu` (`code`,`name`,`type`,`url`,`order_no`,`updater`,`update_datetime`,`remark`,`parent_code`) VALUES ('SM201805301405099024070','详情','2','/detail','3','admin',now(),'','SM201805291017221547546');
INSERT INTO `tsys_menu` (`code`,`name`,`type`,`url`,`order_no`,`updater`,`update_datetime`,`remark`,`parent_code`) VALUES ('SM201805301405389904060','财务确认垫资','2','/edit','1','admin',now(),'','SM201805291018133331107');
INSERT INTO `tsys_menu` (`code`,`name`,`type`,`url`,`order_no`,`updater`,`update_datetime`,`remark`,`parent_code`) VALUES ('SM201805301406061714091','详情','2','/detail','2','admin',now(),'','SM201805291018133331107');
INSERT INTO `tsys_menu` (`code`,`name`,`type`,`url`,`order_no`,`updater`,`update_datetime`,`remark`,`parent_code`) VALUES ('SM201805301425463367046','申请拖车','2','/apply','1','admin',now(),'红名单','SM201805291030239333610');
INSERT INTO `tsys_menu` (`code`,`name`,`type`,`url`,`order_no`,`updater`,`update_datetime`,`remark`,`parent_code`) VALUES ('SM201805301426133156840','总经审批理','2','/check','2','admin',now(),'红名单','SM201805291030239333610');
INSERT INTO `tsys_menu` (`code`,`name`,`type`,`url`,`order_no`,`updater`,`update_datetime`,`remark`,`parent_code`) VALUES ('SM201805301426338849454','财务打款','2','/pay','3','admin',now(),'红名单','SM201805291030239333610');
INSERT INTO `tsys_menu` (`code`,`name`,`type`,`url`,`order_no`,`updater`,`update_datetime`,`remark`,`parent_code`) VALUES ('SM201805301429024449260','录入拖车结果','2','/enter','4','admin',now(),'红名单','SM201805291030239333610');
INSERT INTO `tsys_menu` (`code`,`name`,`type`,`url`,`order_no`,`updater`,`update_datetime`,`remark`,`parent_code`) VALUES ('SM201805301429178387519','详情','2','/detail','5','admin',now(),'红名单','SM201805291030239333610');
INSERT INTO `tsys_menu` (`code`,`name`,`type`,`url`,`order_no`,`updater`,`update_datetime`,`remark`,`parent_code`) VALUES ('SM201805302355005394257','手续费收款回录','2','/enter','1','admin',now(),'收回手续费','SM201805291100131656291');
INSERT INTO `tsys_menu` (`code`,`name`,`type`,`url`,`order_no`,`updater`,`update_datetime`,`remark`,`parent_code`) VALUES ('SM201805302355185216110','详情','2','/detail','2','admin',now(),'收回手续费','SM201805291100131656291');
INSERT INTO `tsys_menu` (`code`,`name`,`type`,`url`,`order_no`,`updater`,`update_datetime`,`remark`,`parent_code`) VALUES ('SM201805302356208815616','财务确认退款','2','/certain','1','admin',now(),'退客户垫资款','SM201805291103261685791');
INSERT INTO `tsys_menu` (`code`,`name`,`type`,`url`,`order_no`,`updater`,`update_datetime`,`remark`,`parent_code`) VALUES ('SM201805302356344982529','详情','2','/detail','2','admin',now(),'退客户垫资款','SM201805291103261685791');
INSERT INTO `tsys_menu` (`code`,`name`,`type`,`url`,`order_no`,`updater`,`update_datetime`,`remark`,`parent_code`) VALUES ('SM201805310058392132131','处理结果','2','/dispose','1','admin',now(),'拖车管理','SM201805291032194718466');
INSERT INTO `tsys_menu` (`code`,`name`,`type`,`url`,`order_no`,`updater`,`update_datetime`,`remark`,`parent_code`) VALUES ('SM201805310058543412057','详情','2','/detail','2','admin',now(),'拖车管理','SM201805291032194718466');
INSERT INTO `tsys_menu` (`code`,`name`,`type`,`url`,`order_no`,`updater`,`update_datetime`,`remark`,`parent_code`) VALUES ('SM201805310102216189543','申请作废','2','/apply','1','admin',now(),'客户作废','SM201805291115082213115');
INSERT INTO `tsys_menu` (`code`,`name`,`type`,`url`,`order_no`,`updater`,`update_datetime`,`remark`,`parent_code`) VALUES ('SM201805310138367907978','贷款产品管理','1','/basedata/goodsloan.htm','1','admin',now(),'基础数据','SM201804301415107007680');
INSERT INTO `tsys_menu` (`code`,`name`,`type`,`url`,`order_no`,`updater`,`update_datetime`,`remark`,`parent_code`) VALUES ('SM201805310140561572125','新增','2','/add','1','admin',now(),'贷款产品管理','SM201805310138367907978');
INSERT INTO `tsys_menu` (`code`,`name`,`type`,`url`,`order_no`,`updater`,`update_datetime`,`remark`,`parent_code`) VALUES ('SM201805310141212259474','修改','2','/edit','2','admin',now(),'贷款产品管理','SM201805310138367907978');
INSERT INTO `tsys_menu` (`code`,`name`,`type`,`url`,`order_no`,`updater`,`update_datetime`,`remark`,`parent_code`) VALUES ('SM201805310143070802430','上架','2','/onShelf','3','admin',now(),'贷款产品管理','SM201805310138367907978');
INSERT INTO `tsys_menu` (`code`,`name`,`type`,`url`,`order_no`,`updater`,`update_datetime`,`remark`,`parent_code`) VALUES ('SM201805310143378169233','下架','2','/lower','4','admin',now(),'贷款产品管理','SM201805310138367907978');
INSERT INTO `tsys_menu` (`code`,`name`,`type`,`url`,`order_no`,`updater`,`update_datetime`,`remark`,`parent_code`) VALUES ('SM201805310242423914884','公司管理','1','#','4','admin',now(),'','HTWTSM201800001000000001');
INSERT INTO `tsys_menu` (`code`,`name`,`type`,`url`,`order_no`,`updater`,`update_datetime`,`remark`,`parent_code`) VALUES ('SM201805310243421577470','公司结构','1','/system/compConstruct.htm','1','admin',now(),'','SM201805310242423914884');
INSERT INTO `tsys_menu` (`code`,`name`,`type`,`url`,`order_no`,`updater`,`update_datetime`,`remark`,`parent_code`) VALUES ('SM201805310244109985100','职务岗位','1','/system/post.htm','2','admin',now(),'','SM201805310242423914884');
INSERT INTO `tsys_menu` (`code`,`name`,`type`,`url`,`order_no`,`updater`,`update_datetime`,`remark`,`parent_code`) VALUES ('SM201805310300329564489','新增子公司 / 部门','2','/add','1','admin',now(),'','SM201805310243421577470');
INSERT INTO `tsys_menu` (`code`,`name`,`type`,`url`,`order_no`,`updater`,`update_datetime`,`remark`,`parent_code`) VALUES ('SM201805310300555272813','删除','2','/delete','2','admin',now(),'','SM201805310243421577470');
INSERT INTO `tsys_menu` (`code`,`name`,`type`,`url`,`order_no`,`updater`,`update_datetime`,`remark`,`parent_code`) VALUES ('SM201805310301356257728','新增职位','2','/add','1','admin',now(),'','SM201805310244109985100');
INSERT INTO `tsys_menu` (`code`,`name`,`type`,`url`,`order_no`,`updater`,`update_datetime`,`remark`,`parent_code`) VALUES ('SM201805310301586821716','删除','2','/delete','2','admin',now(),'','SM201805310244109985100');
INSERT INTO `tsys_menu` (`code`,`name`,`type`,`url`,`order_no`,`updater`,`update_datetime`,`remark`,`parent_code`) VALUES ('SM201805310313196555261','分配节点','2','/changeNode','5','admin',now(),'','SM201804242141231816698');
INSERT INTO `tsys_menu` (`code`,`name`,`type`,`url`,`order_no`,`updater`,`update_datetime`,`remark`,`parent_code`) VALUES ('SM201805310347411931086','节点配置','1','/system/node.htm','4','admin',now(),'','HTWTSM201800001000000002');
INSERT INTO `tsys_menu` (`code`,`name`,`type`,`url`,`order_no`,`updater`,`update_datetime`,`remark`,`parent_code`) VALUES ('SM201805310347593975131','详情','2','/detail','1','admin',now(),'','SM201805310347411931086');
INSERT INTO `tsys_menu` (`code`,`name`,`type`,`url`,`order_no`,`updater`,`update_datetime`,`remark`,`parent_code`) VALUES ('SM201805310351574072000','设置岗位','2','/addPost','6','admin',now(),'','SM201804242142138278448');
INSERT INTO `tsys_menu` (`code`,`name`,`type`,`url`,`order_no`,`updater`,`update_datetime`,`remark`,`parent_code`) VALUES ('SM201805310423008102177','返点比例','1','/basedata/rebate.htm','5','admin',now(),'基础数据','SM201804301415107007680');
INSERT INTO `tsys_menu` (`code`,`name`,`type`,`url`,`order_no`,`updater`,`update_datetime`,`remark`,`parent_code`) VALUES ('SM201805310512170534911','收款账号管理','1','/basedata/receivables.htm','7','admin',now(),'基础数据','SM201804301415107007680');
INSERT INTO `tsys_menu` (`code`,`name`,`type`,`url`,`order_no`,`updater`,`update_datetime`,`remark`,`parent_code`) VALUES ('SM201805310512368386251','新增','2','/add','1','admin',now(),'收款账号管理','SM201805310512170534911');
INSERT INTO `tsys_menu` (`code`,`name`,`type`,`url`,`order_no`,`updater`,`update_datetime`,`remark`,`parent_code`) VALUES ('SM201805310512554765085','修改','2','/edit','2','admin',now(),'收款账号管理','SM201805310512170534911');
INSERT INTO `tsys_menu` (`code`,`name`,`type`,`url`,`order_no`,`updater`,`update_datetime`,`remark`,`parent_code`) VALUES ('SM201805310513080348085','详情','2','/detail','3','admin',now(),'收款账号管理','SM201805310512170534911');
INSERT INTO `tsys_menu` (`code`,`name`,`type`,`url`,`order_no`,`updater`,`update_datetime`,`remark`,`parent_code`) VALUES ('SM201805310551120968650','GPS管理','1','/postloantools/manageGps.htm','0','admin',now(),'','SM201805291055307456089');
INSERT INTO `tsys_menu` (`code`,`name`,`type`,`url`,`order_no`,`updater`,`update_datetime`,`remark`,`parent_code`) VALUES ('SM201805310740331801105','发件','2','/send','1','admin',now(),'资料传递','SM201805291122139078139');
INSERT INTO `tsys_menu` (`code`,`name`,`type`,`url`,`order_no`,`updater`,`update_datetime`,`remark`,`parent_code`) VALUES ('SM201805310741598422718','收件并审核','2','/check','2','admin',now(),'资料传递','SM201805291122139078139');
INSERT INTO `tsys_menu` (`code`,`name`,`type`,`url`,`order_no`,`updater`,`update_datetime`,`remark`,`parent_code`) VALUES ('SM201805310742150248924','详情','2','/detail','3','admin',now(),'资料传递','SM201805291122139078139');
INSERT INTO `tsys_menu` (`code`,`name`,`type`,`url`,`order_no`,`updater`,`update_datetime`,`remark`,`parent_code`) VALUES ('SM201805311013495606615','补充材料清单','2','/setMateriallist','0','admin',now(),'','SM201805310347411931086');
INSERT INTO `tsys_menu` (`code`,`name`,`type`,`url`,`order_no`,`updater`,`update_datetime`,`remark`,`parent_code`) VALUES ('SM201805311227026096426','申领','2','/apply','1','admin',now(),'GPS申领','SM201805291120588711509');
INSERT INTO `tsys_menu` (`code`,`name`,`type`,`url`,`order_no`,`updater`,`update_datetime`,`remark`,`parent_code`) VALUES ('SM201805311227280509596','GPS管理员审核','2','/check','2','admin',now(),'GPS申领','SM201805291120588711509');
INSERT INTO `tsys_menu` (`code`,`name`,`type`,`url`,`order_no`,`updater`,`update_datetime`,`remark`,`parent_code`) VALUES ('SM201805311227464004035','详情','2','/detail','3','admin',now(),'GPS申领','SM201805291120588711509');
INSERT INTO `tsys_menu` (`code`,`name`,`type`,`url`,`order_no`,`updater`,`update_datetime`,`remark`,`parent_code`) VALUES ('SM201805311230574208013','准入单申请','1','/loan/applyAdmittance.htm','2','admin',now(),'','SM201805291007027185682');
INSERT INTO `tsys_menu` (`code`,`name`,`type`,`url`,`order_no`,`updater`,`update_datetime`,`remark`,`parent_code`) VALUES ('SM201805311233028698395','申请','2','/apply','1','admin',now(),'','SM201805311230574208013');
INSERT INTO `tsys_menu` (`code`,`name`,`type`,`url`,`order_no`,`updater`,`update_datetime`,`remark`,`parent_code`) VALUES ('SM201805311923406644904','新增','2','/add','1','admin',now(),'','SM201805310551120968650');
INSERT INTO `tsys_menu` (`code`,`name`,`type`,`url`,`order_no`,`updater`,`update_datetime`,`remark`,`parent_code`) VALUES ('SM201805311923528775491','详情','2','/detail','2','admin',now(),'','SM201805310551120968650');
INSERT INTO `tsys_menu` (`code`,`name`,`type`,`url`,`order_no`,`updater`,`update_datetime`,`remark`,`parent_code`) VALUES ('SM201806010056218043812','录入放款信息','2','/enter','3','admin',now(),'银行放款','SM201805291023424289358');

/*
-- Query: SELECT role_code, menu_code, updater,now() update_datetime, remark FROM tsys_menu_role
-- Date: 2018-06-01 07:15
*/
INSERT INTO `tsys_menu_role` (`role_code`,`menu_code`,`updater`,`update_datetime`,`remark`) VALUES ('SR201805291328573573955','SM201804241904336827315','admin',now(),NULL);
INSERT INTO `tsys_menu_role` (`role_code`,`menu_code`,`updater`,`update_datetime`,`remark`) VALUES ('SR201805291328573573955','SM201804261348514693404','admin',now(),NULL);
INSERT INTO `tsys_menu_role` (`role_code`,`menu_code`,`updater`,`update_datetime`,`remark`) VALUES ('SR201805291328573573955','SM201804261350336763666','admin',now(),NULL);
INSERT INTO `tsys_menu_role` (`role_code`,`menu_code`,`updater`,`update_datetime`,`remark`) VALUES ('SR201805291328573573955','SM201804261354380715184','admin',now(),NULL);
INSERT INTO `tsys_menu_role` (`role_code`,`menu_code`,`updater`,`update_datetime`,`remark`) VALUES ('SR201805291328573573955','SM201804261455330386632','admin',now(),NULL);
INSERT INTO `tsys_menu_role` (`role_code`,`menu_code`,`updater`,`update_datetime`,`remark`) VALUES ('SR201805291328573573955','SM201804271533135687170','admin',now(),NULL);
INSERT INTO `tsys_menu_role` (`role_code`,`menu_code`,`updater`,`update_datetime`,`remark`) VALUES ('SR201805291328573573955','SM201804271633137256879','admin',now(),NULL);
INSERT INTO `tsys_menu_role` (`role_code`,`menu_code`,`updater`,`update_datetime`,`remark`) VALUES ('SR201805291328573573955','SM201804271733507076601','admin',now(),NULL);
INSERT INTO `tsys_menu_role` (`role_code`,`menu_code`,`updater`,`update_datetime`,`remark`) VALUES ('SR201805291328573573955','SM201804301405471661433','admin',now(),NULL);
INSERT INTO `tsys_menu_role` (`role_code`,`menu_code`,`updater`,`update_datetime`,`remark`) VALUES ('SR201805291328573573955','SM201804301412106351850','admin',now(),NULL);
INSERT INTO `tsys_menu_role` (`role_code`,`menu_code`,`updater`,`update_datetime`,`remark`) VALUES ('SR201805291328573573955','SM201804301415439657360','admin',now(),NULL);
INSERT INTO `tsys_menu_role` (`role_code`,`menu_code`,`updater`,`update_datetime`,`remark`) VALUES ('SR201805291328573573955','SM201805071516186994661','admin',now(),NULL);
INSERT INTO `tsys_menu_role` (`role_code`,`menu_code`,`updater`,`update_datetime`,`remark`) VALUES ('SR201805291328573573955','SM201805081434065688426','admin',now(),NULL);
INSERT INTO `tsys_menu_role` (`role_code`,`menu_code`,`updater`,`update_datetime`,`remark`) VALUES ('SR201805291328573573955','SM201805081702005449690','admin',now(),NULL);
INSERT INTO `tsys_menu_role` (`role_code`,`menu_code`,`updater`,`update_datetime`,`remark`) VALUES ('SR201805291328573573955','SM201805081703219956551','admin',now(),NULL);
INSERT INTO `tsys_menu_role` (`role_code`,`menu_code`,`updater`,`update_datetime`,`remark`) VALUES ('SR201805291328573573955','SM201805081705114533419','admin',now(),NULL);
INSERT INTO `tsys_menu_role` (`role_code`,`menu_code`,`updater`,`update_datetime`,`remark`) VALUES ('SR201805291328573573955','SM201805081710209032086','admin',now(),NULL);
INSERT INTO `tsys_menu_role` (`role_code`,`menu_code`,`updater`,`update_datetime`,`remark`) VALUES ('SR201805291328573573955','SM201805081715471104981','admin',now(),NULL);
INSERT INTO `tsys_menu_role` (`role_code`,`menu_code`,`updater`,`update_datetime`,`remark`) VALUES ('SR201805291328573573955','SM201805081727132534557','admin',now(),NULL);
INSERT INTO `tsys_menu_role` (`role_code`,`menu_code`,`updater`,`update_datetime`,`remark`) VALUES ('SR201805291328573573955','SM201805081730223045783','admin',now(),NULL);
INSERT INTO `tsys_menu_role` (`role_code`,`menu_code`,`updater`,`update_datetime`,`remark`) VALUES ('SR201805291328573573955','SM201805151137041937983','admin',now(),NULL);
INSERT INTO `tsys_menu_role` (`role_code`,`menu_code`,`updater`,`update_datetime`,`remark`) VALUES ('SR201805291328573573955','SM201805151141041687260','admin',now(),NULL);
INSERT INTO `tsys_menu_role` (`role_code`,`menu_code`,`updater`,`update_datetime`,`remark`) VALUES ('SR201805291328573573955','SM201805151145201447930','admin',now(),NULL);
INSERT INTO `tsys_menu_role` (`role_code`,`menu_code`,`updater`,`update_datetime`,`remark`) VALUES ('SR201805291328573573955','SM201805151151181387207','admin',now(),NULL);
INSERT INTO `tsys_menu_role` (`role_code`,`menu_code`,`updater`,`update_datetime`,`remark`) VALUES ('SR201805291328573573955','SM201805151353129675281','admin',now(),NULL);
INSERT INTO `tsys_menu_role` (`role_code`,`menu_code`,`updater`,`update_datetime`,`remark`) VALUES ('SR201805291328573573955','SM201805151416304735967','admin',now(),NULL);
INSERT INTO `tsys_menu_role` (`role_code`,`menu_code`,`updater`,`update_datetime`,`remark`) VALUES ('SR201805291328573573955','SM201805151417051479254','admin',now(),NULL);
INSERT INTO `tsys_menu_role` (`role_code`,`menu_code`,`updater`,`update_datetime`,`remark`) VALUES ('SR201805291328573573955','SM201805151417381845203','admin',now(),NULL);
INSERT INTO `tsys_menu_role` (`role_code`,`menu_code`,`updater`,`update_datetime`,`remark`) VALUES ('SR201805291328573573955','SM201805151418242519757','admin',now(),NULL);
INSERT INTO `tsys_menu_role` (`role_code`,`menu_code`,`updater`,`update_datetime`,`remark`) VALUES ('SR201805291328573573955','SM201805151423216129694','admin',now(),NULL);
INSERT INTO `tsys_menu_role` (`role_code`,`menu_code`,`updater`,`update_datetime`,`remark`) VALUES ('SR201805291328573573955','SM201805151425376549071','admin',now(),NULL);
INSERT INTO `tsys_menu_role` (`role_code`,`menu_code`,`updater`,`update_datetime`,`remark`) VALUES ('SR201805291328573573955','SM201805151427368418325','admin',now(),NULL);
INSERT INTO `tsys_menu_role` (`role_code`,`menu_code`,`updater`,`update_datetime`,`remark`) VALUES ('SR201805291328573573955','SM201805171816173306551','admin',now(),NULL);
INSERT INTO `tsys_menu_role` (`role_code`,`menu_code`,`updater`,`update_datetime`,`remark`) VALUES ('SR201805291328573573955','SM201805202008058702503','admin',now(),NULL);
INSERT INTO `tsys_menu_role` (`role_code`,`menu_code`,`updater`,`update_datetime`,`remark`) VALUES ('SR201805291328573573955','SM201805291008583268448','admin',now(),NULL);
INSERT INTO `tsys_menu_role` (`role_code`,`menu_code`,`updater`,`update_datetime`,`remark`) VALUES ('SR201805291328573573955','SM201805291022497551066','admin',now(),NULL);
INSERT INTO `tsys_menu_role` (`role_code`,`menu_code`,`updater`,`update_datetime`,`remark`) VALUES ('SR201805291328573573955','SM201805291100131656291','admin',now(),NULL);
INSERT INTO `tsys_menu_role` (`role_code`,`menu_code`,`updater`,`update_datetime`,`remark`) VALUES ('SR201805291328573573955','SM201805291120588711509','admin',now(),NULL);
INSERT INTO `tsys_menu_role` (`role_code`,`menu_code`,`updater`,`update_datetime`,`remark`) VALUES ('SR201805291328573573955','SM201805291122139078139','admin',now(),NULL);
INSERT INTO `tsys_menu_role` (`role_code`,`menu_code`,`updater`,`update_datetime`,`remark`) VALUES ('SR201805291328573573955','SM201804261349236076566','admin',now(),NULL);
INSERT INTO `tsys_menu_role` (`role_code`,`menu_code`,`updater`,`update_datetime`,`remark`) VALUES ('SR201805291328573573955','SM201804261354138758172','admin',now(),NULL);
INSERT INTO `tsys_menu_role` (`role_code`,`menu_code`,`updater`,`update_datetime`,`remark`) VALUES ('SR201805291328573573955','SM201804261354595823870','admin',now(),NULL);
INSERT INTO `tsys_menu_role` (`role_code`,`menu_code`,`updater`,`update_datetime`,`remark`) VALUES ('SR201805291328573573955','SM201804261442135927079','admin',now(),NULL);
INSERT INTO `tsys_menu_role` (`role_code`,`menu_code`,`updater`,`update_datetime`,`remark`) VALUES ('SR201805291328573573955','SM201804261456026756527','admin',now(),NULL);
INSERT INTO `tsys_menu_role` (`role_code`,`menu_code`,`updater`,`update_datetime`,`remark`) VALUES ('SR201805291328573573955','SM201804271533373702079','admin',now(),NULL);
INSERT INTO `tsys_menu_role` (`role_code`,`menu_code`,`updater`,`update_datetime`,`remark`) VALUES ('SR201805291328573573955','SM201804271633381096603','admin',now(),NULL);
INSERT INTO `tsys_menu_role` (`role_code`,`menu_code`,`updater`,`update_datetime`,`remark`) VALUES ('SR201805291328573573955','SM201804271734340343650','admin',now(),NULL);
INSERT INTO `tsys_menu_role` (`role_code`,`menu_code`,`updater`,`update_datetime`,`remark`) VALUES ('SR201805291328573573955','SM201804301406116552892','admin',now(),NULL);
INSERT INTO `tsys_menu_role` (`role_code`,`menu_code`,`updater`,`update_datetime`,`remark`) VALUES ('SR201805291328573573955','SM201804301412402254324','admin',now(),NULL);
INSERT INTO `tsys_menu_role` (`role_code`,`menu_code`,`updater`,`update_datetime`,`remark`) VALUES ('SR201805291328573573955','SM201804301416129975829','admin',now(),NULL);
INSERT INTO `tsys_menu_role` (`role_code`,`menu_code`,`updater`,`update_datetime`,`remark`) VALUES ('SR201805291328573573955','SM201805071540264947371','admin',now(),NULL);
INSERT INTO `tsys_menu_role` (`role_code`,`menu_code`,`updater`,`update_datetime`,`remark`) VALUES ('SR201805291328573573955','SM201805081703478765902','admin',now(),NULL);
INSERT INTO `tsys_menu_role` (`role_code`,`menu_code`,`updater`,`update_datetime`,`remark`) VALUES ('SR201805291328573573955','SM201805081705485635544','admin',now(),NULL);
INSERT INTO `tsys_menu_role` (`role_code`,`menu_code`,`updater`,`update_datetime`,`remark`) VALUES ('SR201805291328573573955','SM201805081713364106306','admin',now(),NULL);
INSERT INTO `tsys_menu_role` (`role_code`,`menu_code`,`updater`,`update_datetime`,`remark`) VALUES ('SR201805291328573573955','SM201805081716404085782','admin',now(),NULL);
INSERT INTO `tsys_menu_role` (`role_code`,`menu_code`,`updater`,`update_datetime`,`remark`) VALUES ('SR201805291328573573955','SM201805081718535897157','admin',now(),NULL);
INSERT INTO `tsys_menu_role` (`role_code`,`menu_code`,`updater`,`update_datetime`,`remark`) VALUES ('SR201805291328573573955','SM201805081728455223975','admin',now(),NULL);
INSERT INTO `tsys_menu_role` (`role_code`,`menu_code`,`updater`,`update_datetime`,`remark`) VALUES ('SR201805291328573573955','SM201805151138030687340','admin',now(),NULL);
INSERT INTO `tsys_menu_role` (`role_code`,`menu_code`,`updater`,`update_datetime`,`remark`) VALUES ('SR201805291328573573955','SM201805151141485448437','admin',now(),NULL);
INSERT INTO `tsys_menu_role` (`role_code`,`menu_code`,`updater`,`update_datetime`,`remark`) VALUES ('SR201805291328573573955','SM201805151147165116182','admin',now(),NULL);
INSERT INTO `tsys_menu_role` (`role_code`,`menu_code`,`updater`,`update_datetime`,`remark`) VALUES ('SR201805291328573573955','SM201805151153057668299','admin',now(),NULL);
INSERT INTO `tsys_menu_role` (`role_code`,`menu_code`,`updater`,`update_datetime`,`remark`) VALUES ('SR201805291328573573955','SM201805151354232909462','admin',now(),NULL);
INSERT INTO `tsys_menu_role` (`role_code`,`menu_code`,`updater`,`update_datetime`,`remark`) VALUES ('SR201805291328573573955','SM201805151418502992519','admin',now(),NULL);
INSERT INTO `tsys_menu_role` (`role_code`,`menu_code`,`updater`,`update_datetime`,`remark`) VALUES ('SR201805291328573573955','SM201805151424224008814','admin',now(),NULL);
INSERT INTO `tsys_menu_role` (`role_code`,`menu_code`,`updater`,`update_datetime`,`remark`) VALUES ('SR201805291328573573955','SM201805151426036914123','admin',now(),NULL);
INSERT INTO `tsys_menu_role` (`role_code`,`menu_code`,`updater`,`update_datetime`,`remark`) VALUES ('SR201805291328573573955','SM201805151428123357430','admin',now(),NULL);
INSERT INTO `tsys_menu_role` (`role_code`,`menu_code`,`updater`,`update_datetime`,`remark`) VALUES ('SR201805291328573573955','SM201805171817010037298','admin',now(),NULL);
INSERT INTO `tsys_menu_role` (`role_code`,`menu_code`,`updater`,`update_datetime`,`remark`) VALUES ('SR201805291328573573955','SM201805291013406492370','admin',now(),NULL);
INSERT INTO `tsys_menu_role` (`role_code`,`menu_code`,`updater`,`update_datetime`,`remark`) VALUES ('SR201805291328573573955','SM201805291023424289358','admin',now(),NULL);
INSERT INTO `tsys_menu_role` (`role_code`,`menu_code`,`updater`,`update_datetime`,`remark`) VALUES ('SR201805291328573573955','SM201805291103261685791','admin',now(),NULL);
INSERT INTO `tsys_menu_role` (`role_code`,`menu_code`,`updater`,`update_datetime`,`remark`) VALUES ('SR201805291328573573955','SM201805291117032851555','admin',now(),NULL);
INSERT INTO `tsys_menu_role` (`role_code`,`menu_code`,`updater`,`update_datetime`,`remark`) VALUES ('SR201805291328573573955','SM201804261355188031376','admin',now(),NULL);
INSERT INTO `tsys_menu_role` (`role_code`,`menu_code`,`updater`,`update_datetime`,`remark`) VALUES ('SR201805291328573573955','SM201804261442413839763','admin',now(),NULL);
INSERT INTO `tsys_menu_role` (`role_code`,`menu_code`,`updater`,`update_datetime`,`remark`) VALUES ('SR201805291328573573955','SM201804261456503673631','admin',now(),NULL);
INSERT INTO `tsys_menu_role` (`role_code`,`menu_code`,`updater`,`update_datetime`,`remark`) VALUES ('SR201805291328573573955','SM201804271534051688530','admin',now(),NULL);
INSERT INTO `tsys_menu_role` (`role_code`,`menu_code`,`updater`,`update_datetime`,`remark`) VALUES ('SR201805291328573573955','SM201804271634353025309','admin',now(),NULL);
INSERT INTO `tsys_menu_role` (`role_code`,`menu_code`,`updater`,`update_datetime`,`remark`) VALUES ('SR201805291328573573955','SM201804301406356625671','admin',now(),NULL);
INSERT INTO `tsys_menu_role` (`role_code`,`menu_code`,`updater`,`update_datetime`,`remark`) VALUES ('SR201805291328573573955','SM201804301413103705972','admin',now(),NULL);
INSERT INTO `tsys_menu_role` (`role_code`,`menu_code`,`updater`,`update_datetime`,`remark`) VALUES ('SR201805291328573573955','SM201804301416500665320','admin',now(),NULL);
INSERT INTO `tsys_menu_role` (`role_code`,`menu_code`,`updater`,`update_datetime`,`remark`) VALUES ('SR201805291328573573955','SM201805071542045077550','admin',now(),NULL);
INSERT INTO `tsys_menu_role` (`role_code`,`menu_code`,`updater`,`update_datetime`,`remark`) VALUES ('SR201805291328573573955','SM201805081714299133603','admin',now(),NULL);
INSERT INTO `tsys_menu_role` (`role_code`,`menu_code`,`updater`,`update_datetime`,`remark`) VALUES ('SR201805291328573573955','SM201805081717095256579','admin',now(),NULL);
INSERT INTO `tsys_menu_role` (`role_code`,`menu_code`,`updater`,`update_datetime`,`remark`) VALUES ('SR201805291328573573955','SM201805081719260431762','admin',now(),NULL);
INSERT INTO `tsys_menu_role` (`role_code`,`menu_code`,`updater`,`update_datetime`,`remark`) VALUES ('SR201805291328573573955','SM201805081729389868979','admin',now(),NULL);
INSERT INTO `tsys_menu_role` (`role_code`,`menu_code`,`updater`,`update_datetime`,`remark`) VALUES ('SR201805291328573573955','SM201805151139084406337','admin',now(),NULL);
INSERT INTO `tsys_menu_role` (`role_code`,`menu_code`,`updater`,`update_datetime`,`remark`) VALUES ('SR201805291328573573955','SM201805151142343848298','admin',now(),NULL);
INSERT INTO `tsys_menu_role` (`role_code`,`menu_code`,`updater`,`update_datetime`,`remark`) VALUES ('SR201805291328573573955','SM201805151147580028177','admin',now(),NULL);
INSERT INTO `tsys_menu_role` (`role_code`,`menu_code`,`updater`,`update_datetime`,`remark`) VALUES ('SR201805291328573573955','SM201805151154328874151','admin',now(),NULL);
INSERT INTO `tsys_menu_role` (`role_code`,`menu_code`,`updater`,`update_datetime`,`remark`) VALUES ('SR201805291328573573955','SM201805151355184302637','admin',now(),NULL);
INSERT INTO `tsys_menu_role` (`role_code`,`menu_code`,`updater`,`update_datetime`,`remark`) VALUES ('SR201805291328573573955','SM201805151419428193244','admin',now(),NULL);
INSERT INTO `tsys_menu_role` (`role_code`,`menu_code`,`updater`,`update_datetime`,`remark`) VALUES ('SR201805291328573573955','SM201805151424524473130','admin',now(),NULL);
INSERT INTO `tsys_menu_role` (`role_code`,`menu_code`,`updater`,`update_datetime`,`remark`) VALUES ('SR201805291328573573955','SM201805151426313029248','admin',now(),NULL);
INSERT INTO `tsys_menu_role` (`role_code`,`menu_code`,`updater`,`update_datetime`,`remark`) VALUES ('SR201805291328573573955','SM201805151428331148033','admin',now(),NULL);
INSERT INTO `tsys_menu_role` (`role_code`,`menu_code`,`updater`,`update_datetime`,`remark`) VALUES ('SR201805291328573573955','SM201805171817249615966','admin',now(),NULL);
INSERT INTO `tsys_menu_role` (`role_code`,`menu_code`,`updater`,`update_datetime`,`remark`) VALUES ('SR201805291328573573955','SM201805291007027185682','admin',now(),NULL);
INSERT INTO `tsys_menu_role` (`role_code`,`menu_code`,`updater`,`update_datetime`,`remark`) VALUES ('SR201805291328573573955','SM201805291017221547546','admin',now(),NULL);
INSERT INTO `tsys_menu_role` (`role_code`,`menu_code`,`updater`,`update_datetime`,`remark`) VALUES ('SR201805291328573573955','SM201805291024417046938','admin',now(),NULL);
INSERT INTO `tsys_menu_role` (`role_code`,`menu_code`,`updater`,`update_datetime`,`remark`) VALUES ('SR201805291328573573955','SM201805291115082213115','admin',now(),NULL);
INSERT INTO `tsys_menu_role` (`role_code`,`menu_code`,`updater`,`update_datetime`,`remark`) VALUES ('SR201805291328573573955','SM201804261355444488601','admin',now(),NULL);
INSERT INTO `tsys_menu_role` (`role_code`,`menu_code`,`updater`,`update_datetime`,`remark`) VALUES ('SR201805291328573573955','SM201804261443038387310','admin',now(),NULL);
INSERT INTO `tsys_menu_role` (`role_code`,`menu_code`,`updater`,`update_datetime`,`remark`) VALUES ('SR201805291328573573955','SM201804261457247095405','admin',now(),NULL);
INSERT INTO `tsys_menu_role` (`role_code`,`menu_code`,`updater`,`update_datetime`,`remark`) VALUES ('SR201805291328573573955','SM201804271534266319193','admin',now(),NULL);
INSERT INTO `tsys_menu_role` (`role_code`,`menu_code`,`updater`,`update_datetime`,`remark`) VALUES ('SR201805291328573573955','SM201804271635122545502','admin',now(),NULL);
INSERT INTO `tsys_menu_role` (`role_code`,`menu_code`,`updater`,`update_datetime`,`remark`) VALUES ('SR201805291328573573955','SM201804301407183648138','admin',now(),NULL);
INSERT INTO `tsys_menu_role` (`role_code`,`menu_code`,`updater`,`update_datetime`,`remark`) VALUES ('SR201805291328573573955','SM201804301417154135904','admin',now(),NULL);
INSERT INTO `tsys_menu_role` (`role_code`,`menu_code`,`updater`,`update_datetime`,`remark`) VALUES ('SR201805291328573573955','SM201805071542510898778','admin',now(),NULL);
INSERT INTO `tsys_menu_role` (`role_code`,`menu_code`,`updater`,`update_datetime`,`remark`) VALUES ('SR201805291328573573955','SM201805081715003349937','admin',now(),NULL);
INSERT INTO `tsys_menu_role` (`role_code`,`menu_code`,`updater`,`update_datetime`,`remark`) VALUES ('SR201805291328573573955','SM201805081719507452259','admin',now(),NULL);
INSERT INTO `tsys_menu_role` (`role_code`,`menu_code`,`updater`,`update_datetime`,`remark`) VALUES ('SR201805291328573573955','SM201805151139420921219','admin',now(),NULL);
INSERT INTO `tsys_menu_role` (`role_code`,`menu_code`,`updater`,`update_datetime`,`remark`) VALUES ('SR201805291328573573955','SM201805151143052326946','admin',now(),NULL);
INSERT INTO `tsys_menu_role` (`role_code`,`menu_code`,`updater`,`update_datetime`,`remark`) VALUES ('SR201805291328573573955','SM201805151148197519303','admin',now(),NULL);
INSERT INTO `tsys_menu_role` (`role_code`,`menu_code`,`updater`,`update_datetime`,`remark`) VALUES ('SR201805291328573573955','SM201805151155040199977','admin',now(),NULL);
INSERT INTO `tsys_menu_role` (`role_code`,`menu_code`,`updater`,`update_datetime`,`remark`) VALUES ('SR201805291328573573955','SM201805151355369398997','admin',now(),NULL);
INSERT INTO `tsys_menu_role` (`role_code`,`menu_code`,`updater`,`update_datetime`,`remark`) VALUES ('SR201805291328573573955','SM201805151420272139302','admin',now(),NULL);
INSERT INTO `tsys_menu_role` (`role_code`,`menu_code`,`updater`,`update_datetime`,`remark`) VALUES ('SR201805291328573573955','SM201805291018133331107','admin',now(),NULL);
INSERT INTO `tsys_menu_role` (`role_code`,`menu_code`,`updater`,`update_datetime`,`remark`) VALUES ('SR201805291328573573955','SM201805291025295625074','admin',now(),NULL);
INSERT INTO `tsys_menu_role` (`role_code`,`menu_code`,`updater`,`update_datetime`,`remark`) VALUES ('SR201805291328573573955','SM201805291053375683183','admin',now(),NULL);
INSERT INTO `tsys_menu_role` (`role_code`,`menu_code`,`updater`,`update_datetime`,`remark`) VALUES ('SR201805291328573573955','SM201804261356113521261','admin',now(),NULL);
INSERT INTO `tsys_menu_role` (`role_code`,`menu_code`,`updater`,`update_datetime`,`remark`) VALUES ('SR201805291328573573955','SM201804261457540441246','admin',now(),NULL);
INSERT INTO `tsys_menu_role` (`role_code`,`menu_code`,`updater`,`update_datetime`,`remark`) VALUES ('SR201805291328573573955','SM201804271534490278831','admin',now(),NULL);
INSERT INTO `tsys_menu_role` (`role_code`,`menu_code`,`updater`,`update_datetime`,`remark`) VALUES ('SR201805291328573573955','SM201804271635347336057','admin',now(),NULL);
INSERT INTO `tsys_menu_role` (`role_code`,`menu_code`,`updater`,`update_datetime`,`remark`) VALUES ('SR201805291328573573955','SM201804271801337258756','admin',now(),NULL);
INSERT INTO `tsys_menu_role` (`role_code`,`menu_code`,`updater`,`update_datetime`,`remark`) VALUES ('SR201805291328573573955','SM201804271802149312624','admin',now(),NULL);
INSERT INTO `tsys_menu_role` (`role_code`,`menu_code`,`updater`,`update_datetime`,`remark`) VALUES ('SR201805291328573573955','SM201804301408090236536','admin',now(),NULL);
INSERT INTO `tsys_menu_role` (`role_code`,`menu_code`,`updater`,`update_datetime`,`remark`) VALUES ('SR201805291328573573955','SM201805151140189894428','admin',now(),NULL);
INSERT INTO `tsys_menu_role` (`role_code`,`menu_code`,`updater`,`update_datetime`,`remark`) VALUES ('SR201805291328573573955','SM201805151143309479378','admin',now(),NULL);
INSERT INTO `tsys_menu_role` (`role_code`,`menu_code`,`updater`,`update_datetime`,`remark`) VALUES ('SR201805291328573573955','SM201804271804131056703','admin',now(),NULL);
INSERT INTO `tsys_menu_role` (`role_code`,`menu_code`,`updater`,`update_datetime`,`remark`) VALUES ('SR201805291328573573955','SM201804271807006759984','admin',now(),NULL);
INSERT INTO `tsys_menu_role` (`role_code`,`menu_code`,`updater`,`update_datetime`,`remark`) VALUES ('SR201805291328573573955','SM201804301408366544676','admin',now(),NULL);
INSERT INTO `tsys_menu_role` (`role_code`,`menu_code`,`updater`,`update_datetime`,`remark`) VALUES ('SR201805291328573573955','SM201805291055307456089','admin',now(),NULL);
INSERT INTO `tsys_menu_role` (`role_code`,`menu_code`,`updater`,`update_datetime`,`remark`) VALUES ('SR201805291328573573955','SM201805291121432585610','admin',now(),NULL);
INSERT INTO `tsys_menu_role` (`role_code`,`menu_code`,`updater`,`update_datetime`,`remark`) VALUES ('SR201805291328573573955','SM201804301405228059456','admin',now(),NULL);
INSERT INTO `tsys_menu_role` (`role_code`,`menu_code`,`updater`,`update_datetime`,`remark`) VALUES ('SR201805291328573573955','SM201804301409101479675','admin',now(),NULL);
INSERT INTO `tsys_menu_role` (`role_code`,`menu_code`,`updater`,`update_datetime`,`remark`) VALUES ('SR201805291328573573955','SM201805081056379762242','admin',now(),NULL);
INSERT INTO `tsys_menu_role` (`role_code`,`menu_code`,`updater`,`update_datetime`,`remark`) VALUES ('SR201805291328573573955','SM201804271806010518814','admin',now(),NULL);
INSERT INTO `tsys_menu_role` (`role_code`,`menu_code`,`updater`,`update_datetime`,`remark`) VALUES ('SR201805291328573573955','SM201804301409426698234','admin',now(),NULL);
INSERT INTO `tsys_menu_role` (`role_code`,`menu_code`,`updater`,`update_datetime`,`remark`) VALUES ('SR201805291328573573955','SM201804301411257273786','admin',now(),NULL);
INSERT INTO `tsys_menu_role` (`role_code`,`menu_code`,`updater`,`update_datetime`,`remark`) VALUES ('SR201805291328573573955','SM201804271806335389896','admin',now(),NULL);
INSERT INTO `tsys_menu_role` (`role_code`,`menu_code`,`updater`,`update_datetime`,`remark`) VALUES ('SR201805291328573573955','SM201804301410177164183','admin',now(),NULL);
INSERT INTO `tsys_menu_role` (`role_code`,`menu_code`,`updater`,`update_datetime`,`remark`) VALUES ('SR201805291328573573955','SM201804301415107007680','admin',now(),NULL);
INSERT INTO `tsys_menu_role` (`role_code`,`menu_code`,`updater`,`update_datetime`,`remark`) VALUES ('SR201805291328573573955','SM201805291030239333610','admin',now(),NULL);
INSERT INTO `tsys_menu_role` (`role_code`,`menu_code`,`updater`,`update_datetime`,`remark`) VALUES ('SR201805291328573573955','SM201805291032194718466','admin',now(),NULL);
INSERT INTO `tsys_menu_role` (`role_code`,`menu_code`,`updater`,`update_datetime`,`remark`) VALUES ('SR201805291328573573955','SM201805291033129682833','admin',now(),NULL);
INSERT INTO `tsys_menu_role` (`role_code`,`menu_code`,`updater`,`update_datetime`,`remark`) VALUES ('SR201805291328573573955','SM201805291034405409203','admin',now(),NULL);
INSERT INTO `tsys_menu_role` (`role_code`,`menu_code`,`updater`,`update_datetime`,`remark`) VALUES ('SR201805291328573573955','SM201805291035342036590','admin',now(),NULL);
INSERT INTO `tsys_menu_role` (`role_code`,`menu_code`,`updater`,`update_datetime`,`remark`) VALUES ('SR201805291328573573955','SM201805291037383171866','admin',now(),NULL);
INSERT INTO `tsys_menu_role` (`role_code`,`menu_code`,`updater`,`update_datetime`,`remark`) VALUES ('SR201805291328573573955','SM201805081102218914268','admin',now(),NULL);
INSERT INTO `tsys_menu_role` (`role_code`,`menu_code`,`updater`,`update_datetime`,`remark`) VALUES ('SR201805302301599559518','SM201805291008583268448','wlq',now(),NULL);
INSERT INTO `tsys_menu_role` (`role_code`,`menu_code`,`updater`,`update_datetime`,`remark`) VALUES ('SR201805302301599559518','SM201805301352223589017','wlq',now(),NULL);
INSERT INTO `tsys_menu_role` (`role_code`,`menu_code`,`updater`,`update_datetime`,`remark`) VALUES ('SR201805302301599559518','SM201805301401568482524','wlq',now(),NULL);
INSERT INTO `tsys_menu_role` (`role_code`,`menu_code`,`updater`,`update_datetime`,`remark`) VALUES ('SR201805302301599559518','SM201805301404364665025','wlq',now(),NULL);
INSERT INTO `tsys_menu_role` (`role_code`,`menu_code`,`updater`,`update_datetime`,`remark`) VALUES ('SR201805302301599559518','SM201805311233028698395','wlq',now(),NULL);
INSERT INTO `tsys_menu_role` (`role_code`,`menu_code`,`updater`,`update_datetime`,`remark`) VALUES ('SR201805302301599559518','SM201805311230574208013','wlq',now(),NULL);
INSERT INTO `tsys_menu_role` (`role_code`,`menu_code`,`updater`,`update_datetime`,`remark`) VALUES ('SR201805302301599559518','SM201805291013406492370','wlq',now(),NULL);
INSERT INTO `tsys_menu_role` (`role_code`,`menu_code`,`updater`,`update_datetime`,`remark`) VALUES ('SR201805302301599559518','SM201805301405099024070','wlq',now(),NULL);
INSERT INTO `tsys_menu_role` (`role_code`,`menu_code`,`updater`,`update_datetime`,`remark`) VALUES ('SR201805302301599559518','SM201805291017221547546','wlq',now(),NULL);
INSERT INTO `tsys_menu_role` (`role_code`,`menu_code`,`updater`,`update_datetime`,`remark`) VALUES ('SR201805302301599559518','SM201805301354548731957','wlq',now(),NULL);
INSERT INTO `tsys_menu_role` (`role_code`,`menu_code`,`updater`,`update_datetime`,`remark`) VALUES ('SR201805302301599559518','SM201805301404079981243','wlq',now(),NULL);
INSERT INTO `tsys_menu_role` (`role_code`,`menu_code`,`updater`,`update_datetime`,`remark`) VALUES ('SR201805302301599559518','SM201805292228396682044','wlq',now(),NULL);
INSERT INTO `tsys_menu_role` (`role_code`,`menu_code`,`updater`,`update_datetime`,`remark`) VALUES ('SR201805302301599559518','SM201805291022497551066','wlq',now(),NULL);
INSERT INTO `tsys_menu_role` (`role_code`,`menu_code`,`updater`,`update_datetime`,`remark`) VALUES ('SR201805302301599559518','SM201805292229305042458','wlq',now(),NULL);
INSERT INTO `tsys_menu_role` (`role_code`,`menu_code`,`updater`,`update_datetime`,`remark`) VALUES ('SR201805302301599559518','SM201805291023424289358','wlq',now(),NULL);
INSERT INTO `tsys_menu_role` (`role_code`,`menu_code`,`updater`,`update_datetime`,`remark`) VALUES ('SR201805302301599559518','SM201805292310461796580','wlq',now(),NULL);
INSERT INTO `tsys_menu_role` (`role_code`,`menu_code`,`updater`,`update_datetime`,`remark`) VALUES ('SR201805302301599559518','SM201805292312006022232','wlq',now(),NULL);
INSERT INTO `tsys_menu_role` (`role_code`,`menu_code`,`updater`,`update_datetime`,`remark`) VALUES ('SR201805302301599559518','SM201805291024417046938','wlq',now(),NULL);
INSERT INTO `tsys_menu_role` (`role_code`,`menu_code`,`updater`,`update_datetime`,`remark`) VALUES ('SR201805302301599559518','SM201805292341413995800','wlq',now(),NULL);
INSERT INTO `tsys_menu_role` (`role_code`,`menu_code`,`updater`,`update_datetime`,`remark`) VALUES ('SR201805302301599559518','SM201805292343214136871','wlq',now(),NULL);
INSERT INTO `tsys_menu_role` (`role_code`,`menu_code`,`updater`,`update_datetime`,`remark`) VALUES ('RO201800000000000001','SM201805161535255567110','admin',now(),NULL);
INSERT INTO `tsys_menu_role` (`role_code`,`menu_code`,`updater`,`update_datetime`,`remark`) VALUES ('RO201800000000000001','SM201805310551120968650','admin',now(),NULL);
INSERT INTO `tsys_menu_role` (`role_code`,`menu_code`,`updater`,`update_datetime`,`remark`) VALUES ('RO201800000000000001','SM201805311013495606615','admin',now(),NULL);
INSERT INTO `tsys_menu_role` (`role_code`,`menu_code`,`updater`,`update_datetime`,`remark`) VALUES ('RO201800000000000001','HTWTSM201800000000000000','admin',now(),NULL);
INSERT INTO `tsys_menu_role` (`role_code`,`menu_code`,`updater`,`update_datetime`,`remark`) VALUES ('RO201800000000000001','HTWTSM201800001000000001','admin',now(),NULL);
INSERT INTO `tsys_menu_role` (`role_code`,`menu_code`,`updater`,`update_datetime`,`remark`) VALUES ('RO201800000000000001','HTWTSM201800001000000003','admin',now(),NULL);
INSERT INTO `tsys_menu_role` (`role_code`,`menu_code`,`updater`,`update_datetime`,`remark`) VALUES ('RO201800000000000001','HTWTSM201800001000000004','admin',now(),NULL);
INSERT INTO `tsys_menu_role` (`role_code`,`menu_code`,`updater`,`update_datetime`,`remark`) VALUES ('RO201800000000000001','SM201804241904336827315','admin',now(),NULL);
INSERT INTO `tsys_menu_role` (`role_code`,`menu_code`,`updater`,`update_datetime`,`remark`) VALUES ('RO201800000000000001','SM201804242138443236748','admin',now(),NULL);
INSERT INTO `tsys_menu_role` (`role_code`,`menu_code`,`updater`,`update_datetime`,`remark`) VALUES ('RO201800000000000001','SM201804242141231816698','admin',now(),NULL);
INSERT INTO `tsys_menu_role` (`role_code`,`menu_code`,`updater`,`update_datetime`,`remark`) VALUES ('RO201800000000000001','SM201804242142138278448','admin',now(),NULL);
INSERT INTO `tsys_menu_role` (`role_code`,`menu_code`,`updater`,`update_datetime`,`remark`) VALUES ('RO201800000000000001','SM201804242144385705547','admin',now(),NULL);
INSERT INTO `tsys_menu_role` (`role_code`,`menu_code`,`updater`,`update_datetime`,`remark`) VALUES ('RO201800000000000001','SM201804242145538683194','admin',now(),NULL);
INSERT INTO `tsys_menu_role` (`role_code`,`menu_code`,`updater`,`update_datetime`,`remark`) VALUES ('RO201800000000000001','SM201804251546009598082','admin',now(),NULL);
INSERT INTO `tsys_menu_role` (`role_code`,`menu_code`,`updater`,`update_datetime`,`remark`) VALUES ('RO201800000000000001','SM201804251546303774373','admin',now(),NULL);
INSERT INTO `tsys_menu_role` (`role_code`,`menu_code`,`updater`,`update_datetime`,`remark`) VALUES ('RO201800000000000001','SM201804251553599006810','admin',now(),NULL);
INSERT INTO `tsys_menu_role` (`role_code`,`menu_code`,`updater`,`update_datetime`,`remark`) VALUES ('RO201800000000000001','SM201804251555317408123','admin',now(),NULL);
INSERT INTO `tsys_menu_role` (`role_code`,`menu_code`,`updater`,`update_datetime`,`remark`) VALUES ('RO201800000000000001','SM201804251556195766046','admin',now(),NULL);
INSERT INTO `tsys_menu_role` (`role_code`,`menu_code`,`updater`,`update_datetime`,`remark`) VALUES ('RO201800000000000001','SM201804251637301909818','admin',now(),NULL);
INSERT INTO `tsys_menu_role` (`role_code`,`menu_code`,`updater`,`update_datetime`,`remark`) VALUES ('RO201800000000000001','SM201804251644341488287','admin',now(),NULL);
INSERT INTO `tsys_menu_role` (`role_code`,`menu_code`,`updater`,`update_datetime`,`remark`) VALUES ('RO201800000000000001','SM201804251720368955246','admin',now(),NULL);
INSERT INTO `tsys_menu_role` (`role_code`,`menu_code`,`updater`,`update_datetime`,`remark`) VALUES ('RO201800000000000001','SM201804251731271739441','admin',now(),NULL);
INSERT INTO `tsys_menu_role` (`role_code`,`menu_code`,`updater`,`update_datetime`,`remark`) VALUES ('RO201800000000000001','SM201804251900329131980','admin',now(),NULL);
INSERT INTO `tsys_menu_role` (`role_code`,`menu_code`,`updater`,`update_datetime`,`remark`) VALUES ('RO201800000000000001','SM201804251904256377856','admin',now(),NULL);
INSERT INTO `tsys_menu_role` (`role_code`,`menu_code`,`updater`,`update_datetime`,`remark`) VALUES ('RO201800000000000001','SM201804261348514693404','admin',now(),NULL);
INSERT INTO `tsys_menu_role` (`role_code`,`menu_code`,`updater`,`update_datetime`,`remark`) VALUES ('RO201800000000000001','SM201804261350336763666','admin',now(),NULL);
INSERT INTO `tsys_menu_role` (`role_code`,`menu_code`,`updater`,`update_datetime`,`remark`) VALUES ('RO201800000000000001','SM201804261354380715184','admin',now(),NULL);
INSERT INTO `tsys_menu_role` (`role_code`,`menu_code`,`updater`,`update_datetime`,`remark`) VALUES ('RO201800000000000001','SM201804261455330386632','admin',now(),NULL);
INSERT INTO `tsys_menu_role` (`role_code`,`menu_code`,`updater`,`update_datetime`,`remark`) VALUES ('RO201800000000000001','SM201804271533135687170','admin',now(),NULL);
INSERT INTO `tsys_menu_role` (`role_code`,`menu_code`,`updater`,`update_datetime`,`remark`) VALUES ('RO201800000000000001','SM201804271633137256879','admin',now(),NULL);
INSERT INTO `tsys_menu_role` (`role_code`,`menu_code`,`updater`,`update_datetime`,`remark`) VALUES ('RO201800000000000001','SM201804271733507076601','admin',now(),NULL);
INSERT INTO `tsys_menu_role` (`role_code`,`menu_code`,`updater`,`update_datetime`,`remark`) VALUES ('RO201800000000000001','SM201804301405471661433','admin',now(),NULL);
INSERT INTO `tsys_menu_role` (`role_code`,`menu_code`,`updater`,`update_datetime`,`remark`) VALUES ('RO201800000000000001','SM201804301412106351850','admin',now(),NULL);
INSERT INTO `tsys_menu_role` (`role_code`,`menu_code`,`updater`,`update_datetime`,`remark`) VALUES ('RO201800000000000001','SM201804301415439657360','admin',now(),NULL);
INSERT INTO `tsys_menu_role` (`role_code`,`menu_code`,`updater`,`update_datetime`,`remark`) VALUES ('RO201800000000000001','SM201804301419295446882','admin',now(),NULL);
INSERT INTO `tsys_menu_role` (`role_code`,`menu_code`,`updater`,`update_datetime`,`remark`) VALUES ('RO201800000000000001','SM201804301420285181532','admin',now(),NULL);
INSERT INTO `tsys_menu_role` (`role_code`,`menu_code`,`updater`,`update_datetime`,`remark`) VALUES ('RO201800000000000001','SM201804301422259476511','admin',now(),NULL);
INSERT INTO `tsys_menu_role` (`role_code`,`menu_code`,`updater`,`update_datetime`,`remark`) VALUES ('RO201800000000000001','SM201805081434065688426','admin',now(),NULL);
INSERT INTO `tsys_menu_role` (`role_code`,`menu_code`,`updater`,`update_datetime`,`remark`) VALUES ('RO201800000000000001','SM201805081703219956551','admin',now(),NULL);
INSERT INTO `tsys_menu_role` (`role_code`,`menu_code`,`updater`,`update_datetime`,`remark`) VALUES ('RO201800000000000001','SM201805081705114533419','admin',now(),NULL);
INSERT INTO `tsys_menu_role` (`role_code`,`menu_code`,`updater`,`update_datetime`,`remark`) VALUES ('RO201800000000000001','SM201805081710209032086','admin',now(),NULL);
INSERT INTO `tsys_menu_role` (`role_code`,`menu_code`,`updater`,`update_datetime`,`remark`) VALUES ('RO201800000000000001','SM201805081727132534557','admin',now(),NULL);
INSERT INTO `tsys_menu_role` (`role_code`,`menu_code`,`updater`,`update_datetime`,`remark`) VALUES ('RO201800000000000001','SM201805081730223045783','admin',now(),NULL);
INSERT INTO `tsys_menu_role` (`role_code`,`menu_code`,`updater`,`update_datetime`,`remark`) VALUES ('RO201800000000000001','SM201805151137041937983','admin',now(),NULL);
INSERT INTO `tsys_menu_role` (`role_code`,`menu_code`,`updater`,`update_datetime`,`remark`) VALUES ('RO201800000000000001','SM201805151141041687260','admin',now(),NULL);
INSERT INTO `tsys_menu_role` (`role_code`,`menu_code`,`updater`,`update_datetime`,`remark`) VALUES ('RO201800000000000001','SM201805151145201447930','admin',now(),NULL);
INSERT INTO `tsys_menu_role` (`role_code`,`menu_code`,`updater`,`update_datetime`,`remark`) VALUES ('RO201800000000000001','SM201805151416304735967','admin',now(),NULL);
INSERT INTO `tsys_menu_role` (`role_code`,`menu_code`,`updater`,`update_datetime`,`remark`) VALUES ('RO201800000000000001','SM201805151417051479254','admin',now(),NULL);
INSERT INTO `tsys_menu_role` (`role_code`,`menu_code`,`updater`,`update_datetime`,`remark`) VALUES ('RO201800000000000001','SM201805151417381845203','admin',now(),NULL);
INSERT INTO `tsys_menu_role` (`role_code`,`menu_code`,`updater`,`update_datetime`,`remark`) VALUES ('RO201800000000000001','SM201805151423216129694','admin',now(),NULL);
INSERT INTO `tsys_menu_role` (`role_code`,`menu_code`,`updater`,`update_datetime`,`remark`) VALUES ('RO201800000000000001','SM201805151427368418325','admin',now(),NULL);
INSERT INTO `tsys_menu_role` (`role_code`,`menu_code`,`updater`,`update_datetime`,`remark`) VALUES ('RO201800000000000001','SM201805161538209633638','admin',now(),NULL);
INSERT INTO `tsys_menu_role` (`role_code`,`menu_code`,`updater`,`update_datetime`,`remark`) VALUES ('RO201800000000000001','SM201805161541576841859','admin',now(),NULL);
INSERT INTO `tsys_menu_role` (`role_code`,`menu_code`,`updater`,`update_datetime`,`remark`) VALUES ('RO201800000000000001','SM201805161542527058108','admin',now(),NULL);
INSERT INTO `tsys_menu_role` (`role_code`,`menu_code`,`updater`,`update_datetime`,`remark`) VALUES ('RO201800000000000001','SM201805162111333266733','admin',now(),NULL);
INSERT INTO `tsys_menu_role` (`role_code`,`menu_code`,`updater`,`update_datetime`,`remark`) VALUES ('RO201800000000000001','SM201805162113473389149','admin',now(),NULL);
INSERT INTO `tsys_menu_role` (`role_code`,`menu_code`,`updater`,`update_datetime`,`remark`) VALUES ('RO201800000000000001','SM201805170038079738669','admin',now(),NULL);
INSERT INTO `tsys_menu_role` (`role_code`,`menu_code`,`updater`,`update_datetime`,`remark`) VALUES ('RO201800000000000001','SM201805170158081279481','admin',now(),NULL);
INSERT INTO `tsys_menu_role` (`role_code`,`menu_code`,`updater`,`update_datetime`,`remark`) VALUES ('RO201800000000000001','SM201805171730323054680','admin',now(),NULL);
INSERT INTO `tsys_menu_role` (`role_code`,`menu_code`,`updater`,`update_datetime`,`remark`) VALUES ('RO201800000000000001','SM201805171747477945012','admin',now(),NULL);
INSERT INTO `tsys_menu_role` (`role_code`,`menu_code`,`updater`,`update_datetime`,`remark`) VALUES ('RO201800000000000001','SM201805171816173306551','admin',now(),NULL);
INSERT INTO `tsys_menu_role` (`role_code`,`menu_code`,`updater`,`update_datetime`,`remark`) VALUES ('RO201800000000000001','SM201805180831155662239','admin',now(),NULL);
INSERT INTO `tsys_menu_role` (`role_code`,`menu_code`,`updater`,`update_datetime`,`remark`) VALUES ('RO201800000000000001','SM201805202008058702503','admin',now(),NULL);
INSERT INTO `tsys_menu_role` (`role_code`,`menu_code`,`updater`,`update_datetime`,`remark`) VALUES ('RO201800000000000001','SM201805291008583268448','admin',now(),NULL);
INSERT INTO `tsys_menu_role` (`role_code`,`menu_code`,`updater`,`update_datetime`,`remark`) VALUES ('RO201800000000000001','SM201805291022497551066','admin',now(),NULL);
INSERT INTO `tsys_menu_role` (`role_code`,`menu_code`,`updater`,`update_datetime`,`remark`) VALUES ('RO201800000000000001','SM201805291100131656291','admin',now(),NULL);
INSERT INTO `tsys_menu_role` (`role_code`,`menu_code`,`updater`,`update_datetime`,`remark`) VALUES ('RO201800000000000001','SM201805291120588711509','admin',now(),NULL);
INSERT INTO `tsys_menu_role` (`role_code`,`menu_code`,`updater`,`update_datetime`,`remark`) VALUES ('RO201800000000000001','SM201805291122139078139','admin',now(),NULL);
INSERT INTO `tsys_menu_role` (`role_code`,`menu_code`,`updater`,`update_datetime`,`remark`) VALUES ('RO201800000000000001','SM201805292228396682044','admin',now(),NULL);
INSERT INTO `tsys_menu_role` (`role_code`,`menu_code`,`updater`,`update_datetime`,`remark`) VALUES ('RO201800000000000001','SM201805292310461796580','admin',now(),NULL);
INSERT INTO `tsys_menu_role` (`role_code`,`menu_code`,`updater`,`update_datetime`,`remark`) VALUES ('RO201800000000000001','SM201805292341413995800','admin',now(),NULL);
INSERT INTO `tsys_menu_role` (`role_code`,`menu_code`,`updater`,`update_datetime`,`remark`) VALUES ('RO201800000000000001','SM201805300001285897792','admin',now(),NULL);
INSERT INTO `tsys_menu_role` (`role_code`,`menu_code`,`updater`,`update_datetime`,`remark`) VALUES ('RO201800000000000001','SM201805301352223589017','admin',now(),NULL);
INSERT INTO `tsys_menu_role` (`role_code`,`menu_code`,`updater`,`update_datetime`,`remark`) VALUES ('RO201800000000000001','SM201805301401568482524','admin',now(),NULL);
INSERT INTO `tsys_menu_role` (`role_code`,`menu_code`,`updater`,`update_datetime`,`remark`) VALUES ('RO201800000000000001','SM201805301404364665025','admin',now(),NULL);
INSERT INTO `tsys_menu_role` (`role_code`,`menu_code`,`updater`,`update_datetime`,`remark`) VALUES ('RO201800000000000001','SM201805301405389904060','admin',now(),NULL);
INSERT INTO `tsys_menu_role` (`role_code`,`menu_code`,`updater`,`update_datetime`,`remark`) VALUES ('RO201800000000000001','SM201805301425463367046','admin',now(),NULL);
INSERT INTO `tsys_menu_role` (`role_code`,`menu_code`,`updater`,`update_datetime`,`remark`) VALUES ('RO201800000000000001','SM201805302355005394257','admin',now(),NULL);
INSERT INTO `tsys_menu_role` (`role_code`,`menu_code`,`updater`,`update_datetime`,`remark`) VALUES ('RO201800000000000001','SM201805310058392132131','admin',now(),NULL);
INSERT INTO `tsys_menu_role` (`role_code`,`menu_code`,`updater`,`update_datetime`,`remark`) VALUES ('RO201800000000000001','SM201805310138367907978','admin',now(),NULL);
INSERT INTO `tsys_menu_role` (`role_code`,`menu_code`,`updater`,`update_datetime`,`remark`) VALUES ('RO201800000000000001','SM201805310140561572125','admin',now(),NULL);
INSERT INTO `tsys_menu_role` (`role_code`,`menu_code`,`updater`,`update_datetime`,`remark`) VALUES ('RO201800000000000001','SM201805310243421577470','admin',now(),NULL);
INSERT INTO `tsys_menu_role` (`role_code`,`menu_code`,`updater`,`update_datetime`,`remark`) VALUES ('RO201800000000000001','SM201805310300329564489','admin',now(),NULL);
INSERT INTO `tsys_menu_role` (`role_code`,`menu_code`,`updater`,`update_datetime`,`remark`) VALUES ('RO201800000000000001','SM201805310301356257728','admin',now(),NULL);
INSERT INTO `tsys_menu_role` (`role_code`,`menu_code`,`updater`,`update_datetime`,`remark`) VALUES ('RO201800000000000001','SM201805310347593975131','admin',now(),NULL);
INSERT INTO `tsys_menu_role` (`role_code`,`menu_code`,`updater`,`update_datetime`,`remark`) VALUES ('RO201800000000000001','SM201805310512368386251','admin',now(),NULL);
INSERT INTO `tsys_menu_role` (`role_code`,`menu_code`,`updater`,`update_datetime`,`remark`) VALUES ('RO201800000000000001','SM201805310740331801105','admin',now(),NULL);
INSERT INTO `tsys_menu_role` (`role_code`,`menu_code`,`updater`,`update_datetime`,`remark`) VALUES ('RO201800000000000001','SM201805311227026096426','admin',now(),NULL);
INSERT INTO `tsys_menu_role` (`role_code`,`menu_code`,`updater`,`update_datetime`,`remark`) VALUES ('RO201800000000000001','SM201805311233028698395','admin',now(),NULL);
INSERT INTO `tsys_menu_role` (`role_code`,`menu_code`,`updater`,`update_datetime`,`remark`) VALUES ('RO201800000000000001','SM201805311923406644904','admin',now(),NULL);
INSERT INTO `tsys_menu_role` (`role_code`,`menu_code`,`updater`,`update_datetime`,`remark`) VALUES ('RO201800000000000001','HTWTSM201800001000000002','admin',now(),NULL);
INSERT INTO `tsys_menu_role` (`role_code`,`menu_code`,`updater`,`update_datetime`,`remark`) VALUES ('RO201800000000000001','SM201804241905224096392','admin',now(),NULL);
INSERT INTO `tsys_menu_role` (`role_code`,`menu_code`,`updater`,`update_datetime`,`remark`) VALUES ('RO201800000000000001','SM201804251646149125308','admin',now(),NULL);
INSERT INTO `tsys_menu_role` (`role_code`,`menu_code`,`updater`,`update_datetime`,`remark`) VALUES ('RO201800000000000001','SM201804251900597489830','admin',now(),NULL);
INSERT INTO `tsys_menu_role` (`role_code`,`menu_code`,`updater`,`update_datetime`,`remark`) VALUES ('RO201800000000000001','SM201804261349236076566','admin',now(),NULL);
INSERT INTO `tsys_menu_role` (`role_code`,`menu_code`,`updater`,`update_datetime`,`remark`) VALUES ('RO201800000000000001','SM201804261354138758172','admin',now(),NULL);
INSERT INTO `tsys_menu_role` (`role_code`,`menu_code`,`updater`,`update_datetime`,`remark`) VALUES ('RO201800000000000001','SM201804261354595823870','admin',now(),NULL);
INSERT INTO `tsys_menu_role` (`role_code`,`menu_code`,`updater`,`update_datetime`,`remark`) VALUES ('RO201800000000000001','SM201804261442135927079','admin',now(),NULL);
INSERT INTO `tsys_menu_role` (`role_code`,`menu_code`,`updater`,`update_datetime`,`remark`) VALUES ('RO201800000000000001','SM201804261456026756527','admin',now(),NULL);
INSERT INTO `tsys_menu_role` (`role_code`,`menu_code`,`updater`,`update_datetime`,`remark`) VALUES ('RO201800000000000001','SM201804271533373702079','admin',now(),NULL);
INSERT INTO `tsys_menu_role` (`role_code`,`menu_code`,`updater`,`update_datetime`,`remark`) VALUES ('RO201800000000000001','SM201804271633381096603','admin',now(),NULL);
INSERT INTO `tsys_menu_role` (`role_code`,`menu_code`,`updater`,`update_datetime`,`remark`) VALUES ('RO201800000000000001','SM201804271734340343650','admin',now(),NULL);
INSERT INTO `tsys_menu_role` (`role_code`,`menu_code`,`updater`,`update_datetime`,`remark`) VALUES ('RO201800000000000001','SM201804301406116552892','admin',now(),NULL);
INSERT INTO `tsys_menu_role` (`role_code`,`menu_code`,`updater`,`update_datetime`,`remark`) VALUES ('RO201800000000000001','SM201804301412402254324','admin',now(),NULL);
INSERT INTO `tsys_menu_role` (`role_code`,`menu_code`,`updater`,`update_datetime`,`remark`) VALUES ('RO201800000000000001','SM201804301420521954097','admin',now(),NULL);
INSERT INTO `tsys_menu_role` (`role_code`,`menu_code`,`updater`,`update_datetime`,`remark`) VALUES ('RO201800000000000001','SM201804301421521342427','admin',now(),NULL);
INSERT INTO `tsys_menu_role` (`role_code`,`menu_code`,`updater`,`update_datetime`,`remark`) VALUES ('RO201800000000000001','SM201804301422537086327','admin',now(),NULL);
INSERT INTO `tsys_menu_role` (`role_code`,`menu_code`,`updater`,`update_datetime`,`remark`) VALUES ('RO201800000000000001','SM201805081703478765902','admin',now(),NULL);
INSERT INTO `tsys_menu_role` (`role_code`,`menu_code`,`updater`,`update_datetime`,`remark`) VALUES ('RO201800000000000001','SM201805081705485635544','admin',now(),NULL);
INSERT INTO `tsys_menu_role` (`role_code`,`menu_code`,`updater`,`update_datetime`,`remark`) VALUES ('RO201800000000000001','SM201805081713364106306','admin',now(),NULL);
INSERT INTO `tsys_menu_role` (`role_code`,`menu_code`,`updater`,`update_datetime`,`remark`) VALUES ('RO201800000000000001','SM201805081718535897157','admin',now(),NULL);
INSERT INTO `tsys_menu_role` (`role_code`,`menu_code`,`updater`,`update_datetime`,`remark`) VALUES ('RO201800000000000001','SM201805081728455223975','admin',now(),NULL);
INSERT INTO `tsys_menu_role` (`role_code`,`menu_code`,`updater`,`update_datetime`,`remark`) VALUES ('RO201800000000000001','SM201805151138030687340','admin',now(),NULL);
INSERT INTO `tsys_menu_role` (`role_code`,`menu_code`,`updater`,`update_datetime`,`remark`) VALUES ('RO201800000000000001','SM201805151141485448437','admin',now(),NULL);
INSERT INTO `tsys_menu_role` (`role_code`,`menu_code`,`updater`,`update_datetime`,`remark`) VALUES ('RO201800000000000001','SM201805151147165116182','admin',now(),NULL);
INSERT INTO `tsys_menu_role` (`role_code`,`menu_code`,`updater`,`update_datetime`,`remark`) VALUES ('RO201800000000000001','SM201805151424224008814','admin',now(),NULL);
INSERT INTO `tsys_menu_role` (`role_code`,`menu_code`,`updater`,`update_datetime`,`remark`) VALUES ('RO201800000000000001','SM201805151428123357430','admin',now(),NULL);
INSERT INTO `tsys_menu_role` (`role_code`,`menu_code`,`updater`,`update_datetime`,`remark`) VALUES ('RO201800000000000001','SM201805161539326666369','admin',now(),NULL);
INSERT INTO `tsys_menu_role` (`role_code`,`menu_code`,`updater`,`update_datetime`,`remark`) VALUES ('RO201800000000000001','SM201805161542208535921','admin',now(),NULL);
INSERT INTO `tsys_menu_role` (`role_code`,`menu_code`,`updater`,`update_datetime`,`remark`) VALUES ('RO201800000000000001','SM201805161543096058565','admin',now(),NULL);
INSERT INTO `tsys_menu_role` (`role_code`,`menu_code`,`updater`,`update_datetime`,`remark`) VALUES ('RO201800000000000001','SM201805162112080719930','admin',now(),NULL);
INSERT INTO `tsys_menu_role` (`role_code`,`menu_code`,`updater`,`update_datetime`,`remark`) VALUES ('RO201800000000000001','SM201805162114525091576','admin',now(),NULL);
INSERT INTO `tsys_menu_role` (`role_code`,`menu_code`,`updater`,`update_datetime`,`remark`) VALUES ('RO201800000000000001','SM201805170159444298537','admin',now(),NULL);
INSERT INTO `tsys_menu_role` (`role_code`,`menu_code`,`updater`,`update_datetime`,`remark`) VALUES ('RO201800000000000001','SM201805171749254406565','admin',now(),NULL);
INSERT INTO `tsys_menu_role` (`role_code`,`menu_code`,`updater`,`update_datetime`,`remark`) VALUES ('RO201800000000000001','SM201805171817010037298','admin',now(),NULL);
INSERT INTO `tsys_menu_role` (`role_code`,`menu_code`,`updater`,`update_datetime`,`remark`) VALUES ('RO201800000000000001','SM201805180831386254002','admin',now(),NULL);
INSERT INTO `tsys_menu_role` (`role_code`,`menu_code`,`updater`,`update_datetime`,`remark`) VALUES ('RO201800000000000001','SM201805291023424289358','admin',now(),NULL);
INSERT INTO `tsys_menu_role` (`role_code`,`menu_code`,`updater`,`update_datetime`,`remark`) VALUES ('RO201800000000000001','SM201805291117032851555','admin',now(),NULL);
INSERT INTO `tsys_menu_role` (`role_code`,`menu_code`,`updater`,`update_datetime`,`remark`) VALUES ('RO201800000000000001','SM201805292229096914345','admin',now(),NULL);
INSERT INTO `tsys_menu_role` (`role_code`,`menu_code`,`updater`,`update_datetime`,`remark`) VALUES ('RO201800000000000001','SM201805292311143936143','admin',now(),NULL);
INSERT INTO `tsys_menu_role` (`role_code`,`menu_code`,`updater`,`update_datetime`,`remark`) VALUES ('RO201800000000000001','SM201805292342036598805','admin',now(),NULL);
INSERT INTO `tsys_menu_role` (`role_code`,`menu_code`,`updater`,`update_datetime`,`remark`) VALUES ('RO201800000000000001','SM201805300001403287926','admin',now(),NULL);
INSERT INTO `tsys_menu_role` (`role_code`,`menu_code`,`updater`,`update_datetime`,`remark`) VALUES ('RO201800000000000001','SM201805301353172967295','admin',now(),NULL);
INSERT INTO `tsys_menu_role` (`role_code`,`menu_code`,`updater`,`update_datetime`,`remark`) VALUES ('RO201800000000000001','SM201805301402526871471','admin',now(),NULL);
INSERT INTO `tsys_menu_role` (`role_code`,`menu_code`,`updater`,`update_datetime`,`remark`) VALUES ('RO201800000000000001','SM201805301404545315674','admin',now(),NULL);
INSERT INTO `tsys_menu_role` (`role_code`,`menu_code`,`updater`,`update_datetime`,`remark`) VALUES ('RO201800000000000001','SM201805301406061714091','admin',now(),NULL);
INSERT INTO `tsys_menu_role` (`role_code`,`menu_code`,`updater`,`update_datetime`,`remark`) VALUES ('RO201800000000000001','SM201805301426133156840','admin',now(),NULL);
INSERT INTO `tsys_menu_role` (`role_code`,`menu_code`,`updater`,`update_datetime`,`remark`) VALUES ('RO201800000000000001','SM201805302355185216110','admin',now(),NULL);
INSERT INTO `tsys_menu_role` (`role_code`,`menu_code`,`updater`,`update_datetime`,`remark`) VALUES ('RO201800000000000001','SM201805310058543412057','admin',now(),NULL);
INSERT INTO `tsys_menu_role` (`role_code`,`menu_code`,`updater`,`update_datetime`,`remark`) VALUES ('RO201800000000000001','SM201805310141212259474','admin',now(),NULL);
INSERT INTO `tsys_menu_role` (`role_code`,`menu_code`,`updater`,`update_datetime`,`remark`) VALUES ('RO201800000000000001','SM201805310244109985100','admin',now(),NULL);
INSERT INTO `tsys_menu_role` (`role_code`,`menu_code`,`updater`,`update_datetime`,`remark`) VALUES ('RO201800000000000001','SM201805310300555272813','admin',now(),NULL);
INSERT INTO `tsys_menu_role` (`role_code`,`menu_code`,`updater`,`update_datetime`,`remark`) VALUES ('RO201800000000000001','SM201805310301586821716','admin',now(),NULL);
INSERT INTO `tsys_menu_role` (`role_code`,`menu_code`,`updater`,`update_datetime`,`remark`) VALUES ('RO201800000000000001','SM201805310512554765085','admin',now(),NULL);
INSERT INTO `tsys_menu_role` (`role_code`,`menu_code`,`updater`,`update_datetime`,`remark`) VALUES ('RO201800000000000001','SM201805310741598422718','admin',now(),NULL);
INSERT INTO `tsys_menu_role` (`role_code`,`menu_code`,`updater`,`update_datetime`,`remark`) VALUES ('RO201800000000000001','SM201805311227280509596','admin',now(),NULL);
INSERT INTO `tsys_menu_role` (`role_code`,`menu_code`,`updater`,`update_datetime`,`remark`) VALUES ('RO201800000000000001','SM201805311230574208013','admin',now(),NULL);
INSERT INTO `tsys_menu_role` (`role_code`,`menu_code`,`updater`,`update_datetime`,`remark`) VALUES ('RO201800000000000001','SM201805311923528775491','admin',now(),NULL);
INSERT INTO `tsys_menu_role` (`role_code`,`menu_code`,`updater`,`update_datetime`,`remark`) VALUES ('RO201800000000000001','SM201804251647429608504','admin',now(),NULL);
INSERT INTO `tsys_menu_role` (`role_code`,`menu_code`,`updater`,`update_datetime`,`remark`) VALUES ('RO201800000000000001','SM201804251721516584466','admin',now(),NULL);
INSERT INTO `tsys_menu_role` (`role_code`,`menu_code`,`updater`,`update_datetime`,`remark`) VALUES ('RO201800000000000001','SM201804261355188031376','admin',now(),NULL);
INSERT INTO `tsys_menu_role` (`role_code`,`menu_code`,`updater`,`update_datetime`,`remark`) VALUES ('RO201800000000000001','SM201804261442413839763','admin',now(),NULL);
INSERT INTO `tsys_menu_role` (`role_code`,`menu_code`,`updater`,`update_datetime`,`remark`) VALUES ('RO201800000000000001','SM201804261456503673631','admin',now(),NULL);
INSERT INTO `tsys_menu_role` (`role_code`,`menu_code`,`updater`,`update_datetime`,`remark`) VALUES ('RO201800000000000001','SM201804271534051688530','admin',now(),NULL);
INSERT INTO `tsys_menu_role` (`role_code`,`menu_code`,`updater`,`update_datetime`,`remark`) VALUES ('RO201800000000000001','SM201804271634353025309','admin',now(),NULL);
INSERT INTO `tsys_menu_role` (`role_code`,`menu_code`,`updater`,`update_datetime`,`remark`) VALUES ('RO201800000000000001','SM201804301406356625671','admin',now(),NULL);
INSERT INTO `tsys_menu_role` (`role_code`,`menu_code`,`updater`,`update_datetime`,`remark`) VALUES ('RO201800000000000001','SM201804301413103705972','admin',now(),NULL);
INSERT INTO `tsys_menu_role` (`role_code`,`menu_code`,`updater`,`update_datetime`,`remark`) VALUES ('RO201800000000000001','SM201804301416500665320','admin',now(),NULL);
INSERT INTO `tsys_menu_role` (`role_code`,`menu_code`,`updater`,`update_datetime`,`remark`) VALUES ('RO201800000000000001','SM201804301423210056970','admin',now(),NULL);
INSERT INTO `tsys_menu_role` (`role_code`,`menu_code`,`updater`,`update_datetime`,`remark`) VALUES ('RO201800000000000001','SM201805081714299133603','admin',now(),NULL);
INSERT INTO `tsys_menu_role` (`role_code`,`menu_code`,`updater`,`update_datetime`,`remark`) VALUES ('RO201800000000000001','SM201805081719260431762','admin',now(),NULL);
INSERT INTO `tsys_menu_role` (`role_code`,`menu_code`,`updater`,`update_datetime`,`remark`) VALUES ('RO201800000000000001','SM201805081729389868979','admin',now(),NULL);
INSERT INTO `tsys_menu_role` (`role_code`,`menu_code`,`updater`,`update_datetime`,`remark`) VALUES ('RO201800000000000001','SM201805151139084406337','admin',now(),NULL);
INSERT INTO `tsys_menu_role` (`role_code`,`menu_code`,`updater`,`update_datetime`,`remark`) VALUES ('RO201800000000000001','SM201805151142343848298','admin',now(),NULL);
INSERT INTO `tsys_menu_role` (`role_code`,`menu_code`,`updater`,`update_datetime`,`remark`) VALUES ('RO201800000000000001','SM201805151147580028177','admin',now(),NULL);
INSERT INTO `tsys_menu_role` (`role_code`,`menu_code`,`updater`,`update_datetime`,`remark`) VALUES ('RO201800000000000001','SM201805151424524473130','admin',now(),NULL);
INSERT INTO `tsys_menu_role` (`role_code`,`menu_code`,`updater`,`update_datetime`,`remark`) VALUES ('RO201800000000000001','SM201805160026263651871','admin',now(),NULL);
INSERT INTO `tsys_menu_role` (`role_code`,`menu_code`,`updater`,`update_datetime`,`remark`) VALUES ('RO201800000000000001','SM201805170200351521401','admin',now(),NULL);
INSERT INTO `tsys_menu_role` (`role_code`,`menu_code`,`updater`,`update_datetime`,`remark`) VALUES ('RO201800000000000001','SM201805171817249615966','admin',now(),NULL);
INSERT INTO `tsys_menu_role` (`role_code`,`menu_code`,`updater`,`update_datetime`,`remark`) VALUES ('RO201800000000000001','SM201805291007027185682','admin',now(),NULL);
INSERT INTO `tsys_menu_role` (`role_code`,`menu_code`,`updater`,`update_datetime`,`remark`) VALUES ('RO201800000000000001','SM201805291013406492370','admin',now(),NULL);
INSERT INTO `tsys_menu_role` (`role_code`,`menu_code`,`updater`,`update_datetime`,`remark`) VALUES ('RO201800000000000001','SM201805291024417046938','admin',now(),NULL);
INSERT INTO `tsys_menu_role` (`role_code`,`menu_code`,`updater`,`update_datetime`,`remark`) VALUES ('RO201800000000000001','SM201805292229305042458','admin',now(),NULL);
INSERT INTO `tsys_menu_role` (`role_code`,`menu_code`,`updater`,`update_datetime`,`remark`) VALUES ('RO201800000000000001','SM201805292343075237065','admin',now(),NULL);
INSERT INTO `tsys_menu_role` (`role_code`,`menu_code`,`updater`,`update_datetime`,`remark`) VALUES ('RO201800000000000001','SM201805301354371318364','admin',now(),NULL);
INSERT INTO `tsys_menu_role` (`role_code`,`menu_code`,`updater`,`update_datetime`,`remark`) VALUES ('RO201800000000000001','SM201805301403549725902','admin',now(),NULL);
INSERT INTO `tsys_menu_role` (`role_code`,`menu_code`,`updater`,`update_datetime`,`remark`) VALUES ('RO201800000000000001','SM201805301405099024070','admin',now(),NULL);
INSERT INTO `tsys_menu_role` (`role_code`,`menu_code`,`updater`,`update_datetime`,`remark`) VALUES ('RO201800000000000001','SM201805301426338849454','admin',now(),NULL);
INSERT INTO `tsys_menu_role` (`role_code`,`menu_code`,`updater`,`update_datetime`,`remark`) VALUES ('RO201800000000000001','SM201805310143070802430','admin',now(),NULL);
INSERT INTO `tsys_menu_role` (`role_code`,`menu_code`,`updater`,`update_datetime`,`remark`) VALUES ('RO201800000000000001','SM201805310513080348085','admin',now(),NULL);
INSERT INTO `tsys_menu_role` (`role_code`,`menu_code`,`updater`,`update_datetime`,`remark`) VALUES ('RO201800000000000001','SM201805310742150248924','admin',now(),NULL);
INSERT INTO `tsys_menu_role` (`role_code`,`menu_code`,`updater`,`update_datetime`,`remark`) VALUES ('RO201800000000000001','SM201805311227464004035','admin',now(),NULL);
INSERT INTO `tsys_menu_role` (`role_code`,`menu_code`,`updater`,`update_datetime`,`remark`) VALUES ('RO201800000000000001','SM201806010056218043812','admin',now(),NULL);
INSERT INTO `tsys_menu_role` (`role_code`,`menu_code`,`updater`,`update_datetime`,`remark`) VALUES ('RO201800000000000001','SM201804242145538681651','admin',now(),NULL);
INSERT INTO `tsys_menu_role` (`role_code`,`menu_code`,`updater`,`update_datetime`,`remark`) VALUES ('RO201800000000000001','SM201804251902302794248','admin',now(),NULL);
INSERT INTO `tsys_menu_role` (`role_code`,`menu_code`,`updater`,`update_datetime`,`remark`) VALUES ('RO201800000000000001','SM201804261355444488601','admin',now(),NULL);
INSERT INTO `tsys_menu_role` (`role_code`,`menu_code`,`updater`,`update_datetime`,`remark`) VALUES ('RO201800000000000001','SM201804261443038387310','admin',now(),NULL);
INSERT INTO `tsys_menu_role` (`role_code`,`menu_code`,`updater`,`update_datetime`,`remark`) VALUES ('RO201800000000000001','SM201804261457247095405','admin',now(),NULL);
INSERT INTO `tsys_menu_role` (`role_code`,`menu_code`,`updater`,`update_datetime`,`remark`) VALUES ('RO201800000000000001','SM201804261916138008548','admin',now(),NULL);
INSERT INTO `tsys_menu_role` (`role_code`,`menu_code`,`updater`,`update_datetime`,`remark`) VALUES ('RO201800000000000001','SM201804271534266319193','admin',now(),NULL);
INSERT INTO `tsys_menu_role` (`role_code`,`menu_code`,`updater`,`update_datetime`,`remark`) VALUES ('RO201800000000000001','SM201804271635122545502','admin',now(),NULL);
INSERT INTO `tsys_menu_role` (`role_code`,`menu_code`,`updater`,`update_datetime`,`remark`) VALUES ('RO201800000000000001','SM201804301407183648138','admin',now(),NULL);
INSERT INTO `tsys_menu_role` (`role_code`,`menu_code`,`updater`,`update_datetime`,`remark`) VALUES ('RO201800000000000001','SM201804301417154135904','admin',now(),NULL);
INSERT INTO `tsys_menu_role` (`role_code`,`menu_code`,`updater`,`update_datetime`,`remark`) VALUES ('RO201800000000000001','SM201805081715003349937','admin',now(),NULL);
INSERT INTO `tsys_menu_role` (`role_code`,`menu_code`,`updater`,`update_datetime`,`remark`) VALUES ('RO201800000000000001','SM201805081719507452259','admin',now(),NULL);
INSERT INTO `tsys_menu_role` (`role_code`,`menu_code`,`updater`,`update_datetime`,`remark`) VALUES ('RO201800000000000001','SM201805151139420921219','admin',now(),NULL);
INSERT INTO `tsys_menu_role` (`role_code`,`menu_code`,`updater`,`update_datetime`,`remark`) VALUES ('RO201800000000000001','SM201805151143052326946','admin',now(),NULL);
INSERT INTO `tsys_menu_role` (`role_code`,`menu_code`,`updater`,`update_datetime`,`remark`) VALUES ('RO201800000000000001','SM201805151148197519303','admin',now(),NULL);
INSERT INTO `tsys_menu_role` (`role_code`,`menu_code`,`updater`,`update_datetime`,`remark`) VALUES ('RO201800000000000001','SM201805170201043545514','admin',now(),NULL);
INSERT INTO `tsys_menu_role` (`role_code`,`menu_code`,`updater`,`update_datetime`,`remark`) VALUES ('RO201800000000000001','SM201805291017221547546','admin',now(),NULL);
INSERT INTO `tsys_menu_role` (`role_code`,`menu_code`,`updater`,`update_datetime`,`remark`) VALUES ('RO201800000000000001','SM201805291025295625074','admin',now(),NULL);
INSERT INTO `tsys_menu_role` (`role_code`,`menu_code`,`updater`,`update_datetime`,`remark`) VALUES ('RO201800000000000001','SM201805291053375683183','admin',now(),NULL);
INSERT INTO `tsys_menu_role` (`role_code`,`menu_code`,`updater`,`update_datetime`,`remark`) VALUES ('RO201800000000000001','SM201805292311481713436','admin',now(),NULL);
INSERT INTO `tsys_menu_role` (`role_code`,`menu_code`,`updater`,`update_datetime`,`remark`) VALUES ('RO201800000000000001','SM201805292343214136871','admin',now(),NULL);
INSERT INTO `tsys_menu_role` (`role_code`,`menu_code`,`updater`,`update_datetime`,`remark`) VALUES ('RO201800000000000001','SM201805301354548731957','admin',now(),NULL);
INSERT INTO `tsys_menu_role` (`role_code`,`menu_code`,`updater`,`update_datetime`,`remark`) VALUES ('RO201800000000000001','SM201805301404079981243','admin',now(),NULL);
INSERT INTO `tsys_menu_role` (`role_code`,`menu_code`,`updater`,`update_datetime`,`remark`) VALUES ('RO201800000000000001','SM201805301429024449260','admin',now(),NULL);
INSERT INTO `tsys_menu_role` (`role_code`,`menu_code`,`updater`,`update_datetime`,`remark`) VALUES ('RO201800000000000001','SM201805310143378169233','admin',now(),NULL);
INSERT INTO `tsys_menu_role` (`role_code`,`menu_code`,`updater`,`update_datetime`,`remark`) VALUES ('RO201800000000000001','SM201805310242423914884','admin',now(),NULL);
INSERT INTO `tsys_menu_role` (`role_code`,`menu_code`,`updater`,`update_datetime`,`remark`) VALUES ('RO201800000000000001','SM201805310347411931086','admin',now(),NULL);
INSERT INTO `tsys_menu_role` (`role_code`,`menu_code`,`updater`,`update_datetime`,`remark`) VALUES ('RO201800000000000001','SM201804251552372043999','admin',now(),NULL);
INSERT INTO `tsys_menu_role` (`role_code`,`menu_code`,`updater`,`update_datetime`,`remark`) VALUES ('RO201800000000000001','SM201804261356113521261','admin',now(),NULL);
INSERT INTO `tsys_menu_role` (`role_code`,`menu_code`,`updater`,`update_datetime`,`remark`) VALUES ('RO201800000000000001','SM201804261457540441246','admin',now(),NULL);
INSERT INTO `tsys_menu_role` (`role_code`,`menu_code`,`updater`,`update_datetime`,`remark`) VALUES ('RO201800000000000001','SM201804262141502085147','admin',now(),NULL);
INSERT INTO `tsys_menu_role` (`role_code`,`menu_code`,`updater`,`update_datetime`,`remark`) VALUES ('RO201800000000000001','SM201804271534490278831','admin',now(),NULL);
INSERT INTO `tsys_menu_role` (`role_code`,`menu_code`,`updater`,`update_datetime`,`remark`) VALUES ('RO201800000000000001','SM201804271635347336057','admin',now(),NULL);
INSERT INTO `tsys_menu_role` (`role_code`,`menu_code`,`updater`,`update_datetime`,`remark`) VALUES ('RO201800000000000001','SM201804271801337258756','admin',now(),NULL);
INSERT INTO `tsys_menu_role` (`role_code`,`menu_code`,`updater`,`update_datetime`,`remark`) VALUES ('RO201800000000000001','SM201804301408090236536','admin',now(),NULL);
INSERT INTO `tsys_menu_role` (`role_code`,`menu_code`,`updater`,`update_datetime`,`remark`) VALUES ('RO201800000000000001','SM201805151140189894428','admin',now(),NULL);
INSERT INTO `tsys_menu_role` (`role_code`,`menu_code`,`updater`,`update_datetime`,`remark`) VALUES ('RO201800000000000001','SM201805151143309479378','admin',now(),NULL);
INSERT INTO `tsys_menu_role` (`role_code`,`menu_code`,`updater`,`update_datetime`,`remark`) VALUES ('RO201800000000000001','SM201805170201355929082','admin',now(),NULL);
INSERT INTO `tsys_menu_role` (`role_code`,`menu_code`,`updater`,`update_datetime`,`remark`) VALUES ('RO201800000000000001','SM201805291018133331107','admin',now(),NULL);
INSERT INTO `tsys_menu_role` (`role_code`,`menu_code`,`updater`,`update_datetime`,`remark`) VALUES ('RO201800000000000001','SM201805292312006022232','admin',now(),NULL);
INSERT INTO `tsys_menu_role` (`role_code`,`menu_code`,`updater`,`update_datetime`,`remark`) VALUES ('RO201800000000000001','SM201805301429178387519','admin',now(),NULL);
INSERT INTO `tsys_menu_role` (`role_code`,`menu_code`,`updater`,`update_datetime`,`remark`) VALUES ('RO201800000000000001','SM201805310313196555261','admin',now(),NULL);
INSERT INTO `tsys_menu_role` (`role_code`,`menu_code`,`updater`,`update_datetime`,`remark`) VALUES ('RO201800000000000001','SM201805310423008102177','admin',now(),NULL);
INSERT INTO `tsys_menu_role` (`role_code`,`menu_code`,`updater`,`update_datetime`,`remark`) VALUES ('RO201800000000000001','SM201804251636229258354','admin',now(),NULL);
INSERT INTO `tsys_menu_role` (`role_code`,`menu_code`,`updater`,`update_datetime`,`remark`) VALUES ('RO201800000000000001','SM201804271804131056703','admin',now(),NULL);
INSERT INTO `tsys_menu_role` (`role_code`,`menu_code`,`updater`,`update_datetime`,`remark`) VALUES ('RO201800000000000001','SM201804301408366544676','admin',now(),NULL);
INSERT INTO `tsys_menu_role` (`role_code`,`menu_code`,`updater`,`update_datetime`,`remark`) VALUES ('RO201800000000000001','SM201805291055307456089','admin',now(),NULL);
INSERT INTO `tsys_menu_role` (`role_code`,`menu_code`,`updater`,`update_datetime`,`remark`) VALUES ('RO201800000000000001','SM201805291121432585610','admin',now(),NULL);
INSERT INTO `tsys_menu_role` (`role_code`,`menu_code`,`updater`,`update_datetime`,`remark`) VALUES ('RO201800000000000001','SM201805310351574072000','admin',now(),NULL);
INSERT INTO `tsys_menu_role` (`role_code`,`menu_code`,`updater`,`update_datetime`,`remark`) VALUES ('RO201800000000000001','SM201804301405228059456','admin',now(),NULL);
INSERT INTO `tsys_menu_role` (`role_code`,`menu_code`,`updater`,`update_datetime`,`remark`) VALUES ('RO201800000000000001','SM201804301409101479675','admin',now(),NULL);
INSERT INTO `tsys_menu_role` (`role_code`,`menu_code`,`updater`,`update_datetime`,`remark`) VALUES ('RO201800000000000001','SM201805081056379762242','admin',now(),NULL);
INSERT INTO `tsys_menu_role` (`role_code`,`menu_code`,`updater`,`update_datetime`,`remark`) VALUES ('RO201800000000000001','SM201805310512170534911','admin',now(),NULL);
INSERT INTO `tsys_menu_role` (`role_code`,`menu_code`,`updater`,`update_datetime`,`remark`) VALUES ('RO201800000000000001','SM201804271806010518814','admin',now(),NULL);
INSERT INTO `tsys_menu_role` (`role_code`,`menu_code`,`updater`,`update_datetime`,`remark`) VALUES ('RO201800000000000001','SM201804301409426698234','admin',now(),NULL);
INSERT INTO `tsys_menu_role` (`role_code`,`menu_code`,`updater`,`update_datetime`,`remark`) VALUES ('RO201800000000000001','SM201804301411257273786','admin',now(),NULL);
INSERT INTO `tsys_menu_role` (`role_code`,`menu_code`,`updater`,`update_datetime`,`remark`) VALUES ('RO201800000000000001','SM201804271806335389896','admin',now(),NULL);
INSERT INTO `tsys_menu_role` (`role_code`,`menu_code`,`updater`,`update_datetime`,`remark`) VALUES ('RO201800000000000001','SM201804301410177164183','admin',now(),NULL);
INSERT INTO `tsys_menu_role` (`role_code`,`menu_code`,`updater`,`update_datetime`,`remark`) VALUES ('RO201800000000000001','SM201804301415107007680','admin',now(),NULL);
INSERT INTO `tsys_menu_role` (`role_code`,`menu_code`,`updater`,`update_datetime`,`remark`) VALUES ('RO201800000000000001','SM201805291030239333610','admin',now(),NULL);
INSERT INTO `tsys_menu_role` (`role_code`,`menu_code`,`updater`,`update_datetime`,`remark`) VALUES ('RO201800000000000001','SM201805291032194718466','admin',now(),NULL);
INSERT INTO `tsys_menu_role` (`role_code`,`menu_code`,`updater`,`update_datetime`,`remark`) VALUES ('RO201800000000000001','SM201805291033129682833','admin',now(),NULL);
INSERT INTO `tsys_menu_role` (`role_code`,`menu_code`,`updater`,`update_datetime`,`remark`) VALUES ('RO201800000000000001','SM201805291034405409203','admin',now(),NULL);
INSERT INTO `tsys_menu_role` (`role_code`,`menu_code`,`updater`,`update_datetime`,`remark`) VALUES ('RO201800000000000001','SM201805291035342036590','admin',now(),NULL);
INSERT INTO `tsys_menu_role` (`role_code`,`menu_code`,`updater`,`update_datetime`,`remark`) VALUES ('RO201800000000000001','SM201805291037383171866','admin',now(),NULL);
INSERT INTO `tsys_menu_role` (`role_code`,`menu_code`,`updater`,`update_datetime`,`remark`) VALUES ('RO201800000000000001','SM201805081102218914268','admin',now(),NULL);
INSERT INTO `tsys_menu_role` (`role_code`,`menu_code`,`updater`,`update_datetime`,`remark`) VALUES ('RO201800000000000001','SM201804251551209812232','admin',now(),NULL);
INSERT INTO `tsys_menu_role` (`role_code`,`menu_code`,`updater`,`update_datetime`,`remark`) VALUES ('RO201800000000000001','SM201804251641205262986','admin',now(),NULL);
INSERT INTO `tsys_menu_role` (`role_code`,`menu_code`,`updater`,`update_datetime`,`remark`) VALUES ('RO201800000000000001','SM201804260952290167273','admin',now(),NULL);
INSERT INTO `tsys_menu_role` (`role_code`,`menu_code`,`updater`,`update_datetime`,`remark`) VALUES ('RO201800000000000001','SM201804260952594382716','admin',now(),NULL);
INSERT INTO `tsys_menu_role` (`role_code`,`menu_code`,`updater`,`update_datetime`,`remark`) VALUES ('RO201800000000000001','SM201804260953302524771','admin',now(),NULL);
INSERT INTO `tsys_menu_role` (`role_code`,`menu_code`,`updater`,`update_datetime`,`remark`) VALUES ('RO201800000000000001','SM201804260955004909294','admin',now(),NULL);

INSERT INTO `tstd_account` (`account_number`,`user_id`,`real_name`,`type`,`status`,`currency`,`amount`,`frozen_amount`,`md5`,`create_datetime`,`last_order`) VALUES ('SYS_ACOUNT_CNY','SYS_USER_HTWT','平台人民币盈亏账户','P','0','CNY',0,0,'b99e0407fedc3d160f73fec8d1fa9a0c',now(),NULL);
INSERT INTO `tstd_account` (`account_number`,`user_id`,`real_name`,`type`,`status`,`currency`,`amount`,`frozen_amount`,`md5`,`create_datetime`,`last_order`) VALUES ('SYS_ACOUNT_CNY_TG','SYS_USER_HTWT','平台人民币托管账户','P','0','CNY',0,0,'b99e0407fedc3d160f73fec8d1fa9a0c',now(),NULL);
INSERT INTO `tstd_account` (`account_number`,`user_id`,`real_name`,`type`,`status`,`currency`,`amount`,`frozen_amount`,`md5`,`create_datetime`,`last_order`) VALUES ('SYS_ACOUNT_JF','SYS_USER_HTWT','平台积分账户','P','0','JF',0,0,'b99e0407fedc3d160f73fec8d1fa9a0c',now(),NULL);

/*
-- Query: SELECT * FROM tsys_node
-- Date: 2018-05-31 09:26
*/
INSERT INTO `tsys_node` (`code`,`name`,`type`,`remark`) VALUES ('001_01','填写征信单','001',NULL);
INSERT INTO `tsys_node` (`code`,`name`,`type`,`remark`) VALUES ('001_02','录入征信结果','001',NULL);
INSERT INTO `tsys_node` (`code`,`name`,`type`,`remark`) VALUES ('001_03','风控专员审核','001',NULL);
INSERT INTO `tsys_node` (`code`,`name`,`type`,`remark`) VALUES ('001_04','风控专员审核不通过','001',NULL);
INSERT INTO `tsys_node` (`code`,`name`,`type`,`remark`) VALUES ('001_09','征信单入档','001',NULL);

INSERT INTO `tsys_node` (`code`,`name`,`type`,`remark`) VALUES ('002_01','填写准入申请单','002',NULL);
INSERT INTO `tsys_node` (`code`,`name`,`type`,`remark`) VALUES ('002_02','风控专员审核','002',NULL);
INSERT INTO `tsys_node` (`code`,`name`,`type`,`remark`) VALUES ('002_03','风控主管审核','002',NULL);
INSERT INTO `tsys_node` (`code`,`name`,`type`,`remark`) VALUES ('002_04','重新填写准入申请单','002',NULL);
INSERT INTO `tsys_node` (`code`,`name`,`type`,`remark`) VALUES ('002_05','面签','002',NULL);
INSERT INTO `tsys_node` (`code`,`name`,`type`,`remark`) VALUES ('002_06','业务总监审核','002',NULL);
INSERT INTO `tsys_node` (`code`,`name`,`type`,`remark`) VALUES ('002_07','财务垫资','002',NULL);
INSERT INTO `tsys_node` (`code`,`name`,`type`,`remark`) VALUES ('002_08','重新面签','002',NULL);
INSERT INTO `tsys_node` (`code`,`name`,`type`,`remark`) VALUES ('002_09','业务团队安装GPS','002',NULL);
INSERT INTO `tsys_node` (`code`,`name`,`type`,`remark`) VALUES ('002_10','GPS管理员审核','002',NULL);
INSERT INTO `tsys_node` (`code`,`name`,`type`,`remark`) VALUES ('002_11','业务团队车辆落户','002',NULL);
INSERT INTO `tsys_node` (`code`,`name`,`type`,`remark`) VALUES ('002_12','业务团队重新安装GPS','002',NULL);
INSERT INTO `tsys_node` (`code`,`name`,`type`,`remark`) VALUES ('002_13','业务贷后审核材料','002',NULL);
INSERT INTO `tsys_node` (`code`,`name`,`type`,`remark`) VALUES ('002_14','驻行人员审核放款材料','002',NULL);
INSERT INTO `tsys_node` (`code`,`name`,`type`,`remark`) VALUES ('002_15','驻行人员回录提交放款材料','002',NULL);
INSERT INTO `tsys_node` (`code`,`name`,`type`,`remark`) VALUES ('002_16','驻行人员录入银行放款信息','002',NULL);
INSERT INTO `tsys_node` (`code`,`name`,`type`,`remark`) VALUES ('002_17','财务确认银行放款','002',NULL);
INSERT INTO `tsys_node` (`code`,`name`,`type`,`remark`) VALUES ('002_18','业务团队车辆抵押','002',NULL);
INSERT INTO `tsys_node` (`code`,`name`,`type`,`remark`) VALUES ('002_19','驻行人员审核抵押材料','002',NULL);
INSERT INTO `tsys_node` (`code`,`name`,`type`,`remark`) VALUES ('002_20','抵押提交银行','002',NULL);
INSERT INTO `tsys_node` (`code`,`name`,`type`,`remark`) VALUES ('002_21','抵押完成','002',NULL);
INSERT INTO `tsys_node` (`code`,`name`,`type`,`remark`) VALUES ('002_22','确认入档','002',NULL);
INSERT INTO `tsys_node` (`code`,`name`,`type`,`remark`) VALUES ('002_23','还款计划','002',NULL);

/*
-- Query: SELECT `type`,`current_node`,`next_node`,`back_node`,`file_list`,`remark` FROM tsys_node_flow
-- Date: 2018-06-01 08:32
*/
INSERT INTO `tsys_node_flow` (`type`,`current_node`,`next_node`,`back_node`,`file_list`,`remark`) VALUES ('001','001_01','001_02',NULL,'担保合同,抵押合同',NULL);
INSERT INTO `tsys_node_flow` (`type`,`current_node`,`next_node`,`back_node`,`file_list`,`remark`) VALUES ('001','001_02','001_03',NULL,NULL,NULL);
INSERT INTO `tsys_node_flow` (`type`,`current_node`,`next_node`,`back_node`,`file_list`,`remark`) VALUES ('001','001_03','002_01','001_04',NULL,NULL);
INSERT INTO `tsys_node_flow` (`type`,`current_node`,`next_node`,`back_node`,`file_list`,`remark`) VALUES ('001','001_04','001_02','',NULL,NULL);
INSERT INTO `tsys_node_flow` (`type`,`current_node`,`next_node`,`back_node`,`file_list`,`remark`) VALUES ('002','002_01','002_02',NULL,NULL,NULL);
INSERT INTO `tsys_node_flow` (`type`,`current_node`,`next_node`,`back_node`,`file_list`,`remark`) VALUES ('002','002_02','002_03','002_04',NULL,NULL);
INSERT INTO `tsys_node_flow` (`type`,`current_node`,`next_node`,`back_node`,`file_list`,`remark`) VALUES ('002','002_03','002_05','002_04',NULL,NULL);
INSERT INTO `tsys_node_flow` (`type`,`current_node`,`next_node`,`back_node`,`file_list`,`remark`) VALUES ('002','002_04','002_02','',NULL,NULL);
INSERT INTO `tsys_node_flow` (`type`,`current_node`,`next_node`,`back_node`,`file_list`,`remark`) VALUES ('002','002_05','002_06',NULL,NULL,NULL);
INSERT INTO `tsys_node_flow` (`type`,`current_node`,`next_node`,`back_node`,`file_list`,`remark`) VALUES ('002','002_06','002_07','002_08',NULL,NULL);
INSERT INTO `tsys_node_flow` (`type`,`current_node`,`next_node`,`back_node`,`file_list`,`remark`) VALUES ('002','002_07','002_09','',NULL,NULL);
INSERT INTO `tsys_node_flow` (`type`,`current_node`,`next_node`,`back_node`,`file_list`,`remark`) VALUES ('002','002_08','002_06',NULL,NULL,NULL);
INSERT INTO `tsys_node_flow` (`type`,`current_node`,`next_node`,`back_node`,`file_list`,`remark`) VALUES ('002','002_09','002_10','',NULL,NULL);
INSERT INTO `tsys_node_flow` (`type`,`current_node`,`next_node`,`back_node`,`file_list`,`remark`) VALUES ('002','002_10','002_11','002_12',NULL,NULL);
INSERT INTO `tsys_node_flow` (`type`,`current_node`,`next_node`,`back_node`,`file_list`,`remark`) VALUES ('002','002_12','002_10',NULL,NULL,NULL);
INSERT INTO `tsys_node_flow` (`type`,`current_node`,`next_node`,`back_node`,`file_list`,`remark`) VALUES ('002','002_11','002_13',NULL,'购车合同',NULL);
INSERT INTO `tsys_node_flow` (`type`,`current_node`,`next_node`,`back_node`,`file_list`,`remark`) VALUES ('002','002_13','002_14',NULL,'合同',NULL);
INSERT INTO `tsys_node_flow` (`type`,`current_node`,`next_node`,`back_node`,`file_list`,`remark`) VALUES ('002','002_14','002_15',NULL,NULL,NULL);
INSERT INTO `tsys_node_flow` (`type`,`current_node`,`next_node`,`back_node`,`file_list`,`remark`) VALUES ('002','002_15','002_16',NULL,NULL,NULL);
INSERT INTO `tsys_node_flow` (`type`,`current_node`,`next_node`,`back_node`,`file_list`,`remark`) VALUES ('002','002_16','002_17',NULL,NULL,NULL);
INSERT INTO `tsys_node_flow` (`type`,`current_node`,`next_node`,`back_node`,`file_list`,`remark`) VALUES ('002','002_17','002_18',NULL,NULL,NULL);
INSERT INTO `tsys_node_flow` (`type`,`current_node`,`next_node`,`back_node`,`file_list`,`remark`) VALUES ('002','002_18','002_19','','合同',NULL);
INSERT INTO `tsys_node_flow` (`type`,`current_node`,`next_node`,`back_node`,`file_list`,`remark`) VALUES ('002','002_19','002_20','','合同',NULL);
INSERT INTO `tsys_node_flow` (`type`,`current_node`,`next_node`,`back_node`,`file_list`,`remark`) VALUES ('002','002_20','002_21',NULL,NULL,NULL);
INSERT INTO `tsys_node_flow` (`type`,`current_node`,`next_node`,`back_node`,`file_list`,`remark`) VALUES ('002','002_21','002_22',NULL,NULL,NULL);
INSERT INTO `tsys_node_flow` (`type`,`current_node`,`next_node`,`back_node`,`file_list`,`remark`) VALUES ('002','002_22','002_23',NULL,NULL,NULL);

/*
-- Query: SELECT * FROM dev_xn_htwt.tmall_category
-- Date: 2018-06-01 06:42
*/
INSERT INTO `tmall_category` (`code`,`parent_code`,`name`,`pic`,`order_no`,`status`) VALUES ('FL201805291321568664568','1','码数产品',NULL,1,'1');
INSERT INTO `tmall_category` (`code`,`parent_code`,`name`,`pic`,`order_no`,`status`) VALUES ('FL201805291323340063643','1','手机',NULL,2,'1');
INSERT INTO `tmall_category` (`code`,`parent_code`,`name`,`pic`,`order_no`,`status`) VALUES ('FL201805291323588834254','1','电脑',NULL,3,'1');

/*
-- Query: SELECT bank_code,bank_name,channel_type,status,channel_bank,max_order,order_amount,day_amount,month_amount,remark FROM std_account.tstd_channel_bank
LIMIT 0, 50000

-- Date: 2017-01-15 20:50
*/

INSERT INTO `tstd_channel_bank` (`bank_code`,`bank_name`,`channel_type`,`status`,`channel_bank`,`max_order`,`order_amount`,`day_amount`,`month_amount`,`remark`) VALUES ('CMBC','中国民生银行','40','1','305100000013',NULL,NULL,NULL,NULL,NULL);
INSERT INTO `tstd_channel_bank` (`bank_code`,`bank_name`,`channel_type`,`status`,`channel_bank`,`max_order`,`order_amount`,`day_amount`,`month_amount`,`remark`) VALUES ('ZJTLCB','浙江泰隆商业银行','40','1','313345010019',NULL,NULL,NULL,NULL,NULL);
INSERT INTO `tstd_channel_bank` (`bank_code`,`bank_name`,`channel_type`,`status`,`channel_bank`,`max_order`,`order_amount`,`day_amount`,`month_amount`,`remark`) VALUES ('ZJCZCB','浙江稠州商业银行','40','1','313338707013',NULL,NULL,NULL,NULL,NULL);
INSERT INTO `tstd_channel_bank` (`bank_code`,`bank_name`,`channel_type`,`status`,`channel_bank`,`max_order`,`order_amount`,`day_amount`,`month_amount`,`remark`) VALUES ('CMB','招商银行','40','1','308584000013',NULL,NULL,NULL,NULL,NULL);
INSERT INTO `tstd_channel_bank` (`bank_code`,`bank_name`,`channel_type`,`status`,`channel_bank`,`max_order`,`order_amount`,`day_amount`,`month_amount`,`remark`) VALUES ('SHB','上海银行','40','1','325290000012',NULL,NULL,NULL,NULL,NULL);
INSERT INTO `tstd_channel_bank` (`bank_code`,`bank_name`,`channel_type`,`status`,`channel_bank`,`max_order`,`order_amount`,`day_amount`,`month_amount`,`remark`) VALUES ('PAB','平安银行','40','1','307584007998',NULL,NULL,NULL,NULL,NULL);
INSERT INTO `tstd_channel_bank` (`bank_code`,`bank_name`,`channel_type`,`status`,`channel_bank`,`max_order`,`order_amount`,`day_amount`,`month_amount`,`remark`) VALUES ('SPDB','浦发银行','40','1','310290000013',NULL,NULL,NULL,NULL,NULL);
INSERT INTO `tstd_channel_bank` (`bank_code`,`bank_name`,`channel_type`,`status`,`channel_bank`,`max_order`,`order_amount`,`day_amount`,`month_amount`,`remark`) VALUES ('CIB','兴业银行','40','1','309391000011',NULL,NULL,NULL,NULL,NULL);
INSERT INTO `tstd_channel_bank` (`bank_code`,`bank_name`,`channel_type`,`status`,`channel_bank`,`max_order`,`order_amount`,`day_amount`,`month_amount`,`remark`) VALUES ('ICBC','中国工商银行','40','1','102100099996',NULL,NULL,NULL,NULL,NULL);
INSERT INTO `tstd_channel_bank` (`bank_code`,`bank_name`,`channel_type`,`status`,`channel_bank`,`max_order`,`order_amount`,`day_amount`,`month_amount`,`remark`) VALUES ('CEB','中国光大银行','40','1','303100000006',NULL,NULL,NULL,NULL,NULL);
INSERT INTO `tstd_channel_bank` (`bank_code`,`bank_name`,`channel_type`,`status`,`channel_bank`,`max_order`,`order_amount`,`day_amount`,`month_amount`,`remark`) VALUES ('CCB','中国建设银行','40','1','105100000017',NULL,NULL,NULL,NULL,NULL);
INSERT INTO `tstd_channel_bank` (`bank_code`,`bank_name`,`channel_type`,`status`,`channel_bank`,`max_order`,`order_amount`,`day_amount`,`month_amount`,`remark`) VALUES ('BCM','中国交通银行','40','1','301290000007',NULL,NULL,NULL,NULL,NULL);
INSERT INTO `tstd_channel_bank` (`bank_code`,`bank_name`,`channel_type`,`status`,`channel_bank`,`max_order`,`order_amount`,`day_amount`,`month_amount`,`remark`) VALUES ('ABC','中国农业银行','40','1','103100000026',NULL,NULL,NULL,NULL,NULL);
INSERT INTO `tstd_channel_bank` (`bank_code`,`bank_name`,`channel_type`,`status`,`channel_bank`,`max_order`,`order_amount`,`day_amount`,`month_amount`,`remark`) VALUES ('BOC','中国银行','40','1','104100000004',NULL,NULL,NULL,NULL,NULL);
INSERT INTO `tstd_channel_bank` (`bank_code`,`bank_name`,`channel_type`,`status`,`channel_bank`,`max_order`,`order_amount`,`day_amount`,`month_amount`,`remark`) VALUES ('PSBC','中国邮政储蓄银行','40','1','403100000004',NULL,NULL,NULL,NULL,NULL);
INSERT INTO `tstd_channel_bank` (`bank_code`,`bank_name`,`channel_type`,`status`,`channel_bank`,`max_order`,`order_amount`,`day_amount`,`month_amount`,`remark`) VALUES ('CITIC','中信银行','40','1','302100011000',NULL,NULL,NULL,NULL,NULL);

/*
-- Query: SELECT * FROM tht_series
-- Date: 2018-06-01 06:48
*/
INSERT INTO `tht_series` (`code`,`brand_code`,`name`,`slogan`,`adv_pic`,`price`,`location`,`order_no`,`status`,`updater`,`update_datetime`,`remark`) VALUES ('S201805291257455552481','B201805291256242543473','宝马3系','首付3万起','FvtJP-W_jlXQqZbIagWL9858fiSC',200000000,0,1,'1','admin','2018-05-29 12:57:55',NULL);
INSERT INTO `tht_series` (`code`,`brand_code`,`name`,`slogan`,`adv_pic`,`price`,`location`,`order_no`,`status`,`updater`,`update_datetime`,`remark`) VALUES ('S201805291317588114374','B201805291316412824786','揽胜运动','首付3万起','FlBHyr4XaoDxth5HjHp8pr8U0h9i',840000000,0,2,'1','admin','2018-05-29 13:18:07',NULL);
