INSERT INTO `tsys_dict` (`type`,`parent_key`,`dkey`,`dvalue`,`updater`,`update_datetime`,`remark`,`company_code`,`system_code`) VALUES ('0',NULL,'credit_user_relation','借款人关系','admin',now(),NULL,'CD-HTWT000020','CD-HTWT000020');
INSERT INTO `tsys_dict` (`type`,`parent_key`,`dkey`,`dvalue`,`updater`,`update_datetime`,`remark`,`company_code`,`system_code`) VALUES ('1','credit_user_relation','1','贷款人本人','admin',now(),NULL,'CD-HTWT000020','CD-HTWT000020');
INSERT INTO `tsys_dict` (`type`,`parent_key`,`dkey`,`dvalue`,`updater`,`update_datetime`,`remark`,`company_code`,`system_code`) VALUES ('1','credit_user_relation','2','丈夫','admin',now(),NULL,'CD-HTWT000020','CD-HTWT000020');
INSERT INTO `tsys_dict` (`type`,`parent_key`,`dkey`,`dvalue`,`updater`,`update_datetime`,`remark`,`company_code`,`system_code`) VALUES ('1','credit_user_relation','3','妻子','admin',now(),NULL,'CD-HTWT000020','CD-HTWT000020');
INSERT INTO `tsys_dict` (`type`,`parent_key`,`dkey`,`dvalue`,`updater`,`update_datetime`,`remark`,`company_code`,`system_code`) VALUES ('1','credit_user_relation','4','父亲','admin',now(),NULL,'CD-HTWT000020','CD-HTWT000020');
INSERT INTO `tsys_dict` (`type`,`parent_key`,`dkey`,`dvalue`,`updater`,`update_datetime`,`remark`,`company_code`,`system_code`) VALUES ('1','credit_user_relation','5','母亲','admin',now(),NULL,'CD-HTWT000020','CD-HTWT000020');
INSERT INTO `tsys_dict` (`type`,`parent_key`,`dkey`,`dvalue`,`updater`,`update_datetime`,`remark`,`company_code`,`system_code`) VALUES ('1','credit_user_relation','6','岳父','admin',now(),NULL,'CD-HTWT000020','CD-HTWT000020');
INSERT INTO `tsys_dict` (`type`,`parent_key`,`dkey`,`dvalue`,`updater`,`update_datetime`,`remark`,`company_code`,`system_code`) VALUES ('1','credit_user_relation','7','岳母','admin',now(),NULL,'CD-HTWT000020','CD-HTWT000020');
INSERT INTO `tsys_dict` (`type`,`parent_key`,`dkey`,`dvalue`,`updater`,`update_datetime`,`remark`,`company_code`,`system_code`) VALUES ('1','credit_user_relation','8','朋友','admin',now(),NULL,'CD-HTWT000020','CD-HTWT000020');

INSERT INTO `tsys_dict` (`type`,`parent_key`,`dkey`,`dvalue`,`updater`,`update_datetime`,`remark`,`company_code`,`system_code`) VALUES ('0',NULL,'credit_user_loan_role','贷款角色','admin',now(),NULL,'CD-HTWT000020','CD-HTWT000020');
INSERT INTO `tsys_dict` (`type`,`parent_key`,`dkey`,`dvalue`,`updater`,`update_datetime`,`remark`,`company_code`,`system_code`) VALUES ('1','credit_user_loan_role','1','申请人','admin',now(),NULL,'CD-HTWT000020','CD-HTWT000020');
INSERT INTO `tsys_dict` (`type`,`parent_key`,`dkey`,`dvalue`,`updater`,`update_datetime`,`remark`,`company_code`,`system_code`) VALUES ('1','credit_user_loan_role','2','共同还款人','admin',now(),NULL,'CD-HTWT000020','CD-HTWT000020');
INSERT INTO `tsys_dict` (`type`,`parent_key`,`dkey`,`dvalue`,`updater`,`update_datetime`,`remark`,`company_code`,`system_code`) VALUES ('1','credit_user_loan_role','3','担保人','admin',now(),NULL,'CD-HTWT000020','CD-HTWT000020');

/* 首页导航 */
INSERT INTO `tstd_cnavigate` (`code`,`name`,`type`,`url`,`pic`,`status`,`location`,`order_no`,`belong`,`parent_code`,`remark`,`content_type`,`company_code`,`system_code`) VALUES ('DH201711271342486662078','banner1','2','','FpqRhLEfxuaHgpXuv6fVUZfLPbjV','1','0',1,'1','0','','1','CD-HTWT000020','CD-HTWT000020');
INSERT INTO `tstd_cnavigate` (`code`,`name`,`type`,`url`,`pic`,`status`,`location`,`order_no`,`belong`,`parent_code`,`remark`,`content_type`,`company_code`,`system_code`) VALUES ('DH201711271344255452496','banner2','2','','Fu7iYb62hGIeXCwX1JhsPkygoSC9','1','0',2,'1','0','','1','CD-HTWT000020','CD-HTWT000020');
INSERT INTO `tstd_cnavigate` (`code`,`name`,`type`,`url`,`pic`,`status`,`location`,`order_no`,`belong`,`parent_code`,`remark`,`content_type`,`company_code`,`system_code`) VALUES ('DH201711271344255452497','banner3','2','','FjBmqZAnp0H25x5eYOclk70iI-tW','1','0',3,'1','0','','1','CD-HTWT000020','CD-HTWT000020');

/* 最高权限用户admin */
INSERT INTO `tsys_user` (`user_id`,`type`,`photo`,`login_name`,`mobile`,`login_pwd`,`login_pwd_strength`,`create_datetme`,`role_code`,`updater`,`update_datetime`,`status`,`remark`) VALUES ('USYS201800000000001','P',NULL,'admin',NULL,'21218cca77804d2ba1922c33e0151105','1',now(),'RO201800000000000001','admin',now(),'0','超级用户');

/* 超级用户角色 */
INSERT INTO `tsys_role` (`code`,`name`,`level`,`updater`,`update_datetime`,`remark`) VALUES ('RO201800000000000001','超级管理员','1','admin',now(),NULL);

/*
-- Query: SELECT `type`,`parent_key`,`dkey`,`dvalue`,`updater`,now() as `update_datetime`, NULL as `remark`,'CD-HTWT000020' as `company_code`, 'CD-HTWT000020' as `system_code` FROM tsys_dict
-- Date: 2018-05-11 20:36
*/
insert into `tsys_dict` (`type`, `parent_key`, `dkey`, `dvalue`, `updater`, `update_datetime`, `remark`, `company_code`, `system_code`) values('0',NULL,'role_level','角色等级','admin','2018-05-21 14:07:19',NULL,'CD-HTWT000020','CD-HTWT000020');
insert into `tsys_dict` (`type`, `parent_key`, `dkey`, `dvalue`, `updater`, `update_datetime`, `remark`, `company_code`, `system_code`) values('1','role_level','1','运维','admin','2018-05-21 14:07:19',NULL,'CD-HTWT000020','CD-HTWT000020');
insert into `tsys_dict` (`type`, `parent_key`, `dkey`, `dvalue`, `updater`, `update_datetime`, `remark`, `company_code`, `system_code`) values('1','role_level','2','运营','admin','2018-05-21 14:07:19',NULL,'CD-HTWT000020','CD-HTWT000020');
insert into `tsys_dict` (`type`, `parent_key`, `dkey`, `dvalue`, `updater`, `update_datetime`, `remark`, `company_code`, `system_code`) values('1','role_level','3','客户','admin','2018-05-21 14:07:19',NULL,'CD-HTWT000020','CD-HTWT000020');
insert into `tsys_dict` (`type`, `parent_key`, `dkey`, `dvalue`, `updater`, `update_datetime`, `remark`, `company_code`, `system_code`) values('0',NULL,'status','状态','admin','2018-05-21 14:07:19',NULL,'CD-HTWT000020','CD-HTWT000020');
insert into `tsys_dict` (`type`, `parent_key`, `dkey`, `dvalue`, `updater`, `update_datetime`, `remark`, `company_code`, `system_code`) values('1','status','0','待上架','admin','2018-05-21 14:07:19',NULL,'CD-HTWT000020','CD-HTWT000020');
insert into `tsys_dict` (`type`, `parent_key`, `dkey`, `dvalue`, `updater`, `update_datetime`, `remark`, `company_code`, `system_code`) values('1','status','1','已上架','admin','2018-05-21 14:07:19',NULL,'CD-HTWT000020','CD-HTWT000020');
insert into `tsys_dict` (`type`, `parent_key`, `dkey`, `dvalue`, `updater`, `update_datetime`, `remark`, `company_code`, `system_code`) values('1','status','2','已下架','admin','2018-05-21 14:07:19',NULL,'CD-HTWT000020','CD-HTWT000020');
insert into `tsys_dict` (`type`, `parent_key`, `dkey`, `dvalue`, `updater`, `update_datetime`, `remark`, `company_code`, `system_code`) values('0',NULL,'user_status','用户状态','admin','2018-05-21 14:07:19',NULL,'CD-HTWT000020','CD-HTWT000020');
insert into `tsys_dict` (`type`, `parent_key`, `dkey`, `dvalue`, `updater`, `update_datetime`, `remark`, `company_code`, `system_code`) values('1','user_status','0','正常','admin','2018-05-21 14:07:19',NULL,'CD-HTWT000020','CD-HTWT000020');
insert into `tsys_dict` (`type`, `parent_key`, `dkey`, `dvalue`, `updater`, `update_datetime`, `remark`, `company_code`, `system_code`) values('1','user_status','1','程序锁定','admin','2018-05-21 14:07:19',NULL,'CD-HTWT000020','CD-HTWT000020');
insert into `tsys_dict` (`type`, `parent_key`, `dkey`, `dvalue`, `updater`, `update_datetime`, `remark`, `company_code`, `system_code`) values('1','user_status','2','人工锁定','admin','2018-05-21 14:07:19',NULL,'CD-HTWT000020','CD-HTWT000020');

/*
-- Query: select `type`,`ckey`,`cvalue`,`updater`,now() as `update_datetime`,`remark`,`company_code`,`system_code` from tsys_config
-- Date: 2018-05-11 20:40
*/
insert into `tsys_config` (`type`, `ckey`, `cvalue`, `updater`, `update_datetime`, `remark`, `company_code`, `system_code`) values('qiniu','qiniu_access_key','oxDA5c19NpscG45YEgk80_AF5IvZamg5JrxH2mnf','admin','2018-05-21 14:08:46','七牛云key1','CD-CHTWT000020','CD-CHTWT000020');
insert into `tsys_config` (`type`, `ckey`, `cvalue`, `updater`, `update_datetime`, `remark`, `company_code`, `system_code`) values('qiniu','qiniu_secret_key','d5Tg77MMV4qyLJW8rSzpDaCj3L3TsF3YSvcAOTdX','admin','2018-05-21 14:08:46','七牛云key1','CD-CHTWT000020','CD-CHTWT000020');
insert into `tsys_config` (`type`, `ckey`, `cvalue`, `updater`, `update_datetime`, `remark`, `company_code`, `system_code`) values('qiniu','qiniu_bucket','mxb-db','admin','2018-05-21 14:08:46','qiniu_bucket','CD-CHTWT000020','CD-CHTWT000020');
insert into `tsys_config` (`type`, `ckey`, `cvalue`, `updater`, `update_datetime`, `remark`, `company_code`, `system_code`) values('qiniu','qiniu_domain','p8i9tvzga.bkt.clouddn.com','admin','2018-05-21 14:08:46','访问域名','CD-CHTWT000020','CD-CHTWT000020');
insert into `tsys_config` (`type`, `ckey`, `cvalue`, `updater`, `update_datetime`, `remark`, `company_code`, `system_code`) values('sys_txt','telephone','0571-88888888','admin','2018-05-21 14:08:46','服务热线','CD-CHTWT000020','CD-CHTWT000020');
insert into `tsys_config` (`type`, `ckey`, `cvalue`, `updater`, `update_datetime`, `remark`, `company_code`, `system_code`) values('sys_txt','about_us','关于我们112','admin','2018-05-21 14:08:46','关于我们','CD-CHTWT000020','CD-CHTWT000020');
insert into `tsys_config` (`type`, `ckey`, `cvalue`, `updater`, `update_datetime`, `remark`, `company_code`, `system_code`) values('sys_txt','service_time','9:00-17:00','admin','2018-05-21 14:08:46','服务时间','CD-CHTWT000020','CD-CHTWT000020');

/*
-- Query: SELECT code,name,type,url,order_no,'admin' updater, now() as update_datetime,remark,parent_code FROM tsys_menu
-- Date: 2018-05-11 20:30
*/
insert into `tsys_menu` (`code`, `name`, `type`, `url`, `order_no`, `updater`, `update_datetime`, `remark`, `parent_code`) values('HTWTSM201800000000000000','根目录','1','#','1','admin','2018-04-19 03:00:01','','');
insert into `tsys_menu` (`code`, `name`, `type`, `url`, `order_no`, `updater`, `update_datetime`, `remark`, `parent_code`) values('HTWTSM201800001000000001','系统管理','1','#','1','admin','2018-04-19 03:00:01','','HTWTSM201800000000000000');
insert into `tsys_menu` (`code`, `name`, `type`, `url`, `order_no`, `updater`, `update_datetime`, `remark`, `parent_code`) values('HTWTSM201800001000000002','运维管理','1','#','2','admin','2018-04-19 03:00:02',NULL,'HTWTSM201800001000000001');
insert into `tsys_menu` (`code`, `name`, `type`, `url`, `order_no`, `updater`, `update_datetime`, `remark`, `parent_code`) values('HTWTSM201800001000000003','菜单管理','1','/system/menu.htm','1','admin','2018-05-04 16:53:28','','HTWTSM201800001000000002');
insert into `tsys_menu` (`code`, `name`, `type`, `url`, `order_no`, `updater`, `update_datetime`, `remark`, `parent_code`) values('HTWTSM201800001000000004','新增','2','/add','1','admin','2018-04-19 03:00:02','','HTWTSM201800001000000003');
insert into `tsys_menu` (`code`, `name`, `type`, `url`, `order_no`, `updater`, `update_datetime`, `remark`, `parent_code`) values('SM201804241904336827315','业务管理','1','#','1','admin','2018-04-24 19:04:33','','HTWTSM201800000000000000');
insert into `tsys_menu` (`code`, `name`, `type`, `url`, `order_no`, `updater`, `update_datetime`, `remark`, `parent_code`) values('SM201804241905224096392','修改','2','/edit','2','admin','2018-04-24 19:05:22','','HTWTSM201800001000000003');
insert into `tsys_menu` (`code`, `name`, `type`, `url`, `order_no`, `updater`, `update_datetime`, `remark`, `parent_code`) values('SM201804242138443236748','运营管理','1','#','1','admin','2018-04-25 16:31:44','','HTWTSM201800001000000001');
insert into `tsys_menu` (`code`, `name`, `type`, `url`, `order_no`, `updater`, `update_datetime`, `remark`, `parent_code`) values('SM201804242141231816698','角色管理','1','/system/role.htm','1','admin','2018-04-24 21:41:23','','SM201804242138443236748');
insert into `tsys_menu` (`code`, `name`, `type`, `url`, `order_no`, `updater`, `update_datetime`, `remark`, `parent_code`) values('SM201804242142138278448','用户管理','1','/system/user.htm','1','admin','2018-04-24 21:42:13','','SM201804242138443236748');
insert into `tsys_menu` (`code`, `name`, `type`, `url`, `order_no`, `updater`, `update_datetime`, `remark`, `parent_code`) values('SM201804242144385705547','系统参数管理','1','/system/sysPara.htm','1','admin','2018-04-26 11:28:36','','HTWTSM201800001000000002');
insert into `tsys_menu` (`code`, `name`, `type`, `url`, `order_no`, `updater`, `update_datetime`, `remark`, `parent_code`) values('SM201804242145538683194','数据字典管理','1','/system/dataDict.htm','1','admin','2018-04-26 11:39:34','','HTWTSM201800001000000002');
insert into `tsys_menu` (`code`, `name`, `type`, `url`, `order_no`, `updater`, `update_datetime`, `remark`, `parent_code`) values('SM201804242145538681651','分配菜单','2','/change','4','admin','2018-04-24 22:03:23',NULL,'SM201804242141231816698');
insert into `tsys_menu` (`code`, `name`, `type`, `url`, `order_no`, `updater`, `update_datetime`, `remark`, `parent_code`) values('SM201804251546009598082','财务管理','1','#','1','admin','2018-04-25 15:46:00','','HTWTSM201800000000000000');
insert into `tsys_menu` (`code`, `name`, `type`, `url`, `order_no`, `updater`, `update_datetime`, `remark`, `parent_code`) values('SM201804251546303774373','统计分析','1','#','1','admin','2018-04-25 15:46:30','','HTWTSM201800000000000000');
insert into `tsys_menu` (`code`, `name`, `type`, `url`, `order_no`, `updater`, `update_datetime`, `remark`, `parent_code`) values('SM201804251551209812232','通知管理','1','#','3','admin','2018-04-25 16:34:29','','HTWTSM201800001000000001');
insert into `tsys_menu` (`code`, `name`, `type`, `url`, `order_no`, `updater`, `update_datetime`, `remark`, `parent_code`) values('SM201804251552372043999','文章管理','1','#','4','admin','2018-04-25 16:35:10','','HTWTSM201800001000000001');
insert into `tsys_menu` (`code`, `name`, `type`, `url`, `order_no`, `updater`, `update_datetime`, `remark`, `parent_code`) values('SM201804251553599006810','关于我们','1','/public/aboutus_addedit.htm','1','admin','2018-04-26 11:39:48','','SM201804251552372043999');
insert into `tsys_menu` (`code`, `name`, `type`, `url`, `order_no`, `updater`, `update_datetime`, `remark`, `parent_code`) values('SM201804251555317408123','服务热线','1','/public/hotline_addedit.htm','1','admin','2018-04-26 11:40:01','','SM201804251552372043999');
insert into `tsys_menu` (`code`, `name`, `type`, `url`, `order_no`, `updater`, `update_datetime`, `remark`, `parent_code`) values('SM201804251556195766046','服务时间','1','/public/time_addedit.htm','1','admin','2018-04-26 11:40:13','','SM201804251552372043999');
insert into `tsys_menu` (`code`, `name`, `type`, `url`, `order_no`, `updater`, `update_datetime`, `remark`, `parent_code`) values('SM201804251636229258354','广告位管理','1','#','5','admin','2018-04-25 16:36:22','','HTWTSM201800001000000001');
insert into `tsys_menu` (`code`, `name`, `type`, `url`, `order_no`, `updater`, `update_datetime`, `remark`, `parent_code`) values('SM201804251637301909818','banner管理','1','/public/banner.htm','1','admin','2018-04-26 11:40:27','','SM201804251636229258354');
insert into `tsys_menu` (`code`, `name`, `type`, `url`, `order_no`, `updater`, `update_datetime`, `remark`, `parent_code`) values('SM201804251641205262986','公告管理','1','/public/notice.htm','1','admin','2018-04-26 11:40:37','','SM201804251551209812232');
insert into `tsys_menu` (`code`, `name`, `type`, `url`, `order_no`, `updater`, `update_datetime`, `remark`, `parent_code`) values('SM201804251641553306649','短信推送','1','#','2','admin','2018-04-25 16:41:55','','SM201804251551209812232');
insert into `tsys_menu` (`code`, `name`, `type`, `url`, `order_no`, `updater`, `update_datetime`, `remark`, `parent_code`) values('SM201804251642194522625','极光推送','1','#','3','admin','2018-04-25 16:42:19','','SM201804251551209812232');
insert into `tsys_menu` (`code`, `name`, `type`, `url`, `order_no`, `updater`, `update_datetime`, `remark`, `parent_code`) values('SM201804251644341488287','新增','2','/add','1','admin','2018-04-25 16:44:34','','SM201804242141231816698');
insert into `tsys_menu` (`code`, `name`, `type`, `url`, `order_no`, `updater`, `update_datetime`, `remark`, `parent_code`) values('SM201804251646149125308','删除','2','/delete','2','admin','2018-04-25 16:46:14','','SM201804242141231816698');
insert into `tsys_menu` (`code`, `name`, `type`, `url`, `order_no`, `updater`, `update_datetime`, `remark`, `parent_code`) values('SM201804251647429608504','修改','2','/edit','3','admin','2018-04-25 16:47:42','','SM201804242141231816698');
insert into `tsys_menu` (`code`, `name`, `type`, `url`, `order_no`, `updater`, `update_datetime`, `remark`, `parent_code`) values('SM201804251720368955246','新增','2','/add','1','admin','2018-04-25 17:20:36','','SM201804242142138278448');
insert into `tsys_menu` (`code`, `name`, `type`, `url`, `order_no`, `updater`, `update_datetime`, `remark`, `parent_code`) values('SM201804251721516584466','重置密码','2','/reset','3','admin','2018-04-25 17:21:51','','SM201804242142138278448');
insert into `tsys_menu` (`code`, `name`, `type`, `url`, `order_no`, `updater`, `update_datetime`, `remark`, `parent_code`) values('SM201804251731271739441','修改','2','/edit','1','admin','2018-04-25 17:31:27','','SM201804242144385705547');
insert into `tsys_menu` (`code`, `name`, `type`, `url`, `order_no`, `updater`, `update_datetime`, `remark`, `parent_code`) values('SM201804251900329131980','新增','2','/add','1','admin','2018-04-25 19:00:32','','SM201804251637301909818');
insert into `tsys_menu` (`code`, `name`, `type`, `url`, `order_no`, `updater`, `update_datetime`, `remark`, `parent_code`) values('SM201804251900597489830','修改','2','/edit','2','admin','2018-04-25 19:00:59','','SM201804251637301909818');
insert into `tsys_menu` (`code`, `name`, `type`, `url`, `order_no`, `updater`, `update_datetime`, `remark`, `parent_code`) values('SM201804251902302794248','详情','2','/detail','4','admin','2018-04-25 19:02:30','','SM201804251637301909818');
insert into `tsys_menu` (`code`, `name`, `type`, `url`, `order_no`, `updater`, `update_datetime`, `remark`, `parent_code`) values('SM201804251904256377856','修改','2','/edit','1','admin','2018-04-25 19:04:25','','SM201804242145538683194');
insert into `tsys_menu` (`code`, `name`, `type`, `url`, `order_no`, `updater`, `update_datetime`, `remark`, `parent_code`) values('SM201804260952290167273','新增','2','/add','1','admin','2018-04-26 09:52:29','','SM201804251641205262986');
insert into `tsys_menu` (`code`, `name`, `type`, `url`, `order_no`, `updater`, `update_datetime`, `remark`, `parent_code`) values('SM201804260952594382716','修改','2','/edit','2','admin','2018-04-26 09:52:59','','SM201804251641205262986');
insert into `tsys_menu` (`code`, `name`, `type`, `url`, `order_no`, `updater`, `update_datetime`, `remark`, `parent_code`) values('SM201804260953302524771','详情','2','/detail','4','admin','2018-04-26 09:53:30','','SM201804251641205262986');
insert into `tsys_menu` (`code`, `name`, `type`, `url`, `order_no`, `updater`, `update_datetime`, `remark`, `parent_code`) values('SM201804260955004909294','发布/撤下','2','/push','3','admin','2018-04-26 13:28:06','','SM201804251641205262986');
insert into `tsys_menu` (`code`, `name`, `type`, `url`, `order_no`, `updater`, `update_datetime`, `remark`, `parent_code`) values('SM201804261348514693404','客户管理','1','#','1','admin','2018-04-26 13:48:51','','SM201804241904336827315');
insert into `tsys_menu` (`code`, `name`, `type`, `url`, `order_no`, `updater`, `update_datetime`, `remark`, `parent_code`) values('SM201804261349236076566','还款卡管理','1','/biz/refundCard.htm','2','admin','2018-05-16 16:22:31','','SM201804261348514693404');
insert into `tsys_menu` (`code`, `name`, `type`, `url`, `order_no`, `updater`, `update_datetime`, `remark`, `parent_code`) values('SM201804261350336763666','会员查询','1','/biz/memberInquiries.htm','1','admin','2018-04-26 14:40:25','','SM201804261348514693404');
insert into `tsys_menu` (`code`, `name`, `type`, `url`, `order_no`, `updater`, `update_datetime`, `remark`, `parent_code`) values('SM201804261354138758172','汽车销售方案管理','1','#','2','admin','2018-04-26 13:54:13','','SM201804241904336827315');
insert into `tsys_menu` (`code`, `name`, `type`, `url`, `order_no`, `updater`, `update_datetime`, `remark`, `parent_code`) values('SM201804261354380715184','品牌管理','1','/biz/brand.htm','1','admin','2018-04-26 14:52:31','','SM201804261354138758172');
insert into `tsys_menu` (`code`, `name`, `type`, `url`, `order_no`, `updater`, `update_datetime`, `remark`, `parent_code`) values('SM201804261354595823870','车系管理','1','/biz/carSeries.htm','2','admin','2018-04-27 14:48:50','','SM201804261354138758172');
insert into `tsys_menu` (`code`, `name`, `type`, `url`, `order_no`, `updater`, `update_datetime`, `remark`, `parent_code`) values('SM201804261355188031376','车型管理','1','/biz/carShape.htm','3','admin','2018-04-27 16:13:44','','SM201804261354138758172');
insert into `tsys_menu` (`code`, `name`, `type`, `url`, `order_no`, `updater`, `update_datetime`, `remark`, `parent_code`) values('SM201804261355444488601','车贷申请单处理','1','/biz/handleApply.htm','4','admin','2018-04-27 17:05:01','','SM201804261354138758172');
insert into `tsys_menu` (`code`, `name`, `type`, `url`, `order_no`, `updater`, `update_datetime`, `remark`, `parent_code`) values('SM201804261356113521261','历史申请单管理','1','/biz/historicalApply.htm','5','admin','2018-05-16 19:24:44','','SM201804261354138758172');
insert into `tsys_menu` (`code`, `name`, `type`, `url`, `order_no`, `updater`, `update_datetime`, `remark`, `parent_code`) values('SM201804261442135927079','激活 / 注销','2','/rock','2','admin','2018-05-16 12:27:47','','SM201804261350336763666');
insert into `tsys_menu` (`code`, `name`, `type`, `url`, `order_no`, `updater`, `update_datetime`, `remark`, `parent_code`) values('SM201804261442413839763','详情','2','/detail','3','admin','2018-04-28 16:33:45','','SM201804261350336763666');
insert into `tsys_menu` (`code`, `name`, `type`, `url`, `order_no`, `updater`, `update_datetime`, `remark`, `parent_code`) values('SM201804261443038387310','导出','2','/export','4','admin','2018-05-16 11:52:31','','SM201804261350336763666');
insert into `tsys_menu` (`code`, `name`, `type`, `url`, `order_no`, `updater`, `update_datetime`, `remark`, `parent_code`) values('SM201804261455330386632','新增','2','/add','1','admin','2018-04-26 14:55:33','','SM201804261354380715184');
insert into `tsys_menu` (`code`, `name`, `type`, `url`, `order_no`, `updater`, `update_datetime`, `remark`, `parent_code`) values('SM201804261456026756527','修改','2','/edit','2','admin','2018-04-27 14:03:35','','SM201804261354380715184');
insert into `tsys_menu` (`code`, `name`, `type`, `url`, `order_no`, `updater`, `update_datetime`, `remark`, `parent_code`) values('SM201804261456503673631','上架','2','/onShelf','3','admin','2018-04-26 14:56:50','','SM201804261354380715184');
insert into `tsys_menu` (`code`, `name`, `type`, `url`, `order_no`, `updater`, `update_datetime`, `remark`, `parent_code`) values('SM201804261457247095405','下架','2','/lower','4','admin','2018-04-27 14:36:26','','SM201804261354380715184');
insert into `tsys_menu` (`code`, `name`, `type`, `url`, `order_no`, `updater`, `update_datetime`, `remark`, `parent_code`) values('SM201804261457540441246','详情','2','/detail','5','admin','2018-04-26 14:57:54','','SM201804261354380715184');
insert into `tsys_menu` (`code`, `name`, `type`, `url`, `order_no`, `updater`, `update_datetime`, `remark`, `parent_code`) values('SM201804261916138008548','激活 / 注销','2','/rock','4','admin','2018-05-16 11:27:02','','SM201804242142138278448');
insert into `tsys_menu` (`code`, `name`, `type`, `url`, `order_no`, `updater`, `update_datetime`, `remark`, `parent_code`) values('SM201804262141502085147','设置角色','2','/assign','5','admin','2018-04-26 21:44:08','','SM201804242142138278448');
insert into `tsys_menu` (`code`, `name`, `type`, `url`, `order_no`, `updater`, `update_datetime`, `remark`, `parent_code`) values('SM201804271533135687170','新增','2','/add','1','admin','2018-04-27 15:33:13','','SM201804261354595823870');
insert into `tsys_menu` (`code`, `name`, `type`, `url`, `order_no`, `updater`, `update_datetime`, `remark`, `parent_code`) values('SM201804271533373702079','修改','2','/edit','2','admin','2018-04-27 15:33:37','','SM201804261354595823870');
insert into `tsys_menu` (`code`, `name`, `type`, `url`, `order_no`, `updater`, `update_datetime`, `remark`, `parent_code`) values('SM201804271534051688530','上架','2','/onShelfSys','3','admin','2018-04-27 16:04:33','','SM201804261354595823870');
insert into `tsys_menu` (`code`, `name`, `type`, `url`, `order_no`, `updater`, `update_datetime`, `remark`, `parent_code`) values('SM201804271534266319193','下架','2','/lowerSys','4','admin','2018-04-27 16:04:51','','SM201804261354595823870');
insert into `tsys_menu` (`code`, `name`, `type`, `url`, `order_no`, `updater`, `update_datetime`, `remark`, `parent_code`) values('SM201804271534490278831','详情','2','/detail','5','admin','2018-04-27 15:34:49','','SM201804261354595823870');
insert into `tsys_menu` (`code`, `name`, `type`, `url`, `order_no`, `updater`, `update_datetime`, `remark`, `parent_code`) values('SM201804271633137256879','增加','2','/add','1','admin','2018-04-27 16:33:13','','SM201804261355188031376');
insert into `tsys_menu` (`code`, `name`, `type`, `url`, `order_no`, `updater`, `update_datetime`, `remark`, `parent_code`) values('SM201804271633381096603','修改','2','/edit','2','admin','2018-04-27 16:33:38','','SM201804261355188031376');
insert into `tsys_menu` (`code`, `name`, `type`, `url`, `order_no`, `updater`, `update_datetime`, `remark`, `parent_code`) values('SM201804271634353025309','上架','2','/onShelfShe','3','admin','2018-04-27 16:34:35','','SM201804261355188031376');
insert into `tsys_menu` (`code`, `name`, `type`, `url`, `order_no`, `updater`, `update_datetime`, `remark`, `parent_code`) values('SM201804271635122545502','下架','2','/lowerShe','4','admin','2018-04-27 16:35:12','','SM201804261355188031376');
insert into `tsys_menu` (`code`, `name`, `type`, `url`, `order_no`, `updater`, `update_datetime`, `remark`, `parent_code`) values('SM201804271635347336057','详情','2','/detail','5','admin','2018-04-27 16:35:34','','SM201804261355188031376');
insert into `tsys_menu` (`code`, `name`, `type`, `url`, `order_no`, `updater`, `update_datetime`, `remark`, `parent_code`) values('SM201804271733507076601','处理','2','/dispose','1','admin','2018-05-17 16:18:49','','SM201804261355444488601');
insert into `tsys_menu` (`code`, `name`, `type`, `url`, `order_no`, `updater`, `update_datetime`, `remark`, `parent_code`) values('SM201804271734340343650','详情','2','/detail','2','admin','2018-04-27 17:34:34','','SM201804261355444488601');
insert into `tsys_menu` (`code`, `name`, `type`, `url`, `order_no`, `updater`, `update_datetime`, `remark`, `parent_code`) values('SM201804271801337258756','车辆贷后还款管理','1','#','3','admin','2018-04-27 18:01:33','','SM201804241904336827315');
insert into `tsys_menu` (`code`, `name`, `type`, `url`, `order_no`, `updater`, `update_datetime`, `remark`, `parent_code`) values('SM201804271802149312624','车贷业务管理','1','/biz/carLoanBusiness.htm','1','admin','2018-04-27 18:17:43','','SM201804271801337258756');
insert into `tsys_menu` (`code`, `name`, `type`, `url`, `order_no`, `updater`, `update_datetime`, `remark`, `parent_code`) values('SM201804271804131056703','还款业务管理','1','/biz/refundBusiness.htm','2','admin','2018-05-08 15:06:06','','SM201804271801337258756');
insert into `tsys_menu` (`code`, `name`, `type`, `url`, `order_no`, `updater`, `update_datetime`, `remark`, `parent_code`) values('SM201804271806010518814','逾期名单','1','/biz/overdueList.htm','4','admin','2018-05-14 10:20:39','','SM201804271801337258756');
insert into `tsys_menu` (`code`, `name`, `type`, `url`, `order_no`, `updater`, `update_datetime`, `remark`, `parent_code`) values('SM201804271806335389896','绿名单','1','/biz/greenList.htm','5','admin','2018-05-14 10:21:31','','SM201804271801337258756');
insert into `tsys_menu` (`code`, `name`, `type`, `url`, `order_no`, `updater`, `update_datetime`, `remark`, `parent_code`) values('SM201804271807006759984','黑名单','1','/biz/blackList.htm','6','admin','2018-05-14 10:21:10','','SM201804271801337258756');
insert into `tsys_menu` (`code`, `name`, `type`, `url`, `order_no`, `updater`, `update_datetime`, `remark`, `parent_code`) values('SM201804301405228059456','商品分期管理','1','#','4','admin','2018-04-30 14:05:22','','SM201804241904336827315');
insert into `tsys_menu` (`code`, `name`, `type`, `url`, `order_no`, `updater`, `update_datetime`, `remark`, `parent_code`) values('SM201804301405471661433','类别管理','1','/wares/category.htm','1','admin','2018-05-01 17:02:37','','SM201804301405228059456');
insert into `tsys_menu` (`code`, `name`, `type`, `url`, `order_no`, `updater`, `update_datetime`, `remark`, `parent_code`) values('SM201804301406116552892','商品管理','1','/wares/commodity.htm','2','admin','2018-05-01 17:22:49','','SM201804301405228059456');
insert into `tsys_menu` (`code`, `name`, `type`, `url`, `order_no`, `updater`, `update_datetime`, `remark`, `parent_code`) values('SM201804301406356625671','订单管理','1','/wares/order.htm','3','admin','2018-05-01 17:32:25','','SM201804301405228059456');
insert into `tsys_menu` (`code`, `name`, `type`, `url`, `order_no`, `updater`, `update_datetime`, `remark`, `parent_code`) values('SM201804301407183648138','还款业务管理','1','/biz/refundBusinessGoods.htm','4','admin','2018-05-21 19:14:40','','SM201804301405228059456');
insert into `tsys_menu` (`code`, `name`, `type`, `url`, `order_no`, `updater`, `update_datetime`, `remark`, `parent_code`) values('SM201804301408090236536','当月还款名单','1','/biz/refundList.htm','5','admin','2018-05-17 16:51:10','','SM201804301405228059456');
insert into `tsys_menu` (`code`, `name`, `type`, `url`, `order_no`, `updater`, `update_datetime`, `remark`, `parent_code`) values('SM201804301408366544676','逾期名单','1','/biz/overdueList.htm','6','admin','2018-05-17 16:51:40','','SM201804301405228059456');
insert into `tsys_menu` (`code`, `name`, `type`, `url`, `order_no`, `updater`, `update_datetime`, `remark`, `parent_code`) values('SM201804301409101479675','绿名单','1','/biz/greenList.htm','7','admin','2018-05-17 16:52:01','','SM201804301405228059456');
insert into `tsys_menu` (`code`, `name`, `type`, `url`, `order_no`, `updater`, `update_datetime`, `remark`, `parent_code`) values('SM201804301409426698234','黑名单','1','/biz/blackList.htm','8','admin','2018-05-17 16:52:18','','SM201804301405228059456');
insert into `tsys_menu` (`code`, `name`, `type`, `url`, `order_no`, `updater`, `update_datetime`, `remark`, `parent_code`) values('SM201804301410177164183','历史业务管理','1','/biz/historyBusinessManage.htm','9','admin','2018-05-17 16:52:46','','SM201804301405228059456');
insert into `tsys_menu` (`code`, `name`, `type`, `url`, `order_no`, `updater`, `update_datetime`, `remark`, `parent_code`) values('SM201804301411257273786','业务规则','1','#','5','admin','2018-04-30 14:11:25','','SM201804241904336827315');
insert into `tsys_menu` (`code`, `name`, `type`, `url`, `order_no`, `updater`, `update_datetime`, `remark`, `parent_code`) values('SM201804301412106351850','信用分规则','1','/integral/credit.htm','1','admin','2018-05-16 21:59:44','','SM201804301411257273786');
insert into `tsys_menu` (`code`, `name`, `type`, `url`, `order_no`, `updater`, `update_datetime`, `remark`, `parent_code`) values('SM201804301412402254324','积分规则','1','/integral/integral.htm','2','admin','2018-05-16 22:00:21','','SM201804301411257273786');
insert into `tsys_menu` (`code`, `name`, `type`, `url`, `order_no`, `updater`, `update_datetime`, `remark`, `parent_code`) values('SM201804301413103705972','积分兑换规则','1','/integral/integralexchange.htm','3','admin','2018-05-16 22:01:25','','SM201804301411257273786');
insert into `tsys_menu` (`code`, `name`, `type`, `url`, `order_no`, `updater`, `update_datetime`, `remark`, `parent_code`) values('SM201804301415107007680','基础数据','1','#','6','admin','2018-04-30 14:15:10','','SM201804241904336827315');
insert into `tsys_menu` (`code`, `name`, `type`, `url`, `order_no`, `updater`, `update_datetime`, `remark`, `parent_code`) values('SM201804301415439657360','车贷期数管理','1','/basedata/carloan.html','1','admin','2018-05-16 17:15:53','','SM201804301415107007680');
insert into `tsys_menu` (`code`, `name`, `type`, `url`, `order_no`, `updater`, `update_datetime`, `remark`, `parent_code`) values('SM201804301416129975829','商品期数管理','1','/basedata/goodsloan.htm','2','admin','2018-05-16 17:18:58','','SM201804301415107007680');
insert into `tsys_menu` (`code`, `name`, `type`, `url`, `order_no`, `updater`, `update_datetime`, `remark`, `parent_code`) values('SM201804301416500665320','提前还款服务费管理','1','/basedata/beforeloan.htm','3','admin','2018-05-16 17:19:26','','SM201804301415107007680');
insert into `tsys_menu` (`code`, `name`, `type`, `url`, `order_no`, `updater`, `update_datetime`, `remark`, `parent_code`) values('SM201804301417154135904','银行管理','1','/basedata/bank.htm','4','admin','2018-05-16 17:20:03','','SM201804301415107007680');
insert into `tsys_menu` (`code`, `name`, `type`, `url`, `order_no`, `updater`, `update_datetime`, `remark`, `parent_code`) values('SM201804301419295446882','平台账户','1','#','1','admin','2018-04-30 14:19:29','','SM201804251546009598082');
insert into `tsys_menu` (`code`, `name`, `type`, `url`, `order_no`, `updater`, `update_datetime`, `remark`, `parent_code`) values('SM201804301420285181532','盈亏余额','1','/finance/breakBalance.htm','1','admin','2018-05-16 15:46:44','','SM201804301419295446882');
insert into `tsys_menu` (`code`, `name`, `type`, `url`, `order_no`, `updater`, `update_datetime`, `remark`, `parent_code`) values('SM201804301420521954097','流水查询','1','/finance/platform_ledger.htm','2','admin','2018-05-16 21:23:49','','SM201804301419295446882');
insert into `tsys_menu` (`code`, `name`, `type`, `url`, `order_no`, `updater`, `update_datetime`, `remark`, `parent_code`) values('SM201804301421521342427','线下取现','1','#','2','admin','2018-04-30 14:21:52','','SM201804251546009598082');
insert into `tsys_menu` (`code`, `name`, `type`, `url`, `order_no`, `updater`, `update_datetime`, `remark`, `parent_code`) values('SM201804301422259476511','取现规则','1','/finance/enchashmentRule.htm','1','admin','2018-05-16 15:48:44','','SM201804301421521342427');
insert into `tsys_menu` (`code`, `name`, `type`, `url`, `order_no`, `updater`, `update_datetime`, `remark`, `parent_code`) values('SM201804301422537086327','线下取现','1','/finance/underEnchashment.htm','2','admin','2018-05-16 15:49:59','','SM201804301421521342427');
insert into `tsys_menu` (`code`, `name`, `type`, `url`, `order_no`, `updater`, `update_datetime`, `remark`, `parent_code`) values('SM201804301423210056970','取现查询','1','/finance/enchashments.htm','3','admin','2018-05-16 15:51:52','','SM201804301421521342427');
insert into `tsys_menu` (`code`, `name`, `type`, `url`, `order_no`, `updater`, `update_datetime`, `remark`, `parent_code`) values('SM201805071516186994661','新增','2','/add','1','admin','2018-05-07 15:16:18','','SM201804271802149312624');
insert into `tsys_menu` (`code`, `name`, `type`, `url`, `order_no`, `updater`, `update_datetime`, `remark`, `parent_code`) values('SM201805071540264947371','修改','2','/edit','2','admin','2018-05-07 15:40:26','','SM201804271802149312624');
insert into `tsys_menu` (`code`, `name`, `type`, `url`, `order_no`, `updater`, `update_datetime`, `remark`, `parent_code`) values('SM201805071542045077550','审核','2','/check','3','admin','2018-05-07 15:42:04','','SM201804271802149312624');
insert into `tsys_menu` (`code`, `name`, `type`, `url`, `order_no`, `updater`, `update_datetime`, `remark`, `parent_code`) values('SM201805071542510898778','详情','2','/detail','4','admin','2018-05-07 15:42:51','','SM201804271802149312624');
insert into `tsys_menu` (`code`, `name`, `type`, `url`, `order_no`, `updater`, `update_datetime`, `remark`, `parent_code`) values('SM201805081056379762242','当月还款名单','1','/biz/refundList.htm','3','admin','2018-05-10 15:16:45','','SM201804271801337258756');
insert into `tsys_menu` (`code`, `name`, `type`, `url`, `order_no`, `updater`, `update_datetime`, `remark`, `parent_code`) values('SM201805081102218914268','历史业务管理','1','/biz/historyBusinessManage.htm','7','admin','2018-05-14 10:20:23','','SM201804271801337258756');
insert into `tsys_menu` (`code`, `name`, `type`, `url`, `order_no`, `updater`, `update_datetime`, `remark`, `parent_code`) values('SM201805081434065688426','还款计划','2','/refundplan','1','admin','2018-05-08 17:18:19','','SM201804271804131056703');
insert into `tsys_menu` (`code`, `name`, `type`, `url`, `order_no`, `updater`, `update_datetime`, `remark`, `parent_code`) values('SM201805081702005449690','详情','2','/detail','1','admin','2018-05-08 17:02:00','','SM201804301410177164183');
insert into `tsys_menu` (`code`, `name`, `type`, `url`, `order_no`, `updater`, `update_datetime`, `remark`, `parent_code`) values('SM201805081703219956551','处理','2','/dispose','1','admin','2018-05-08 17:03:21','','SM201804271807006759984');
insert into `tsys_menu` (`code`, `name`, `type`, `url`, `order_no`, `updater`, `update_datetime`, `remark`, `parent_code`) values('SM201805081703478765902','详情','2','/detail','2','admin','2018-05-08 17:03:47','','SM201804271807006759984');
insert into `tsys_menu` (`code`, `name`, `type`, `url`, `order_no`, `updater`, `update_datetime`, `remark`, `parent_code`) values('SM201805081705114533419','缴纳清收成本','2','/payment','1','admin','2018-05-08 17:05:11','','SM201804271806335389896');
insert into `tsys_menu` (`code`, `name`, `type`, `url`, `order_no`, `updater`, `update_datetime`, `remark`, `parent_code`) values('SM201805081705485635544','详情','2','/detail','2','admin','2018-05-08 17:05:48','','SM201804271806335389896');
insert into `tsys_menu` (`code`, `name`, `type`, `url`, `order_no`, `updater`, `update_datetime`, `remark`, `parent_code`) values('SM201805081710209032086','短信催收','2','/message','1','admin','2018-05-08 17:10:20','','SM201804271806010518814');
insert into `tsys_menu` (`code`, `name`, `type`, `url`, `order_no`, `updater`, `update_datetime`, `remark`, `parent_code`) values('SM201805081713364106306','推送消息催收','2','/sendMessage','2','admin','2018-05-08 17:13:36','','SM201804271806010518814');
insert into `tsys_menu` (`code`, `name`, `type`, `url`, `order_no`, `updater`, `update_datetime`, `remark`, `parent_code`) values('SM201805081714299133603','逾期处理','2','/overdue','3','admin','2018-05-08 17:14:29','','SM201804271806010518814');
insert into `tsys_menu` (`code`, `name`, `type`, `url`, `order_no`, `updater`, `update_datetime`, `remark`, `parent_code`) values('SM201805081715003349937','详情','2','/detail','4','admin','2018-05-08 17:15:00','','SM201804271806010518814');
insert into `tsys_menu` (`code`, `name`, `type`, `url`, `order_no`, `updater`, `update_datetime`, `remark`, `parent_code`) values('SM201805081715471104981','短信催收','2','/message','1','admin','2018-05-08 17:15:47','','SM201804301408090236536');
insert into `tsys_menu` (`code`, `name`, `type`, `url`, `order_no`, `updater`, `update_datetime`, `remark`, `parent_code`) values('SM201805081716404085782','推送消息催收','2','/sendMessage','2','admin','2018-05-08 17:16:40','','SM201804301408090236536');
insert into `tsys_menu` (`code`, `name`, `type`, `url`, `order_no`, `updater`, `update_datetime`, `remark`, `parent_code`) values('SM201805081717095256579','详情','2','/detail','3','admin','2018-05-08 17:17:09','','SM201804301408090236536');
insert into `tsys_menu` (`code`, `name`, `type`, `url`, `order_no`, `updater`, `update_datetime`, `remark`, `parent_code`) values('SM201805081718535897157','还款卡变更','2','/changeCard','2','admin','2018-05-08 17:18:53','','SM201804271804131056703');
insert into `tsys_menu` (`code`, `name`, `type`, `url`, `order_no`, `updater`, `update_datetime`, `remark`, `parent_code`) values('SM201805081719260431762','确认结清','2','/certain','3','admin','2018-05-08 17:19:26','','SM201804271804131056703');
insert into `tsys_menu` (`code`, `name`, `type`, `url`, `order_no`, `updater`, `update_datetime`, `remark`, `parent_code`) values('SM201805081719507452259','详情','2','/detail','4','admin','2018-05-08 17:19:50','','SM201804271804131056703');
insert into `tsys_menu` (`code`, `name`, `type`, `url`, `order_no`, `updater`, `update_datetime`, `remark`, `parent_code`) values('SM201805081727132534557','短信催收','2','/message','1','admin','2018-05-08 17:27:13','','SM201805081056379762242');
insert into `tsys_menu` (`code`, `name`, `type`, `url`, `order_no`, `updater`, `update_datetime`, `remark`, `parent_code`) values('SM201805081728455223975','消息推送提醒','2','/sendMessage','2','admin','2018-05-08 17:28:45','','SM201805081056379762242');
insert into `tsys_menu` (`code`, `name`, `type`, `url`, `order_no`, `updater`, `update_datetime`, `remark`, `parent_code`) values('SM201805081729389868979','详情','2','/detail','3','admin','2018-05-08 17:29:38','','SM201805081056379762242');
insert into `tsys_menu` (`code`, `name`, `type`, `url`, `order_no`, `updater`, `update_datetime`, `remark`, `parent_code`) values('SM201805081730223045783','详情','2','/detail','1','admin','2018-05-08 17:30:22','','SM201805081102218914268');
insert into `tsys_menu` (`code`, `name`, `type`, `url`, `order_no`, `updater`, `update_datetime`, `remark`, `parent_code`) values('SM201805151137041937983','新增','2','/add','1','admin','2018-05-15 11:37:04','','SM201804301405471661433');
insert into `tsys_menu` (`code`, `name`, `type`, `url`, `order_no`, `updater`, `update_datetime`, `remark`, `parent_code`) values('SM201805151138030687340','修改','2','/edit','2','admin','2018-05-15 11:38:03','','SM201804301405471661433');
insert into `tsys_menu` (`code`, `name`, `type`, `url`, `order_no`, `updater`, `update_datetime`, `remark`, `parent_code`) values('SM201805151139084406337','上架','2','/onShelf','3','admin','2018-05-15 11:39:08','','SM201804301405471661433');
insert into `tsys_menu` (`code`, `name`, `type`, `url`, `order_no`, `updater`, `update_datetime`, `remark`, `parent_code`) values('SM201805151139420921219','下架','2','/lower','4','admin','2018-05-15 11:39:42','','SM201804301405471661433');
insert into `tsys_menu` (`code`, `name`, `type`, `url`, `order_no`, `updater`, `update_datetime`, `remark`, `parent_code`) values('SM201805151140189894428','详情','2','/detail','5','admin','2018-05-15 11:40:18','','SM201804301405471661433');
insert into `tsys_menu` (`code`, `name`, `type`, `url`, `order_no`, `updater`, `update_datetime`, `remark`, `parent_code`) values('SM201805151141041687260','新增','2','/add','1','admin','2018-05-15 11:41:04','','SM201804301406116552892');
insert into `tsys_menu` (`code`, `name`, `type`, `url`, `order_no`, `updater`, `update_datetime`, `remark`, `parent_code`) values('SM201805151141485448437','修改','2','/edit','2','admin','2018-05-15 11:41:48','','SM201804301406116552892');
insert into `tsys_menu` (`code`, `name`, `type`, `url`, `order_no`, `updater`, `update_datetime`, `remark`, `parent_code`) values('SM201805151142343848298','上架','2','/onShelf','3','admin','2018-05-15 11:42:34','','SM201804301406116552892');
insert into `tsys_menu` (`code`, `name`, `type`, `url`, `order_no`, `updater`, `update_datetime`, `remark`, `parent_code`) values('SM201805151143052326946','下架','2','/lower','4','admin','2018-05-15 11:43:05','','SM201804301406116552892');
insert into `tsys_menu` (`code`, `name`, `type`, `url`, `order_no`, `updater`, `update_datetime`, `remark`, `parent_code`) values('SM201805151143309479378','详情','2','/detail','5','admin','2018-05-15 11:43:30','','SM201804301406116552892');
insert into `tsys_menu` (`code`, `name`, `type`, `url`, `order_no`, `updater`, `update_datetime`, `remark`, `parent_code`) values('SM201805151145201447930','发货','2','/shipments','1','admin','2018-05-15 20:55:35','','SM201804301406356625671');
insert into `tsys_menu` (`code`, `name`, `type`, `url`, `order_no`, `updater`, `update_datetime`, `remark`, `parent_code`) values('SM201805151147165116182','确认收货','2','/receiveGoods','2','admin','2018-05-15 11:47:16','','SM201804301406356625671');
insert into `tsys_menu` (`code`, `name`, `type`, `url`, `order_no`, `updater`, `update_datetime`, `remark`, `parent_code`) values('SM201805151147580028177','取消订单','2','/cancel','3','admin','2018-05-15 11:47:58','','SM201804301406356625671');
insert into `tsys_menu` (`code`, `name`, `type`, `url`, `order_no`, `updater`, `update_datetime`, `remark`, `parent_code`) values('SM201805151148197519303','详情','2','/detail','4','admin','2018-05-15 11:48:19','','SM201804301406356625671');
insert into `tsys_menu` (`code`, `name`, `type`, `url`, `order_no`, `updater`, `update_datetime`, `remark`, `parent_code`) values('SM201805151151181387207','还款计划','2','/refundplan','1','admin','2018-05-15 11:51:18','','SM201804301407183648138');
insert into `tsys_menu` (`code`, `name`, `type`, `url`, `order_no`, `updater`, `update_datetime`, `remark`, `parent_code`) values('SM201805151153057668299','还款卡变更','2','/changeCard','2','admin','2018-05-15 11:53:05','','SM201804301407183648138');
insert into `tsys_menu` (`code`, `name`, `type`, `url`, `order_no`, `updater`, `update_datetime`, `remark`, `parent_code`) values('SM201805151154328874151','确认结清','2','/certain','3','admin','2018-05-15 11:54:32','','SM201804301407183648138');
insert into `tsys_menu` (`code`, `name`, `type`, `url`, `order_no`, `updater`, `update_datetime`, `remark`, `parent_code`) values('SM201805151155040199977','详情','2','/detail','4','admin','2018-05-15 11:55:04','','SM201804301407183648138');
insert into `tsys_menu` (`code`, `name`, `type`, `url`, `order_no`, `updater`, `update_datetime`, `remark`, `parent_code`) values('SM201805151353129675281','短信催收','2','/message','1','admin','2018-05-15 13:53:12','','SM201804301408366544676');
insert into `tsys_menu` (`code`, `name`, `type`, `url`, `order_no`, `updater`, `update_datetime`, `remark`, `parent_code`) values('SM201805151354232909462','消息推送提醒','2','/sendMessage','2','admin','2018-05-15 13:54:23','','SM201804301408366544676');
insert into `tsys_menu` (`code`, `name`, `type`, `url`, `order_no`, `updater`, `update_datetime`, `remark`, `parent_code`) values('SM201805151355184302637','逾期处理','2','/overdue','3','admin','2018-05-15 13:55:18','','SM201804301408366544676');
insert into `tsys_menu` (`code`, `name`, `type`, `url`, `order_no`, `updater`, `update_datetime`, `remark`, `parent_code`) values('SM201805151355369398997','详情','2','/detail','4','admin','2018-05-15 13:55:36','','SM201804301408366544676');
insert into `tsys_menu` (`code`, `name`, `type`, `url`, `order_no`, `updater`, `update_datetime`, `remark`, `parent_code`) values('SM201805151416304735967','修改','2','/edit','1','admin','2018-05-16 22:03:17','','SM201804301412106351850');
insert into `tsys_menu` (`code`, `name`, `type`, `url`, `order_no`, `updater`, `update_datetime`, `remark`, `parent_code`) values('SM201805151417051479254','修改','2','/edit','1','admin','2018-05-15 14:17:05','','SM201804301412402254324');
insert into `tsys_menu` (`code`, `name`, `type`, `url`, `order_no`, `updater`, `update_datetime`, `remark`, `parent_code`) values('SM201805151417381845203','修改','2','/edit','1','admin','2018-05-15 14:17:38','','SM201804301413103705972');
insert into `tsys_menu` (`code`, `name`, `type`, `url`, `order_no`, `updater`, `update_datetime`, `remark`, `parent_code`) values('SM201805151418242519757','新增','2','/add','1','admin','2018-05-15 14:18:24','','SM201804271802149312624');
insert into `tsys_menu` (`code`, `name`, `type`, `url`, `order_no`, `updater`, `update_datetime`, `remark`, `parent_code`) values('SM201805151418502992519','修改','2','/edit','2','admin','2018-05-15 14:18:50','','SM201804271802149312624');
insert into `tsys_menu` (`code`, `name`, `type`, `url`, `order_no`, `updater`, `update_datetime`, `remark`, `parent_code`) values('SM201805151419428193244','审核','2','/check','3','admin','2018-05-15 14:19:42','','SM201804271802149312624');
insert into `tsys_menu` (`code`, `name`, `type`, `url`, `order_no`, `updater`, `update_datetime`, `remark`, `parent_code`) values('SM201805151420272139302','详情','2','/detail','4','admin','2018-05-15 14:20:27','','SM201804271802149312624');
insert into `tsys_menu` (`code`, `name`, `type`, `url`, `order_no`, `updater`, `update_datetime`, `remark`, `parent_code`) values('SM201805151423216129694','新增','2','/add','1','admin','2018-05-15 14:23:21','','SM201804301415439657360');
insert into `tsys_menu` (`code`, `name`, `type`, `url`, `order_no`, `updater`, `update_datetime`, `remark`, `parent_code`) values('SM201805151424224008814','修改','2','/edit','2','admin','2018-05-15 14:24:22','','SM201804301415439657360');
insert into `tsys_menu` (`code`, `name`, `type`, `url`, `order_no`, `updater`, `update_datetime`, `remark`, `parent_code`) values('SM201805151424524473130','删除','2','/delete','3','admin','2018-05-15 14:24:52','','SM201804301415439657360');
insert into `tsys_menu` (`code`, `name`, `type`, `url`, `order_no`, `updater`, `update_datetime`, `remark`, `parent_code`) values('SM201805151425376549071','新增','2','/add','1','admin','2018-05-15 14:25:37','','SM201804301416129975829');
insert into `tsys_menu` (`code`, `name`, `type`, `url`, `order_no`, `updater`, `update_datetime`, `remark`, `parent_code`) values('SM201805151426036914123','修改','2','/edit','2','admin','2018-05-15 14:26:03','','SM201804301416129975829');
insert into `tsys_menu` (`code`, `name`, `type`, `url`, `order_no`, `updater`, `update_datetime`, `remark`, `parent_code`) values('SM201805151426313029248','删除','2','/delete','3','admin','2018-05-15 14:26:31','','SM201804301416129975829');
insert into `tsys_menu` (`code`, `name`, `type`, `url`, `order_no`, `updater`, `update_datetime`, `remark`, `parent_code`) values('SM201805151427368418325','新增','2','/add','1','admin','2018-05-15 14:27:36','','SM201804301417154135904');
insert into `tsys_menu` (`code`, `name`, `type`, `url`, `order_no`, `updater`, `update_datetime`, `remark`, `parent_code`) values('SM201805151428123357430','修改','2','/edit','2','admin','2018-05-15 14:28:12','','SM201804301417154135904');
insert into `tsys_menu` (`code`, `name`, `type`, `url`, `order_no`, `updater`, `update_datetime`, `remark`, `parent_code`) values('SM201805151428331148033','删除','2','/delete','3','admin','2018-05-15 14:28:33','','SM201804301417154135904');
insert into `tsys_menu` (`code`, `name`, `type`, `url`, `order_no`, `updater`, `update_datetime`, `remark`, `parent_code`) values('SM201805160026263651871','删除','2','/delete','3','admin','2018-05-16 00:26:26','','HTWTSM201800001000000003');
insert into `tsys_menu` (`code`, `name`, `type`, `url`, `order_no`, `updater`, `update_datetime`, `remark`, `parent_code`) values('SM201805161535255567110','会员账户','1','#','0','admin','2018-05-16 15:35:25','','SM201804251546009598082');
insert into `tsys_menu` (`code`, `name`, `type`, `url`, `order_no`, `updater`, `update_datetime`, `remark`, `parent_code`) values('SM201805161538209633638','账户查询','1','/finance/userAccount.htm','1','admin','2018-05-16 15:38:20','','SM201805161535255567110');
insert into `tsys_menu` (`code`, `name`, `type`, `url`, `order_no`, `updater`, `update_datetime`, `remark`, `parent_code`) values('SM201805161539326666369','流水查询','1','/finance/userLedger.htm','2','admin','2018-05-16 15:39:32','','SM201805161535255567110');
insert into `tsys_menu` (`code`, `name`, `type`, `url`, `order_no`, `updater`, `update_datetime`, `remark`, `parent_code`) values('SM201805161541576841859','流水','2','/ledger','1','admin','2018-05-16 15:41:57','','SM201805161538209633638');
insert into `tsys_menu` (`code`, `name`, `type`, `url`, `order_no`, `updater`, `update_datetime`, `remark`, `parent_code`) values('SM201805161542208535921','导出','2','/export','2','admin','2018-05-16 15:42:20','','SM201805161538209633638');
insert into `tsys_menu` (`code`, `name`, `type`, `url`, `order_no`, `updater`, `update_datetime`, `remark`, `parent_code`) values('SM201805161542527058108','详情','2','/detail','1','admin','2018-05-16 15:42:52','','SM201805161539326666369');
insert into `tsys_menu` (`code`, `name`, `type`, `url`, `order_no`, `updater`, `update_datetime`, `remark`, `parent_code`) values('SM201805161543096058565','导出','2','/export','2','admin','2018-05-16 15:43:09','','SM201805161539326666369');
insert into `tsys_menu` (`code`, `name`, `type`, `url`, `order_no`, `updater`, `update_datetime`, `remark`, `parent_code`) values('SM201805162111333266733','流水','2','/ledger','1','admin','2018-05-16 21:11:33','','SM201804301420285181532');
insert into `tsys_menu` (`code`, `name`, `type`, `url`, `order_no`, `updater`, `update_datetime`, `remark`, `parent_code`) values('SM201805162112080719930','导出','2','/export','2','admin','2018-05-16 21:12:08','','SM201804301420285181532');
insert into `tsys_menu` (`code`, `name`, `type`, `url`, `order_no`, `updater`, `update_datetime`, `remark`, `parent_code`) values('SM201805162113473389149','详情','2','/detail','1','admin','2018-05-16 21:13:47','','SM201804301420521954097');
insert into `tsys_menu` (`code`, `name`, `type`, `url`, `order_no`, `updater`, `update_datetime`, `remark`, `parent_code`) values('SM201805162114525091576','导出','2','/export','2','admin','2018-05-16 21:14:52','','SM201804301420521954097');
insert into `tsys_menu` (`code`, `name`, `type`, `url`, `order_no`, `updater`, `update_datetime`, `remark`, `parent_code`) values('SM201805170038079738669','修改','2','/edit','1','wlq','2018-05-17 00:38:07','','SM201804301422259476511');
insert into `tsys_menu` (`code`, `name`, `type`, `url`, `order_no`, `updater`, `update_datetime`, `remark`, `parent_code`) values('SM201805170158081279481','待申请','2','/add','1','wlq','2018-05-17 01:58:08','','SM201804301422537086327');
insert into `tsys_menu` (`code`, `name`, `type`, `url`, `order_no`, `updater`, `update_datetime`, `remark`, `parent_code`) values('SM201805170159444298537','审核','2','/examine','2','wlq','2018-05-17 01:59:44','','SM201804301422537086327');
insert into `tsys_menu` (`code`, `name`, `type`, `url`, `order_no`, `updater`, `update_datetime`, `remark`, `parent_code`) values('SM201805170200351521401','回录','2','/huilu','3','wlq','2018-05-17 02:00:35','','SM201804301422537086327');
insert into `tsys_menu` (`code`, `name`, `type`, `url`, `order_no`, `updater`, `update_datetime`, `remark`, `parent_code`) values('SM201805170201043545514','详情','2','/detail','4','wlq','2018-05-17 02:01:04','','SM201804301422537086327');
insert into `tsys_menu` (`code`, `name`, `type`, `url`, `order_no`, `updater`, `update_datetime`, `remark`, `parent_code`) values('SM201805170201355929082','导出','2','/export','5','wlq','2018-05-17 02:01:35','','SM201804301422537086327');
insert into `tsys_menu` (`code`, `name`, `type`, `url`, `order_no`, `updater`, `update_datetime`, `remark`, `parent_code`) values('SM201805171730323054680','统计分析','1','#','1','admin','2018-05-17 17:30:32','','SM201804251546303774373');
insert into `tsys_menu` (`code`, `name`, `type`, `url`, `order_no`, `updater`, `update_datetime`, `remark`, `parent_code`) values('SM201805171747477945012','余额统计分析','1','/statistic/balancedetail.htm','1','admin','2018-05-17 17:51:36','','SM201805171730323054680');
insert into `tsys_menu` (`code`, `name`, `type`, `url`, `order_no`, `updater`, `update_datetime`, `remark`, `parent_code`) values('SM201805171749254406565','在保余额','1','/statistic/protect.htm','2','admin','2018-05-17 17:51:58','','SM201805171730323054680');
insert into `tsys_menu` (`code`, `name`, `type`, `url`, `order_no`, `updater`, `update_datetime`, `remark`, `parent_code`) values('SM201805171816173306551','添加卡号','2','/add','1','admin','2018-05-17 18:16:17','','SM201804261349236076566');
insert into `tsys_menu` (`code`, `name`, `type`, `url`, `order_no`, `updater`, `update_datetime`, `remark`, `parent_code`) values('SM201805171817010037298','修改','2','/edit','2','admin','2018-05-17 18:17:01','','SM201804261349236076566');
insert into `tsys_menu` (`code`, `name`, `type`, `url`, `order_no`, `updater`, `update_datetime`, `remark`, `parent_code`) values('SM201805171817249615966','详情','2','/detail','3','admin','2018-05-17 18:17:24','','SM201804261349236076566');
insert into `tsys_menu` (`code`, `name`, `type`, `url`, `order_no`, `updater`, `update_datetime`, `remark`, `parent_code`) values('SM201805180831155662239','详情','2','/detail','1','wlq','2018-05-18 08:31:15','','SM201804301423210056970');
insert into `tsys_menu` (`code`, `name`, `type`, `url`, `order_no`, `updater`, `update_datetime`, `remark`, `parent_code`) values('SM201805180831386254002','导出','2','/export','2','wlq','2018-05-18 08:31:38','','SM201804301423210056970');
insert into `tsys_menu` (`code`, `name`, `type`, `url`, `order_no`, `updater`, `update_datetime`, `remark`, `parent_code`) values('SM201805202008058702503','详情','2','/add','1','admin','2018-05-20 20:08:05','','SM201804261356113521261');


/*
-- Query: SELECT role_code, menu_code, updater, update_datetime, remark FROM tsys_menu_role
-- Date: 2018-05-11 20:30
*/
insert into `tsys_menu_role` (`role_code`, `menu_code`, `updater`, `update_datetime`, `remark`) values('RO201800000000000001','SM201805161535255567110','wlq','2018-05-21 14:01:36',NULL);
insert into `tsys_menu_role` (`role_code`, `menu_code`, `updater`, `update_datetime`, `remark`) values('RO201800000000000001','HTWTSM201800000000000000','wlq','2018-05-21 14:01:36',NULL);
insert into `tsys_menu_role` (`role_code`, `menu_code`, `updater`, `update_datetime`, `remark`) values('RO201800000000000001','HTWTSM201800001000000001','wlq','2018-05-21 14:01:36',NULL);
insert into `tsys_menu_role` (`role_code`, `menu_code`, `updater`, `update_datetime`, `remark`) values('RO201800000000000001','HTWTSM201800001000000003','wlq','2018-05-21 14:01:36',NULL);
insert into `tsys_menu_role` (`role_code`, `menu_code`, `updater`, `update_datetime`, `remark`) values('RO201800000000000001','HTWTSM201800001000000004','wlq','2018-05-21 14:01:36',NULL);
insert into `tsys_menu_role` (`role_code`, `menu_code`, `updater`, `update_datetime`, `remark`) values('RO201800000000000001','SM201804241904336827315','wlq','2018-05-21 14:01:36',NULL);
insert into `tsys_menu_role` (`role_code`, `menu_code`, `updater`, `update_datetime`, `remark`) values('RO201800000000000001','SM201804242138443236748','wlq','2018-05-21 14:01:36',NULL);
insert into `tsys_menu_role` (`role_code`, `menu_code`, `updater`, `update_datetime`, `remark`) values('RO201800000000000001','SM201804242141231816698','wlq','2018-05-21 14:01:36',NULL);
insert into `tsys_menu_role` (`role_code`, `menu_code`, `updater`, `update_datetime`, `remark`) values('RO201800000000000001','SM201804242142138278448','wlq','2018-05-21 14:01:36',NULL);
insert into `tsys_menu_role` (`role_code`, `menu_code`, `updater`, `update_datetime`, `remark`) values('RO201800000000000001','SM201804242144385705547','wlq','2018-05-21 14:01:36',NULL);
insert into `tsys_menu_role` (`role_code`, `menu_code`, `updater`, `update_datetime`, `remark`) values('RO201800000000000001','SM201804242145538683194','wlq','2018-05-21 14:01:36',NULL);
insert into `tsys_menu_role` (`role_code`, `menu_code`, `updater`, `update_datetime`, `remark`) values('RO201800000000000001','SM201804251546009598082','wlq','2018-05-21 14:01:36',NULL);
insert into `tsys_menu_role` (`role_code`, `menu_code`, `updater`, `update_datetime`, `remark`) values('RO201800000000000001','SM201804251546303774373','wlq','2018-05-21 14:01:36',NULL);
insert into `tsys_menu_role` (`role_code`, `menu_code`, `updater`, `update_datetime`, `remark`) values('RO201800000000000001','SM201804251553599006810','wlq','2018-05-21 14:01:36',NULL);
insert into `tsys_menu_role` (`role_code`, `menu_code`, `updater`, `update_datetime`, `remark`) values('RO201800000000000001','SM201804251555317408123','wlq','2018-05-21 14:01:36',NULL);
insert into `tsys_menu_role` (`role_code`, `menu_code`, `updater`, `update_datetime`, `remark`) values('RO201800000000000001','SM201804251556195766046','wlq','2018-05-21 14:01:36',NULL);
insert into `tsys_menu_role` (`role_code`, `menu_code`, `updater`, `update_datetime`, `remark`) values('RO201800000000000001','SM201804251644341488287','wlq','2018-05-21 14:01:36',NULL);
insert into `tsys_menu_role` (`role_code`, `menu_code`, `updater`, `update_datetime`, `remark`) values('RO201800000000000001','SM201804251720368955246','wlq','2018-05-21 14:01:36',NULL);
insert into `tsys_menu_role` (`role_code`, `menu_code`, `updater`, `update_datetime`, `remark`) values('RO201800000000000001','SM201804251731271739441','wlq','2018-05-21 14:01:36',NULL);
insert into `tsys_menu_role` (`role_code`, `menu_code`, `updater`, `update_datetime`, `remark`) values('RO201800000000000001','SM201804251904256377856','wlq','2018-05-21 14:01:36',NULL);
insert into `tsys_menu_role` (`role_code`, `menu_code`, `updater`, `update_datetime`, `remark`) values('RO201800000000000001','SM201804261348514693404','wlq','2018-05-21 14:01:36',NULL);
insert into `tsys_menu_role` (`role_code`, `menu_code`, `updater`, `update_datetime`, `remark`) values('RO201800000000000001','SM201804261350336763666','wlq','2018-05-21 14:01:36',NULL);
insert into `tsys_menu_role` (`role_code`, `menu_code`, `updater`, `update_datetime`, `remark`) values('RO201800000000000001','SM201804261354380715184','wlq','2018-05-21 14:01:36',NULL);
insert into `tsys_menu_role` (`role_code`, `menu_code`, `updater`, `update_datetime`, `remark`) values('RO201800000000000001','SM201804261455330386632','wlq','2018-05-21 14:01:36',NULL);
insert into `tsys_menu_role` (`role_code`, `menu_code`, `updater`, `update_datetime`, `remark`) values('RO201800000000000001','SM201804271533135687170','wlq','2018-05-21 14:01:36',NULL);
insert into `tsys_menu_role` (`role_code`, `menu_code`, `updater`, `update_datetime`, `remark`) values('RO201800000000000001','SM201804271633137256879','wlq','2018-05-21 14:01:36',NULL);
insert into `tsys_menu_role` (`role_code`, `menu_code`, `updater`, `update_datetime`, `remark`) values('RO201800000000000001','SM201804271733507076601','wlq','2018-05-21 14:01:36',NULL);
insert into `tsys_menu_role` (`role_code`, `menu_code`, `updater`, `update_datetime`, `remark`) values('RO201800000000000001','SM201804271802149312624','wlq','2018-05-21 14:01:36',NULL);
insert into `tsys_menu_role` (`role_code`, `menu_code`, `updater`, `update_datetime`, `remark`) values('RO201800000000000001','SM201804301405471661433','wlq','2018-05-21 14:01:36',NULL);
insert into `tsys_menu_role` (`role_code`, `menu_code`, `updater`, `update_datetime`, `remark`) values('RO201800000000000001','SM201804301412106351850','wlq','2018-05-21 14:01:36',NULL);
insert into `tsys_menu_role` (`role_code`, `menu_code`, `updater`, `update_datetime`, `remark`) values('RO201800000000000001','SM201804301415439657360','wlq','2018-05-21 14:01:36',NULL);
insert into `tsys_menu_role` (`role_code`, `menu_code`, `updater`, `update_datetime`, `remark`) values('RO201800000000000001','SM201804301419295446882','wlq','2018-05-21 14:01:36',NULL);
insert into `tsys_menu_role` (`role_code`, `menu_code`, `updater`, `update_datetime`, `remark`) values('RO201800000000000001','SM201804301420285181532','wlq','2018-05-21 14:01:36',NULL);
insert into `tsys_menu_role` (`role_code`, `menu_code`, `updater`, `update_datetime`, `remark`) values('RO201800000000000001','SM201804301422259476511','wlq','2018-05-21 14:01:36',NULL);
insert into `tsys_menu_role` (`role_code`, `menu_code`, `updater`, `update_datetime`, `remark`) values('RO201800000000000001','SM201805071516186994661','wlq','2018-05-21 14:01:36',NULL);
insert into `tsys_menu_role` (`role_code`, `menu_code`, `updater`, `update_datetime`, `remark`) values('RO201800000000000001','SM201805081434065688426','wlq','2018-05-21 14:01:36',NULL);
insert into `tsys_menu_role` (`role_code`, `menu_code`, `updater`, `update_datetime`, `remark`) values('RO201800000000000001','SM201805081703219956551','wlq','2018-05-21 14:01:36',NULL);
insert into `tsys_menu_role` (`role_code`, `menu_code`, `updater`, `update_datetime`, `remark`) values('RO201800000000000001','SM201805081705114533419','wlq','2018-05-21 14:01:36',NULL);
insert into `tsys_menu_role` (`role_code`, `menu_code`, `updater`, `update_datetime`, `remark`) values('RO201800000000000001','SM201805081710209032086','wlq','2018-05-21 14:01:36',NULL);
insert into `tsys_menu_role` (`role_code`, `menu_code`, `updater`, `update_datetime`, `remark`) values('RO201800000000000001','SM201805081727132534557','wlq','2018-05-21 14:01:36',NULL);
insert into `tsys_menu_role` (`role_code`, `menu_code`, `updater`, `update_datetime`, `remark`) values('RO201800000000000001','SM201805081730223045783','wlq','2018-05-21 14:01:36',NULL);
insert into `tsys_menu_role` (`role_code`, `menu_code`, `updater`, `update_datetime`, `remark`) values('RO201800000000000001','SM201805151137041937983','wlq','2018-05-21 14:01:36',NULL);
insert into `tsys_menu_role` (`role_code`, `menu_code`, `updater`, `update_datetime`, `remark`) values('RO201800000000000001','SM201805151141041687260','wlq','2018-05-21 14:01:36',NULL);
insert into `tsys_menu_role` (`role_code`, `menu_code`, `updater`, `update_datetime`, `remark`) values('RO201800000000000001','SM201805151145201447930','wlq','2018-05-21 14:01:36',NULL);
insert into `tsys_menu_role` (`role_code`, `menu_code`, `updater`, `update_datetime`, `remark`) values('RO201800000000000001','SM201805151416304735967','wlq','2018-05-21 14:01:36',NULL);
insert into `tsys_menu_role` (`role_code`, `menu_code`, `updater`, `update_datetime`, `remark`) values('RO201800000000000001','SM201805151417051479254','wlq','2018-05-21 14:01:36',NULL);
insert into `tsys_menu_role` (`role_code`, `menu_code`, `updater`, `update_datetime`, `remark`) values('RO201800000000000001','SM201805151417381845203','wlq','2018-05-21 14:01:36',NULL);
insert into `tsys_menu_role` (`role_code`, `menu_code`, `updater`, `update_datetime`, `remark`) values('RO201800000000000001','SM201805151423216129694','wlq','2018-05-21 14:01:36',NULL);
insert into `tsys_menu_role` (`role_code`, `menu_code`, `updater`, `update_datetime`, `remark`) values('RO201800000000000001','SM201805151427368418325','wlq','2018-05-21 14:01:36',NULL);
insert into `tsys_menu_role` (`role_code`, `menu_code`, `updater`, `update_datetime`, `remark`) values('RO201800000000000001','SM201805161538209633638','wlq','2018-05-21 14:01:36',NULL);
insert into `tsys_menu_role` (`role_code`, `menu_code`, `updater`, `update_datetime`, `remark`) values('RO201800000000000001','SM201805161541576841859','wlq','2018-05-21 14:01:36',NULL);
insert into `tsys_menu_role` (`role_code`, `menu_code`, `updater`, `update_datetime`, `remark`) values('RO201800000000000001','SM201805161542527058108','wlq','2018-05-21 14:01:36',NULL);
insert into `tsys_menu_role` (`role_code`, `menu_code`, `updater`, `update_datetime`, `remark`) values('RO201800000000000001','SM201805162111333266733','wlq','2018-05-21 14:01:36',NULL);
insert into `tsys_menu_role` (`role_code`, `menu_code`, `updater`, `update_datetime`, `remark`) values('RO201800000000000001','SM201805162113473389149','wlq','2018-05-21 14:01:36',NULL);
insert into `tsys_menu_role` (`role_code`, `menu_code`, `updater`, `update_datetime`, `remark`) values('RO201800000000000001','SM201805170038079738669','wlq','2018-05-21 14:01:36',NULL);
insert into `tsys_menu_role` (`role_code`, `menu_code`, `updater`, `update_datetime`, `remark`) values('RO201800000000000001','SM201805170158081279481','wlq','2018-05-21 14:01:36',NULL);
insert into `tsys_menu_role` (`role_code`, `menu_code`, `updater`, `update_datetime`, `remark`) values('RO201800000000000001','SM201805171730323054680','wlq','2018-05-21 14:01:36',NULL);
insert into `tsys_menu_role` (`role_code`, `menu_code`, `updater`, `update_datetime`, `remark`) values('RO201800000000000001','SM201805171747477945012','wlq','2018-05-21 14:01:36',NULL);
insert into `tsys_menu_role` (`role_code`, `menu_code`, `updater`, `update_datetime`, `remark`) values('RO201800000000000001','SM201805171816173306551','wlq','2018-05-21 14:01:36',NULL);
insert into `tsys_menu_role` (`role_code`, `menu_code`, `updater`, `update_datetime`, `remark`) values('RO201800000000000001','SM201805180831155662239','wlq','2018-05-21 14:01:36',NULL);
insert into `tsys_menu_role` (`role_code`, `menu_code`, `updater`, `update_datetime`, `remark`) values('RO201800000000000001','SM201805202008058702503','wlq','2018-05-21 14:01:36',NULL);
insert into `tsys_menu_role` (`role_code`, `menu_code`, `updater`, `update_datetime`, `remark`) values('RO201800000000000001','HTWTSM201800001000000002','wlq','2018-05-21 14:01:36',NULL);
insert into `tsys_menu_role` (`role_code`, `menu_code`, `updater`, `update_datetime`, `remark`) values('RO201800000000000001','SM201804241905224096392','wlq','2018-05-21 14:01:36',NULL);
insert into `tsys_menu_role` (`role_code`, `menu_code`, `updater`, `update_datetime`, `remark`) values('RO201800000000000001','SM201804251646149125308','wlq','2018-05-21 14:01:36',NULL);
insert into `tsys_menu_role` (`role_code`, `menu_code`, `updater`, `update_datetime`, `remark`) values('RO201800000000000001','SM201804261349236076566','wlq','2018-05-21 14:01:36',NULL);
insert into `tsys_menu_role` (`role_code`, `menu_code`, `updater`, `update_datetime`, `remark`) values('RO201800000000000001','SM201804261354138758172','wlq','2018-05-21 14:01:36',NULL);
insert into `tsys_menu_role` (`role_code`, `menu_code`, `updater`, `update_datetime`, `remark`) values('RO201800000000000001','SM201804261354595823870','wlq','2018-05-21 14:01:36',NULL);
insert into `tsys_menu_role` (`role_code`, `menu_code`, `updater`, `update_datetime`, `remark`) values('RO201800000000000001','SM201804261442135927079','wlq','2018-05-21 14:01:36',NULL);
insert into `tsys_menu_role` (`role_code`, `menu_code`, `updater`, `update_datetime`, `remark`) values('RO201800000000000001','SM201804261456026756527','wlq','2018-05-21 14:01:36',NULL);
insert into `tsys_menu_role` (`role_code`, `menu_code`, `updater`, `update_datetime`, `remark`) values('RO201800000000000001','SM201804271533373702079','wlq','2018-05-21 14:01:36',NULL);
insert into `tsys_menu_role` (`role_code`, `menu_code`, `updater`, `update_datetime`, `remark`) values('RO201800000000000001','SM201804271633381096603','wlq','2018-05-21 14:01:36',NULL);
insert into `tsys_menu_role` (`role_code`, `menu_code`, `updater`, `update_datetime`, `remark`) values('RO201800000000000001','SM201804271734340343650','wlq','2018-05-21 14:01:36',NULL);
insert into `tsys_menu_role` (`role_code`, `menu_code`, `updater`, `update_datetime`, `remark`) values('RO201800000000000001','SM201804271804131056703','wlq','2018-05-21 14:01:36',NULL);
insert into `tsys_menu_role` (`role_code`, `menu_code`, `updater`, `update_datetime`, `remark`) values('RO201800000000000001','SM201804301406116552892','wlq','2018-05-21 14:01:36',NULL);
insert into `tsys_menu_role` (`role_code`, `menu_code`, `updater`, `update_datetime`, `remark`) values('RO201800000000000001','SM201804301412402254324','wlq','2018-05-21 14:01:36',NULL);
insert into `tsys_menu_role` (`role_code`, `menu_code`, `updater`, `update_datetime`, `remark`) values('RO201800000000000001','SM201804301420521954097','wlq','2018-05-21 14:01:36',NULL);
insert into `tsys_menu_role` (`role_code`, `menu_code`, `updater`, `update_datetime`, `remark`) values('RO201800000000000001','SM201804301421521342427','wlq','2018-05-21 14:01:36',NULL);
insert into `tsys_menu_role` (`role_code`, `menu_code`, `updater`, `update_datetime`, `remark`) values('RO201800000000000001','SM201804301422537086327','wlq','2018-05-21 14:01:36',NULL);
insert into `tsys_menu_role` (`role_code`, `menu_code`, `updater`, `update_datetime`, `remark`) values('RO201800000000000001','SM201805071540264947371','wlq','2018-05-21 14:01:36',NULL);
insert into `tsys_menu_role` (`role_code`, `menu_code`, `updater`, `update_datetime`, `remark`) values('RO201800000000000001','SM201805081703478765902','wlq','2018-05-21 14:01:36',NULL);
insert into `tsys_menu_role` (`role_code`, `menu_code`, `updater`, `update_datetime`, `remark`) values('RO201800000000000001','SM201805081705485635544','wlq','2018-05-21 14:01:36',NULL);
insert into `tsys_menu_role` (`role_code`, `menu_code`, `updater`, `update_datetime`, `remark`) values('RO201800000000000001','SM201805081713364106306','wlq','2018-05-21 14:01:36',NULL);
insert into `tsys_menu_role` (`role_code`, `menu_code`, `updater`, `update_datetime`, `remark`) values('RO201800000000000001','SM201805081718535897157','wlq','2018-05-21 14:01:36',NULL);
insert into `tsys_menu_role` (`role_code`, `menu_code`, `updater`, `update_datetime`, `remark`) values('RO201800000000000001','SM201805081728455223975','wlq','2018-05-21 14:01:36',NULL);
insert into `tsys_menu_role` (`role_code`, `menu_code`, `updater`, `update_datetime`, `remark`) values('RO201800000000000001','SM201805151138030687340','wlq','2018-05-21 14:01:36',NULL);
insert into `tsys_menu_role` (`role_code`, `menu_code`, `updater`, `update_datetime`, `remark`) values('RO201800000000000001','SM201805151141485448437','wlq','2018-05-21 14:01:36',NULL);
insert into `tsys_menu_role` (`role_code`, `menu_code`, `updater`, `update_datetime`, `remark`) values('RO201800000000000001','SM201805151147165116182','wlq','2018-05-21 14:01:36',NULL);
insert into `tsys_menu_role` (`role_code`, `menu_code`, `updater`, `update_datetime`, `remark`) values('RO201800000000000001','SM201805151424224008814','wlq','2018-05-21 14:01:36',NULL);
insert into `tsys_menu_role` (`role_code`, `menu_code`, `updater`, `update_datetime`, `remark`) values('RO201800000000000001','SM201805151428123357430','wlq','2018-05-21 14:01:36',NULL);
insert into `tsys_menu_role` (`role_code`, `menu_code`, `updater`, `update_datetime`, `remark`) values('RO201800000000000001','SM201805161539326666369','wlq','2018-05-21 14:01:36',NULL);
insert into `tsys_menu_role` (`role_code`, `menu_code`, `updater`, `update_datetime`, `remark`) values('RO201800000000000001','SM201805161542208535921','wlq','2018-05-21 14:01:36',NULL);
insert into `tsys_menu_role` (`role_code`, `menu_code`, `updater`, `update_datetime`, `remark`) values('RO201800000000000001','SM201805161543096058565','wlq','2018-05-21 14:01:36',NULL);
insert into `tsys_menu_role` (`role_code`, `menu_code`, `updater`, `update_datetime`, `remark`) values('RO201800000000000001','SM201805162112080719930','wlq','2018-05-21 14:01:36',NULL);
insert into `tsys_menu_role` (`role_code`, `menu_code`, `updater`, `update_datetime`, `remark`) values('RO201800000000000001','SM201805162114525091576','wlq','2018-05-21 14:01:36',NULL);
insert into `tsys_menu_role` (`role_code`, `menu_code`, `updater`, `update_datetime`, `remark`) values('RO201800000000000001','SM201805170159444298537','wlq','2018-05-21 14:01:36',NULL);
insert into `tsys_menu_role` (`role_code`, `menu_code`, `updater`, `update_datetime`, `remark`) values('RO201800000000000001','SM201805171749254406565','wlq','2018-05-21 14:01:36',NULL);
insert into `tsys_menu_role` (`role_code`, `menu_code`, `updater`, `update_datetime`, `remark`) values('RO201800000000000001','SM201805171817010037298','wlq','2018-05-21 14:01:36',NULL);
insert into `tsys_menu_role` (`role_code`, `menu_code`, `updater`, `update_datetime`, `remark`) values('RO201800000000000001','SM201805180831386254002','wlq','2018-05-21 14:01:36',NULL);
insert into `tsys_menu_role` (`role_code`, `menu_code`, `updater`, `update_datetime`, `remark`) values('RO201800000000000001','SM201804251647429608504','wlq','2018-05-21 14:01:36',NULL);
insert into `tsys_menu_role` (`role_code`, `menu_code`, `updater`, `update_datetime`, `remark`) values('RO201800000000000001','SM201804251721516584466','wlq','2018-05-21 14:01:36',NULL);
insert into `tsys_menu_role` (`role_code`, `menu_code`, `updater`, `update_datetime`, `remark`) values('RO201800000000000001','SM201804261355188031376','wlq','2018-05-21 14:01:36',NULL);
insert into `tsys_menu_role` (`role_code`, `menu_code`, `updater`, `update_datetime`, `remark`) values('RO201800000000000001','SM201804261442413839763','wlq','2018-05-21 14:01:36',NULL);
insert into `tsys_menu_role` (`role_code`, `menu_code`, `updater`, `update_datetime`, `remark`) values('RO201800000000000001','SM201804261456503673631','wlq','2018-05-21 14:01:36',NULL);
insert into `tsys_menu_role` (`role_code`, `menu_code`, `updater`, `update_datetime`, `remark`) values('RO201800000000000001','SM201804271534051688530','wlq','2018-05-21 14:01:36',NULL);
insert into `tsys_menu_role` (`role_code`, `menu_code`, `updater`, `update_datetime`, `remark`) values('RO201800000000000001','SM201804271634353025309','wlq','2018-05-21 14:01:36',NULL);
insert into `tsys_menu_role` (`role_code`, `menu_code`, `updater`, `update_datetime`, `remark`) values('RO201800000000000001','SM201804271801337258756','wlq','2018-05-21 14:01:36',NULL);
insert into `tsys_menu_role` (`role_code`, `menu_code`, `updater`, `update_datetime`, `remark`) values('RO201800000000000001','SM201804301406356625671','wlq','2018-05-21 14:01:36',NULL);
insert into `tsys_menu_role` (`role_code`, `menu_code`, `updater`, `update_datetime`, `remark`) values('RO201800000000000001','SM201804301413103705972','wlq','2018-05-21 14:01:36',NULL);
insert into `tsys_menu_role` (`role_code`, `menu_code`, `updater`, `update_datetime`, `remark`) values('RO201800000000000001','SM201804301416500665320','wlq','2018-05-21 14:01:36',NULL);
insert into `tsys_menu_role` (`role_code`, `menu_code`, `updater`, `update_datetime`, `remark`) values('RO201800000000000001','SM201804301423210056970','wlq','2018-05-21 14:01:36',NULL);
insert into `tsys_menu_role` (`role_code`, `menu_code`, `updater`, `update_datetime`, `remark`) values('RO201800000000000001','SM201805071542045077550','wlq','2018-05-21 14:01:36',NULL);
insert into `tsys_menu_role` (`role_code`, `menu_code`, `updater`, `update_datetime`, `remark`) values('RO201800000000000001','SM201805081056379762242','wlq','2018-05-21 14:01:36',NULL);
insert into `tsys_menu_role` (`role_code`, `menu_code`, `updater`, `update_datetime`, `remark`) values('RO201800000000000001','SM201805081714299133603','wlq','2018-05-21 14:01:36',NULL);
insert into `tsys_menu_role` (`role_code`, `menu_code`, `updater`, `update_datetime`, `remark`) values('RO201800000000000001','SM201805081719260431762','wlq','2018-05-21 14:01:36',NULL);
insert into `tsys_menu_role` (`role_code`, `menu_code`, `updater`, `update_datetime`, `remark`) values('RO201800000000000001','SM201805081729389868979','wlq','2018-05-21 14:01:36',NULL);
insert into `tsys_menu_role` (`role_code`, `menu_code`, `updater`, `update_datetime`, `remark`) values('RO201800000000000001','SM201805151139084406337','wlq','2018-05-21 14:01:36',NULL);
insert into `tsys_menu_role` (`role_code`, `menu_code`, `updater`, `update_datetime`, `remark`) values('RO201800000000000001','SM201805151142343848298','wlq','2018-05-21 14:01:36',NULL);
insert into `tsys_menu_role` (`role_code`, `menu_code`, `updater`, `update_datetime`, `remark`) values('RO201800000000000001','SM201805151147580028177','wlq','2018-05-21 14:01:36',NULL);
insert into `tsys_menu_role` (`role_code`, `menu_code`, `updater`, `update_datetime`, `remark`) values('RO201800000000000001','SM201805151424524473130','wlq','2018-05-21 14:01:36',NULL);
insert into `tsys_menu_role` (`role_code`, `menu_code`, `updater`, `update_datetime`, `remark`) values('RO201800000000000001','SM201805151428331148033','wlq','2018-05-21 14:01:36',NULL);
insert into `tsys_menu_role` (`role_code`, `menu_code`, `updater`, `update_datetime`, `remark`) values('RO201800000000000001','SM201805160026263651871','wlq','2018-05-21 14:01:36',NULL);
insert into `tsys_menu_role` (`role_code`, `menu_code`, `updater`, `update_datetime`, `remark`) values('RO201800000000000001','SM201805170200351521401','wlq','2018-05-21 14:01:36',NULL);
insert into `tsys_menu_role` (`role_code`, `menu_code`, `updater`, `update_datetime`, `remark`) values('RO201800000000000001','SM201805171817249615966','wlq','2018-05-21 14:01:36',NULL);
insert into `tsys_menu_role` (`role_code`, `menu_code`, `updater`, `update_datetime`, `remark`) values('RO201800000000000001','SM201804242145538681651','wlq','2018-05-21 14:01:36',NULL);
insert into `tsys_menu_role` (`role_code`, `menu_code`, `updater`, `update_datetime`, `remark`) values('RO201800000000000001','SM201804251552372043999','wlq','2018-05-21 14:01:36',NULL);
insert into `tsys_menu_role` (`role_code`, `menu_code`, `updater`, `update_datetime`, `remark`) values('RO201800000000000001','SM201804261355444488601','wlq','2018-05-21 14:01:36',NULL);
insert into `tsys_menu_role` (`role_code`, `menu_code`, `updater`, `update_datetime`, `remark`) values('RO201800000000000001','SM201804261443038387310','wlq','2018-05-21 14:01:36',NULL);
insert into `tsys_menu_role` (`role_code`, `menu_code`, `updater`, `update_datetime`, `remark`) values('RO201800000000000001','SM201804261457247095405','wlq','2018-05-21 14:01:36',NULL);
insert into `tsys_menu_role` (`role_code`, `menu_code`, `updater`, `update_datetime`, `remark`) values('RO201800000000000001','SM201804261916138008548','wlq','2018-05-21 14:01:36',NULL);
insert into `tsys_menu_role` (`role_code`, `menu_code`, `updater`, `update_datetime`, `remark`) values('RO201800000000000001','SM201804271534266319193','wlq','2018-05-21 14:01:36',NULL);
insert into `tsys_menu_role` (`role_code`, `menu_code`, `updater`, `update_datetime`, `remark`) values('RO201800000000000001','SM201804271635122545502','wlq','2018-05-21 14:01:36',NULL);
insert into `tsys_menu_role` (`role_code`, `menu_code`, `updater`, `update_datetime`, `remark`) values('RO201800000000000001','SM201804271806010518814','wlq','2018-05-21 14:01:36',NULL);
insert into `tsys_menu_role` (`role_code`, `menu_code`, `updater`, `update_datetime`, `remark`) values('RO201800000000000001','SM201804301405228059456','wlq','2018-05-21 14:01:36',NULL);
insert into `tsys_menu_role` (`role_code`, `menu_code`, `updater`, `update_datetime`, `remark`) values('RO201800000000000001','SM201804301407183648138','wlq','2018-05-21 14:01:36',NULL);
insert into `tsys_menu_role` (`role_code`, `menu_code`, `updater`, `update_datetime`, `remark`) values('RO201800000000000001','SM201804301417154135904','wlq','2018-05-21 14:01:36',NULL);
insert into `tsys_menu_role` (`role_code`, `menu_code`, `updater`, `update_datetime`, `remark`) values('RO201800000000000001','SM201805071542510898778','wlq','2018-05-21 14:01:36',NULL);
insert into `tsys_menu_role` (`role_code`, `menu_code`, `updater`, `update_datetime`, `remark`) values('RO201800000000000001','SM201805081715003349937','wlq','2018-05-21 14:01:36',NULL);
insert into `tsys_menu_role` (`role_code`, `menu_code`, `updater`, `update_datetime`, `remark`) values('RO201800000000000001','SM201805081719507452259','wlq','2018-05-21 14:01:36',NULL);
insert into `tsys_menu_role` (`role_code`, `menu_code`, `updater`, `update_datetime`, `remark`) values('RO201800000000000001','SM201805151139420921219','wlq','2018-05-21 14:01:36',NULL);
insert into `tsys_menu_role` (`role_code`, `menu_code`, `updater`, `update_datetime`, `remark`) values('RO201800000000000001','SM201805151143052326946','wlq','2018-05-21 14:01:36',NULL);
insert into `tsys_menu_role` (`role_code`, `menu_code`, `updater`, `update_datetime`, `remark`) values('RO201800000000000001','SM201805151148197519303','wlq','2018-05-21 14:01:36',NULL);
insert into `tsys_menu_role` (`role_code`, `menu_code`, `updater`, `update_datetime`, `remark`) values('RO201800000000000001','SM201805170201043545514','wlq','2018-05-21 14:01:36',NULL);
insert into `tsys_menu_role` (`role_code`, `menu_code`, `updater`, `update_datetime`, `remark`) values('RO201800000000000001','SM201804261356113521261','wlq','2018-05-21 14:01:36',NULL);
insert into `tsys_menu_role` (`role_code`, `menu_code`, `updater`, `update_datetime`, `remark`) values('RO201800000000000001','SM201804261457540441246','wlq','2018-05-21 14:01:36',NULL);
insert into `tsys_menu_role` (`role_code`, `menu_code`, `updater`, `update_datetime`, `remark`) values('RO201800000000000001','SM201804262141502085147','wlq','2018-05-21 14:01:36',NULL);
insert into `tsys_menu_role` (`role_code`, `menu_code`, `updater`, `update_datetime`, `remark`) values('RO201800000000000001','SM201804271534490278831','wlq','2018-05-21 14:01:36',NULL);
insert into `tsys_menu_role` (`role_code`, `menu_code`, `updater`, `update_datetime`, `remark`) values('RO201800000000000001','SM201804271635347336057','wlq','2018-05-21 14:01:36',NULL);
insert into `tsys_menu_role` (`role_code`, `menu_code`, `updater`, `update_datetime`, `remark`) values('RO201800000000000001','SM201804271806335389896','wlq','2018-05-21 14:01:36',NULL);
insert into `tsys_menu_role` (`role_code`, `menu_code`, `updater`, `update_datetime`, `remark`) values('RO201800000000000001','SM201804301408090236536','wlq','2018-05-21 14:01:36',NULL);
insert into `tsys_menu_role` (`role_code`, `menu_code`, `updater`, `update_datetime`, `remark`) values('RO201800000000000001','SM201804301411257273786','wlq','2018-05-21 14:01:36',NULL);
insert into `tsys_menu_role` (`role_code`, `menu_code`, `updater`, `update_datetime`, `remark`) values('RO201800000000000001','SM201805151140189894428','wlq','2018-05-21 14:01:36',NULL);
insert into `tsys_menu_role` (`role_code`, `menu_code`, `updater`, `update_datetime`, `remark`) values('RO201800000000000001','SM201805151143309479378','wlq','2018-05-21 14:01:36',NULL);
insert into `tsys_menu_role` (`role_code`, `menu_code`, `updater`, `update_datetime`, `remark`) values('RO201800000000000001','SM201805170201355929082','wlq','2018-05-21 14:01:36',NULL);
insert into `tsys_menu_role` (`role_code`, `menu_code`, `updater`, `update_datetime`, `remark`) values('RO201800000000000001','SM201804271807006759984','wlq','2018-05-21 14:01:36',NULL);
insert into `tsys_menu_role` (`role_code`, `menu_code`, `updater`, `update_datetime`, `remark`) values('RO201800000000000001','SM201804301408366544676','wlq','2018-05-21 14:01:36',NULL);
insert into `tsys_menu_role` (`role_code`, `menu_code`, `updater`, `update_datetime`, `remark`) values('RO201800000000000001','SM201804301415107007680','wlq','2018-05-21 14:01:36',NULL);
insert into `tsys_menu_role` (`role_code`, `menu_code`, `updater`, `update_datetime`, `remark`) values('RO201800000000000001','SM201804301409101479675','wlq','2018-05-21 14:01:36',NULL);
insert into `tsys_menu_role` (`role_code`, `menu_code`, `updater`, `update_datetime`, `remark`) values('RO201800000000000001','SM201805081102218914268','wlq','2018-05-21 14:01:36',NULL);
insert into `tsys_menu_role` (`role_code`, `menu_code`, `updater`, `update_datetime`, `remark`) values('RO201800000000000001','SM201804301409426698234','wlq','2018-05-21 14:01:36',NULL);
insert into `tsys_menu_role` (`role_code`, `menu_code`, `updater`, `update_datetime`, `remark`) values('RO201800000000000001','SM201804301410177164183','wlq','2018-05-21 14:01:36',NULL);