
/* 最高权限用户admin */
INSERT INTO `tsys_user` (`user_id`,`type`,`photo`,`login_name`,`mobile`,`login_pwd`,`login_pwd_strength`,`create_datetme`,`role_code`,`updater`,`update_datetime`,`status`,`remark`) VALUES ('USYS201800000000001','P',NULL,'admin',NULL,'21218cca77804d2ba1922c33e0151105','1',now(),'RO201800000000000001','admin',now(),'0','超级用户');

/* 超级用户角色 */
INSERT INTO `tsys_role` (`code`,`name`,`level`,`updater`,`update_datetime`,`remark`) VALUES ('RO201800000000000001','超级管理员','1','admin',now(),NULL);

/*
-- Query: SELECT `type`,`parent_key`,`dkey`,`dvalue`,`updater`,now() as `update_datetime`, NULL as `remark`,'CD-HTWT000020' as `company_code`, 'CD-HTWT000020' as `system_code` FROM tsys_dict
-- Date: 2018-05-11 20:36
*/
insert into `tsys_dict` (`id`, `type`, `parent_key`, `dkey`, `dvalue`, `updater`, `update_datetime`, `remark`, `company_code`, `system_code`) values('1','0',NULL,'role_level','角色等级','admin','2018-04-19 07:36:41',NULL,'CD-CHTWT000020','CD-CHTWT000020');
insert into `tsys_dict` (`id`, `type`, `parent_key`, `dkey`, `dvalue`, `updater`, `update_datetime`, `remark`, `company_code`, `system_code`) values('2','1','role_level','1','运维','admin','2018-04-19 07:36:41',NULL,'CD-CHTWT000020','CD-CHTWT000020');
insert into `tsys_dict` (`id`, `type`, `parent_key`, `dkey`, `dvalue`, `updater`, `update_datetime`, `remark`, `company_code`, `system_code`) values('3','1','role_level','2','运营','admin','2018-04-19 07:36:42',NULL,'CD-CHTWT000020','CD-CHTWT000020');
insert into `tsys_dict` (`id`, `type`, `parent_key`, `dkey`, `dvalue`, `updater`, `update_datetime`, `remark`, `company_code`, `system_code`) values('4','1','role_level','3','客户','admin','2018-04-19 07:36:42',NULL,'CD-CHTWT000020','CD-CHTWT000020');
insert into `tsys_dict` (`id`, `type`, `parent_key`, `dkey`, `dvalue`, `updater`, `update_datetime`, `remark`, `company_code`, `system_code`) values('9','0',NULL,'status','状态','admin','2018-04-23 16:37:10',NULL,NULL,NULL);
insert into `tsys_dict` (`id`, `type`, `parent_key`, `dkey`, `dvalue`, `updater`, `update_datetime`, `remark`, `company_code`, `system_code`) values('10','1','status','0','待上架','admin','2018-04-23 16:37:19',NULL,NULL,NULL);
insert into `tsys_dict` (`id`, `type`, `parent_key`, `dkey`, `dvalue`, `updater`, `update_datetime`, `remark`, `company_code`, `system_code`) values('11','1','status','1','已上架','admin','2018-04-23 16:37:21',NULL,NULL,NULL);
insert into `tsys_dict` (`id`, `type`, `parent_key`, `dkey`, `dvalue`, `updater`, `update_datetime`, `remark`, `company_code`, `system_code`) values('12','1','status','2','已下架','admin','2018-04-23 16:37:23',NULL,NULL,NULL);
insert into `tsys_dict` (`id`, `type`, `parent_key`, `dkey`, `dvalue`, `updater`, `update_datetime`, `remark`, `company_code`, `system_code`) values('13','0',NULL,'user_status','用户状态','admin','2018-04-19 07:36:41',NULL,NULL,NULL);
insert into `tsys_dict` (`id`, `type`, `parent_key`, `dkey`, `dvalue`, `updater`, `update_datetime`, `remark`, `company_code`, `system_code`) values('14','1','user_status','0','正常','admin','2018-04-19 07:36:41',NULL,NULL,NULL);
insert into `tsys_dict` (`id`, `type`, `parent_key`, `dkey`, `dvalue`, `updater`, `update_datetime`, `remark`, `company_code`, `system_code`) values('15','1','user_status','1','程序锁定','admin','2018-04-19 07:36:41',NULL,NULL,NULL);
insert into `tsys_dict` (`id`, `type`, `parent_key`, `dkey`, `dvalue`, `updater`, `update_datetime`, `remark`, `company_code`, `system_code`) values('16','1','user_status','2','人工锁定','admin','2018-04-26 18:08:53','',NULL,NULL);
insert into `tsys_dict` (`id`, `type`, `parent_key`, `dkey`, `dvalue`, `updater`, `update_datetime`, `remark`, `company_code`, `system_code`) values('17','0',NULL,'product','商品状态','admin','2018-05-15 21:15:28',NULL,NULL,NULL);
insert into `tsys_dict` (`id`, `type`, `parent_key`, `dkey`, `dvalue`, `updater`, `update_datetime`, `remark`, `company_code`, `system_code`) values('18',NULL,'status','1','待上架','admin','2018-05-15 21:15:41',NULL,NULL,NULL);
insert into `tsys_dict` (`id`, `type`, `parent_key`, `dkey`, `dvalue`, `updater`, `update_datetime`, `remark`, `company_code`, `system_code`) values('19',NULL,'status','3','已上架','admin','2018-05-15 21:15:44',NULL,NULL,NULL);
insert into `tsys_dict` (`id`, `type`, `parent_key`, `dkey`, `dvalue`, `updater`, `update_datetime`, `remark`, `company_code`, `system_code`) values('20',NULL,'status','4','已下架','admin','2018-05-15 21:15:45',NULL,NULL,NULL);
insert into `tsys_dict` (`id`, `type`, `parent_key`, `dkey`, `dvalue`, `updater`, `update_datetime`, `remark`, `company_code`, `system_code`) values('21',NULL,'status','9','已回收','admin','2018-05-15 21:15:47',NULL,NULL,NULL);
insert into `tsys_dict` (`id`, `type`, `parent_key`, `dkey`, `dvalue`, `updater`, `update_datetime`, `remark`, `company_code`, `system_code`) values('22','0',NULL,'kd_company','物流公司','admin','2018-03-28 13:58:15','','CD-CBH000020','CD-CBH000020');
insert into `tsys_dict` (`id`, `type`, `parent_key`, `dkey`, `dvalue`, `updater`, `update_datetime`, `remark`, `company_code`, `system_code`) values('23','1','kd_company','EMS','邮政EMShhh','admin','2018-03-28 13:58:15','','CD-CBH000020','CD-CBH000020');
insert into `tsys_dict` (`id`, `type`, `parent_key`, `dkey`, `dvalue`, `updater`, `update_datetime`, `remark`, `company_code`, `system_code`) values('24','1','kd_company','STO','申通快递','admin','2018-03-28 13:58:15','','CD-CBH000020','CD-CBH000020');
insert into `tsys_dict` (`id`, `type`, `parent_key`, `dkey`, `dvalue`, `updater`, `update_datetime`, `remark`, `company_code`, `system_code`) values('25','1','kd_company','ZTO','中通快递','admin','2018-03-28 13:58:15','','CD-CBH000020','CD-CBH000020');
insert into `tsys_dict` (`id`, `type`, `parent_key`, `dkey`, `dvalue`, `updater`, `update_datetime`, `remark`, `company_code`, `system_code`) values('26','1','kd_company','YTO','圆通快递','admin','2018-03-28 13:58:15','','CD-CBH000020','CD-CBH000020');
insert into `tsys_dict` (`id`, `type`, `parent_key`, `dkey`, `dvalue`, `updater`, `update_datetime`, `remark`, `company_code`, `system_code`) values('27','1','kd_company','HTKY','汇通快递','admin','2018-03-28 13:58:15','','CD-CBH000020','CD-CBH000020');
insert into `tsys_dict` (`id`, `type`, `parent_key`, `dkey`, `dvalue`, `updater`, `update_datetime`, `remark`, `company_code`, `system_code`) values('28','1','kd_company','SF','顺丰快递','admin','2018-03-28 13:58:15','','CD-CBH000020','CD-CBH000020');
insert into `tsys_dict` (`id`, `type`, `parent_key`, `dkey`, `dvalue`, `updater`, `update_datetime`, `remark`, `company_code`, `system_code`) values('29','1','kd_company','TTKD','天天快递','admin','2018-03-28 13:58:15','','CD-CBH000020','CD-CBH000020');
insert into `tsys_dict` (`id`, `type`, `parent_key`, `dkey`, `dvalue`, `updater`, `update_datetime`, `remark`, `company_code`, `system_code`) values('30','1','kd_company','ZJS','宅急送','admin','2018-03-28 13:58:15','','CD-CBH000020','CD-CBH000020');
insert into `tsys_dict` (`id`, `type`, `parent_key`, `dkey`, `dvalue`, `updater`, `update_datetime`, `remark`, `company_code`, `system_code`) values('31','1','kd_company','BSHT','百世汇通','admin','2018-03-28 13:58:15','','CD-CBH000020','CD-CBH000020');
insert into `tsys_dict` (`id`, `type`, `parent_key`, `dkey`, `dvalue`, `updater`, `update_datetime`, `remark`, `company_code`, `system_code`) values('32','1','kd_company','YDKD','韵达快递','admin','2018-03-28 13:58:15','','CD-CBH000020','CD-CBH000020');
insert into `tsys_dict` (`id`, `type`, `parent_key`, `dkey`, `dvalue`, `updater`, `update_datetime`, `remark`, `company_code`, `system_code`) values('33','1','kd_company','DBKD','德邦快递','admin','2018-03-28 13:58:15','','CD-CBH000020','CD-CBH000020');
insert into `tsys_dict` (`id`, `type`, `parent_key`, `dkey`, `dvalue`, `updater`, `update_datetime`, `remark`, `company_code`, `system_code`) values('34','1','kd_company','QFKD','全峰快递','admin','2018-03-28 13:58:15','','CD-CBH000020','CD-CBH000020');
insert into `tsys_dict` (`id`, `type`, `parent_key`, `dkey`, `dvalue`, `updater`, `update_datetime`, `remark`, `company_code`, `system_code`) values('35','1','kd_company','GTKD','国通快递','admin','2018-03-28 13:58:15','','CD-CBH000020','CD-CBH000020');
insert into `tsys_dict` (`id`, `type`, `parent_key`, `dkey`, `dvalue`, `updater`, `update_datetime`, `remark`, `company_code`, `system_code`) values('36','1','kd_company','TDHY','天地华宇','admin','2018-03-28 13:58:15','','CD-CBH000020','CD-CBH000020');
insert into `tsys_dict` (`id`, `type`, `parent_key`, `dkey`, `dvalue`, `updater`, `update_datetime`, `remark`, `company_code`, `system_code`) values('37','1','kd_company','JJWL','佳吉物流','admin','2018-03-28 13:58:15','','CD-CBH000020','CD-CBH000020');
insert into `tsys_dict` (`id`, `type`, `parent_key`, `dkey`, `dvalue`, `updater`, `update_datetime`, `remark`, `company_code`, `system_code`) values('38','1','kd_company','JJKD','快捷快递','admin','2018-03-28 13:58:15','','CD-CBH000020','CD-CBH000020');
insert into `tsys_dict` (`id`, `type`, `parent_key`, `dkey`, `dvalue`, `updater`, `update_datetime`, `remark`, `company_code`, `system_code`) values('39','1','kd_company','YSKD','优速快递','admin','2018-03-28 13:58:15','','CD-CBH000020','CD-CBH000020');
insert into `tsys_dict` (`id`, `type`, `parent_key`, `dkey`, `dvalue`, `updater`, `update_datetime`, `remark`, `company_code`, `system_code`) values('40','0',NULL,'account_status','账户状态','admin','2018-03-28 13:58:15',NULL,'CD-CBH000020','CD-CBH000020');
insert into `tsys_dict` (`id`, `type`, `parent_key`, `dkey`, `dvalue`, `updater`, `update_datetime`, `remark`, `company_code`, `system_code`) values('41','1','account_status','0','正常','admin','2018-03-28 13:58:15',NULL,'CD-CBH000020','CD-CBH000020');
insert into `tsys_dict` (`id`, `type`, `parent_key`, `dkey`, `dvalue`, `updater`, `update_datetime`, `remark`, `company_code`, `system_code`) values('42','1','account_status','1','程序锁定','admin','2018-03-28 13:58:15',NULL,'CD-CBH000020','CD-CBH000020');
insert into `tsys_dict` (`id`, `type`, `parent_key`, `dkey`, `dvalue`, `updater`, `update_datetime`, `remark`, `company_code`, `system_code`) values('43','1','account_status','2','人工锁定','admin','2018-03-28 13:58:15',NULL,'CD-CBH000020','CD-CBH000020');
insert into `tsys_dict` (`id`, `type`, `parent_key`, `dkey`, `dvalue`, `updater`, `update_datetime`, `remark`, `company_code`, `system_code`) values('44','0',NULL,'currency','币种','admin','2018-05-16 16:08:28',NULL,'CD-CBH000020','CD-CBH000020');
insert into `tsys_dict` (`id`, `type`, `parent_key`, `dkey`, `dvalue`, `updater`, `update_datetime`, `remark`, `company_code`, `system_code`) values('45','1','currency','CNY','人民币','admin','2018-05-16 16:08:59',NULL,'CD-CBH000020','CD-CBH000020');
insert into `tsys_dict` (`id`, `type`, `parent_key`, `dkey`, `dvalue`, `updater`, `update_datetime`, `remark`, `company_code`, `system_code`) values('46','1','currency','JF','积分','admin','2018-05-16 16:09:46',NULL,'CD-CBH000020','CD-CBH000020');
insert into `tsys_dict` (`id`, `type`, `parent_key`, `dkey`, `dvalue`, `updater`, `update_datetime`, `remark`, `company_code`, `system_code`) values('47','1','currency','XYF','信用分','admin','2018-05-16 16:09:48',NULL,'CD-CBH000020','CD-CBH000020');
insert into `tsys_dict` (`id`, `type`, `parent_key`, `dkey`, `dvalue`, `updater`, `update_datetime`, `remark`, `company_code`, `system_code`) values('48','0',NULL,'account_type','账号类型','admin','2018-05-16 16:09:46',NULL,'CD-CBH000020','CD-CBH000020');
insert into `tsys_dict` (`id`, `type`, `parent_key`, `dkey`, `dvalue`, `updater`, `update_datetime`, `remark`, `company_code`, `system_code`) values('49','1','account_type','C','C端用户','admin','2018-05-16 16:09:46',NULL,'CD-CBH000020','CD-CBH000020');
insert into `tsys_dict` (`id`, `type`, `parent_key`, `dkey`, `dvalue`, `updater`, `update_datetime`, `remark`, `company_code`, `system_code`) values('54','0',NULL,'bankcard','银行卡状态','admin','2018-05-11 12:35:06',NULL,'CD-HTWT000020','CD-HTWT000020');
insert into `tsys_dict` (`id`, `type`, `parent_key`, `dkey`, `dvalue`, `updater`, `update_datetime`, `remark`, `company_code`, `system_code`) values('55','1','bankcard','0','正常','admin','2018-05-11 12:35:06',NULL,'CD-HTWT000020','CD-HTWT000020');
insert into `tsys_dict` (`id`, `type`, `parent_key`, `dkey`, `dvalue`, `updater`, `update_datetime`, `remark`, `company_code`, `system_code`) values('56','1','bankcard','1','停用','admin','2018-05-11 12:35:06',NULL,'CD-HTWT000020','CD-HTWT000020');
insert into `tsys_dict` (`id`, `type`, `parent_key`, `dkey`, `dvalue`, `updater`, `update_datetime`, `remark`, `company_code`, `system_code`) values('57','0',NULL,'channel_type','支付渠道','admin','2018-05-16 21:08:44',NULL,'CD-HTWT000020','CD-HTWT000020');
insert into `tsys_dict` (`id`, `type`, `parent_key`, `dkey`, `dvalue`, `updater`, `update_datetime`, `remark`, `company_code`, `system_code`) values('58','1','channel_type','1','宝付代扣','admin','2018-05-16 21:09:32',NULL,'CD-HTWT000020','CD-HTWT000020');
insert into `tsys_dict` (`id`, `type`, `parent_key`, `dkey`, `dvalue`, `updater`, `update_datetime`, `remark`, `company_code`, `system_code`) values('59','1','channel_type','0','内部账','admin','2018-05-16 21:09:34',NULL,'CD-HTWT000020','CD-HTWT000020');
insert into `tsys_dict` (`id`, `type`, `parent_key`, `dkey`, `dvalue`, `updater`, `update_datetime`, `remark`, `company_code`, `system_code`) values('60','1','channel_type','90','人工线下','admin','2018-05-16 21:09:35',NULL,'CD-HTWT000020','CD-HTWT000020');
insert into `tsys_dict` (`id`, `type`, `parent_key`, `dkey`, `dvalue`, `updater`, `update_datetime`, `remark`, `company_code`, `system_code`) values('61','0',NULL,'biz_type','业务类型','admin','2018-05-16 21:13:56',NULL,'CD-HTWT000020','CD-HTWT000020');
insert into `tsys_dict` (`id`, `type`, `parent_key`, `dkey`, `dvalue`, `updater`, `update_datetime`, `remark`, `company_code`, `system_code`) values('62','1','biz_type','-30','购物','admin','2018-05-16 21:13:58',NULL,'CD-HTWT000020','CD-HTWT000020');
insert into `tsys_dict` (`id`, `type`, `parent_key`, `dkey`, `dvalue`, `updater`, `update_datetime`, `remark`, `company_code`, `system_code`) values('63','1','biz_type','30','购物退款','admin','2018-05-16 21:13:59',NULL,'CD-HTWT000020','CD-HTWT000020');
insert into `tsys_dict` (`id`, `type`, `parent_key`, `dkey`, `dvalue`, `updater`, `update_datetime`, `remark`, `company_code`, `system_code`) values('64','0',NULL,'jour_status','账户状态','admin','2018-05-16 21:17:33',NULL,'CD-HTWT000020','CD-HTWT000020');
insert into `tsys_dict` (`id`, `type`, `parent_key`, `dkey`, `dvalue`, `updater`, `update_datetime`, `remark`, `company_code`, `system_code`) values('65','1','jour_status','1','待对账','admin','2018-05-16 21:17:35',NULL,'CD-HTWT000020','CD-HTWT000020');
insert into `tsys_dict` (`id`, `type`, `parent_key`, `dkey`, `dvalue`, `updater`, `update_datetime`, `remark`, `company_code`, `system_code`) values('66','1','jour_status','3','已对账且账已平','admin','2018-05-16 21:17:36',NULL,'CD-HTWT000020','CD-HTWT000020');
insert into `tsys_dict` (`id`, `type`, `parent_key`, `dkey`, `dvalue`, `updater`, `update_datetime`, `remark`, `company_code`, `system_code`) values('67','1','jour_status','4','帐不平待调账审批','admin','2018-05-16 21:17:38',NULL,'CD-HTWT000020','CD-HTWT000020');
insert into `tsys_dict` (`id`, `type`, `parent_key`, `dkey`, `dvalue`, `updater`, `update_datetime`, `remark`, `company_code`, `system_code`) values('68','1','jour_status','5','已对账且账不平','admin','2018-05-16 21:17:39',NULL,'CD-HTWT000020','CD-HTWT000020');
insert into `tsys_dict` (`id`, `type`, `parent_key`, `dkey`, `dvalue`, `updater`, `update_datetime`, `remark`, `company_code`, `system_code`) values('69','1','jour_status','6','无需对账','admin','2018-05-16 21:17:41',NULL,'CD-HTWT000020','CD-HTWT000020');
insert into `tsys_dict` (`id`, `type`, `parent_key`, `dkey`, `dvalue`, `updater`, `update_datetime`, `remark`, `company_code`, `system_code`) values('70','0',NULL,'withdraw_status','提款状态','admin','2018-05-16 21:17:41',NULL,'CD-HTWT000020','CD-HTWT000020');
insert into `tsys_dict` (`id`, `type`, `parent_key`, `dkey`, `dvalue`, `updater`, `update_datetime`, `remark`, `company_code`, `system_code`) values('71','1','withdraw_status','1','待审批','admin','2018-05-16 21:17:41',NULL,'CD-HTWT000020','CD-HTWT000020');
insert into `tsys_dict` (`id`, `type`, `parent_key`, `dkey`, `dvalue`, `updater`, `update_datetime`, `remark`, `company_code`, `system_code`) values('72','1','withdraw_status','2','审批不通过','admin','2018-05-16 21:17:41',NULL,'CD-HTWT000020','CD-HTWT000020');
insert into `tsys_dict` (`id`, `type`, `parent_key`, `dkey`, `dvalue`, `updater`, `update_datetime`, `remark`, `company_code`, `system_code`) values('73','1','withdraw_status','3','审批通过待支付','admin','2018-05-16 21:17:41',NULL,'CD-HTWT000020','CD-HTWT000020');
insert into `tsys_dict` (`id`, `type`, `parent_key`, `dkey`, `dvalue`, `updater`, `update_datetime`, `remark`, `company_code`, `system_code`) values('74','1','withdraw_status','4','支付失败','admin','2018-05-16 21:17:41',NULL,'CD-HTWT000020','CD-HTWT000020');
insert into `tsys_dict` (`id`, `type`, `parent_key`, `dkey`, `dvalue`, `updater`, `update_datetime`, `remark`, `company_code`, `system_code`) values('75','1','withdraw_status','5','支付成功','admin','2018-05-16 21:17:41',NULL,'CD-HTWT000020','CD-HTWT000020');
insert into `tsys_dict` (`id`, `type`, `parent_key`, `dkey`, `dvalue`, `updater`, `update_datetime`, `remark`, `company_code`, `system_code`) values('76','0',NULL,'repay_way','执行付款方式','admin','2018-05-17 14:57:36',NULL,'CD-HTWT000020','CD-HTWT000020');
insert into `tsys_dict` (`id`, `type`, `parent_key`, `dkey`, `dvalue`, `updater`, `update_datetime`, `remark`, `company_code`, `system_code`) values('77','1','repay_way','1','已线下收取','admin','2018-05-17 14:57:38',NULL,'CD-HTWT000020','CD-HTWT000020');
insert into `tsys_dict` (`id`, `type`, `parent_key`, `dkey`, `dvalue`, `updater`, `update_datetime`, `remark`, `company_code`, `system_code`) values('78','1','repay_way','2','线上代扣','admin','2018-05-17 14:57:39',NULL,'CD-HTWT000020','CD-HTWT000020');
insert into `tsys_dict` (`id`, `type`, `parent_key`, `dkey`, `dvalue`, `updater`, `update_datetime`, `remark`, `company_code`, `system_code`) values('79','0',NULL,'way','催收方式','admin','2018-05-17 16:53:09',NULL,'CD-HTWT000020','CD-HTWT000020');
insert into `tsys_dict` (`id`, `type`, `parent_key`, `dkey`, `dvalue`, `updater`, `update_datetime`, `remark`, `company_code`, `system_code`) values('80','1','way','0','短信催收','admin','2018-05-17 16:53:11',NULL,'CD-HTWT000020','CD-HTWT000020');
insert into `tsys_dict` (`id`, `type`, `parent_key`, `dkey`, `dvalue`, `updater`, `update_datetime`, `remark`, `company_code`, `system_code`) values('81','1','way','1','消息推送催收','admin','2018-05-17 16:53:20',NULL,'CD-HTWT000020','CD-HTWT000020');
insert into `tsys_dict` (`id`, `type`, `parent_key`, `dkey`, `dvalue`, `updater`, `update_datetime`, `remark`, `company_code`, `system_code`) values('82','0',NULL,'loan_order_status','车贷订单状态','admin','2018-05-18 17:41:56',NULL,'CD-HTWT000020','CD-HTWT000020');
insert into `tsys_dict` (`id`, `type`, `parent_key`, `dkey`, `dvalue`, `updater`, `update_datetime`, `remark`, `company_code`, `system_code`) values('83','1','loan_order_status','0','待提交','admin','2018-05-18 17:41:58',NULL,'CD-HTWT000020','CD-HTWT000020');
insert into `tsys_dict` (`id`, `type`, `parent_key`, `dkey`, `dvalue`, `updater`, `update_datetime`, `remark`, `company_code`, `system_code`) values('84','1','loan_order_status','1','待审核','admin','2018-05-18 17:42:02',NULL,'CD-HTWT000020','CD-HTWT000020');
insert into `tsys_dict` (`id`, `type`, `parent_key`, `dkey`, `dvalue`, `updater`, `update_datetime`, `remark`, `company_code`, `system_code`) values('85','1','loan_order_status','2','审核不通过','admin','2018-05-18 17:42:02',NULL,'CD-HTWT000020','CD-HTWT000020');
insert into `tsys_dict` (`id`, `type`, `parent_key`, `dkey`, `dvalue`, `updater`, `update_datetime`, `remark`, `company_code`, `system_code`) values('86','1','loan_order_status','3','审核通过','admin','2018-05-18 17:42:02',NULL,'CD-HTWT000020','CD-HTWT000020');
insert into `tsys_dict` (`id`, `type`, `parent_key`, `dkey`, `dvalue`, `updater`, `update_datetime`, `remark`, `company_code`, `system_code`) values('87','0',NULL,'repay_biz_status','还款业务状态','admin','2018-05-18 17:42:02',NULL,'CD-HTWT000020','CD-HTWT000020');
insert into `tsys_dict` (`id`, `type`, `parent_key`, `dkey`, `dvalue`, `updater`, `update_datetime`, `remark`, `company_code`, `system_code`) values('88','1','repay_biz_status','0','还款中','admin','2018-05-18 17:42:02',NULL,'CD-HTWT000020','CD-HTWT000020');
insert into `tsys_dict` (`id`, `type`, `parent_key`, `dkey`, `dvalue`, `updater`, `update_datetime`, `remark`, `company_code`, `system_code`) values('89','1','repay_biz_status','1','正常已还款','admin','2018-05-18 17:42:02',NULL,'CD-HTWT000020','CD-HTWT000020');
insert into `tsys_dict` (`id`, `type`, `parent_key`, `dkey`, `dvalue`, `updater`, `update_datetime`, `remark`, `company_code`, `system_code`) values('90','1','repay_biz_status','2','正常结清','admin','2018-05-18 17:42:02',NULL,'CD-HTWT000020','CD-HTWT000020');
insert into `tsys_dict` (`id`, `type`, `parent_key`, `dkey`, `dvalue`, `updater`, `update_datetime`, `remark`, `company_code`, `system_code`) values('91','1','repay_biz_status','3','提前还款','admin','2018-05-18 17:42:02',NULL,'CD-HTWT000020','CD-HTWT000020');
insert into `tsys_dict` (`id`, `type`, `parent_key`, `dkey`, `dvalue`, `updater`, `update_datetime`, `remark`, `company_code`, `system_code`) values('92','1','repay_biz_status','4','确认提前结清','admin','2018-05-18 17:42:02',NULL,'CD-HTWT000020','CD-HTWT000020');
insert into `tsys_dict` (`id`, `type`, `parent_key`, `dkey`, `dvalue`, `updater`, `update_datetime`, `remark`, `company_code`, `system_code`) values('93','1','repay_biz_status','5','确认不还','admin','2018-05-18 17:42:02',NULL,'CD-HTWT000020','CD-HTWT000020');
insert into `tsys_dict` (`id`, `type`, `parent_key`, `dkey`, `dvalue`, `updater`, `update_datetime`, `remark`, `company_code`, `system_code`) values('94','1','repay_biz_status','6','确认处理结果','admin','2018-05-18 17:42:02',NULL,'CD-HTWT000020','CD-HTWT000020');
insert into `tsys_dict` (`id`, `type`, `parent_key`, `dkey`, `dvalue`, `updater`, `update_datetime`, `remark`, `company_code`, `system_code`) values('95','0',NULL,'pay_type','支付类型','admin','2018-05-18 17:42:02',NULL,'CD-HTWT000020','CD-HTWT000020');
insert into `tsys_dict` (`id`, `type`, `parent_key`, `dkey`, `dvalue`, `updater`, `update_datetime`, `remark`, `company_code`, `system_code`) values('96','1','pay_type','1','余额支付','admin','2018-05-18 17:42:02',NULL,'CD-HTWT000020','CD-HTWT000020');
insert into `tsys_dict` (`id`, `type`, `parent_key`, `dkey`, `dvalue`, `updater`, `update_datetime`, `remark`, `company_code`, `system_code`) values('97','1','pay_type','2','代扣','admin','2018-05-18 17:42:02',NULL,'CD-HTWT000020','CD-HTWT000020');
insert into `tsys_dict` (`id`, `type`, `parent_key`, `dkey`, `dvalue`, `updater`, `update_datetime`, `remark`, `company_code`, `system_code`) values('98','0',NULL,'order_status','商品分期订单状态','admin','2018-05-19 10:12:54',NULL,'CD-HTWT000020','CD-HTWT000020');
insert into `tsys_dict` (`id`, `type`, `parent_key`, `dkey`, `dvalue`, `updater`, `update_datetime`, `remark`, `company_code`, `system_code`) values('99','1','order_status','1','待支付','admin','2018-05-19 10:12:54',NULL,'CD-HTWT000020','CD-HTWT000020');
insert into `tsys_dict` (`id`, `type`, `parent_key`, `dkey`, `dvalue`, `updater`, `update_datetime`, `remark`, `company_code`, `system_code`) values('100','1','order_status','2','分期中','admin','2018-05-19 10:12:54',NULL,'CD-HTWT000020','CD-HTWT000020');
insert into `tsys_dict` (`id`, `type`, `parent_key`, `dkey`, `dvalue`, `updater`, `update_datetime`, `remark`, `company_code`, `system_code`) values('101','1','order_status','3','已支付','admin','2018-05-19 10:12:54',NULL,'CD-HTWT000020','CD-HTWT000020');
insert into `tsys_dict` (`id`, `type`, `parent_key`, `dkey`, `dvalue`, `updater`, `update_datetime`, `remark`, `company_code`, `system_code`) values('102','1','order_status','4','已发货','admin','2018-05-19 10:12:54',NULL,'CD-HTWT000020','CD-HTWT000020');
insert into `tsys_dict` (`id`, `type`, `parent_key`, `dkey`, `dvalue`, `updater`, `update_datetime`, `remark`, `company_code`, `system_code`) values('103','1','order_status','5','已收货','admin','2018-05-19 10:12:54',NULL,'CD-HTWT000020','CD-HTWT000020');
insert into `tsys_dict` (`id`, `type`, `parent_key`, `dkey`, `dvalue`, `updater`, `update_datetime`, `remark`, `company_code`, `system_code`) values('104','1','order_status','6','已评论','admin','2018-05-19 10:12:54',NULL,'CD-HTWT000020','CD-HTWT000020');
insert into `tsys_dict` (`id`, `type`, `parent_key`, `dkey`, `dvalue`, `updater`, `update_datetime`, `remark`, `company_code`, `system_code`) values('105','1','order_status','91','用户异常','admin','2018-05-19 10:12:54',NULL,'CD-HTWT000020','CD-HTWT000020');
insert into `tsys_dict` (`id`, `type`, `parent_key`, `dkey`, `dvalue`, `updater`, `update_datetime`, `remark`, `company_code`, `system_code`) values('106','1','order_status','92','商户异常','admin','2018-05-19 10:12:54',NULL,'CD-HTWT000020','CD-HTWT000020');
insert into `tsys_dict` (`id`, `type`, `parent_key`, `dkey`, `dvalue`, `updater`, `update_datetime`, `remark`, `company_code`, `system_code`) values('107','1','order_status','93','快递异常','admin','2018-05-19 10:12:54',NULL,'CD-HTWT000020','CD-HTWT000020');
insert into `tsys_dict` (`id`, `type`, `parent_key`, `dkey`, `dvalue`, `updater`, `update_datetime`, `remark`, `company_code`, `system_code`) values('108','1','order_status','94','用户删除','admin','2018-05-19 10:12:54',NULL,'CD-HTWT000020','CD-HTWT000020');

/*
-- Query: select `type`,`ckey`,`cvalue`,`updater`,`update_datetime`,`remark`,`company_code`,`system_code` from tsys_config
-- Date: 2018-05-11 20:40
*/
INSERT INTO `tsys_config` (`type`,`ckey`,`cvalue`,`updater`,`update_datetime`,`remark`,`company_code`,`system_code`) VALUES ('qiniu','qiniu_access_key','oxDA5c19NpscG45YEgk80_AF5IvZamg5JrxH2mnf','admin','2018-04-19 06:09:55','七牛云key1','CD-CHTWT000020','CD-CHTWT000020');
INSERT INTO `tsys_config` (`type`,`ckey`,`cvalue`,`updater`,`update_datetime`,`remark`,`company_code`,`system_code`) VALUES ('qiniu','qiniu_secret_key','d5Tg77MMV4qyLJW8rSzpDaCj3L3TsF3YSvcAOTdX','admin','2018-04-19 06:09:55','七牛云key1','CD-CHTWT000020','CD-CHTWT000020');
INSERT INTO `tsys_config` (`type`,`ckey`,`cvalue`,`updater`,`update_datetime`,`remark`,`company_code`,`system_code`) VALUES ('qiniu','qiniu_bucket','mxb-db','admin','2018-02-08 17:09:59','qiniu_bucket','CD-CHTWT000020','CD-CHTWT000020');
INSERT INTO `tsys_config` (`type`,`ckey`,`cvalue`,`updater`,`update_datetime`,`remark`,`company_code`,`system_code`) VALUES ('qiniu','qiniu_domain','p8i9tvzga.bkt.clouddn.com','admin','2018-04-19 06:09:55','访问域名','CD-CHTWT000020','CD-CHTWT000020');
INSERT INTO `tsys_config` (`type`,`ckey`,`cvalue`,`updater`,`update_datetime`,`remark`,`company_code`,`system_code`) VALUES ('sys_txt','telephone','0571-88888888','admin','2018-04-19 06:09:55','联系电话','CD-CHTWT000020','CD-CHTWT000020');
INSERT INTO `tsys_config` (`type`,`ckey`,`cvalue`,`updater`,`update_datetime`,`remark`,`company_code`,`system_code`) VALUES ('sys_txt','about_us','关于我们112','admin','2018-04-28 10:24:32',NULL,'CD-CHTWT000020','CD-CHTWT000020');
INSERT INTO `tsys_config` (`type`,`ckey`,`cvalue`,`updater`,`update_datetime`,`remark`,`company_code`,`system_code`) VALUES ('sys_txt','service_time','9:00-17:00','admin','2018-04-26 16:38:23',NULL,'CD-CHTWT000020','CD-CHTWT000020');
INSERT INTO `tsys_config` (`type`,`ckey`,`cvalue`,`updater`,`update_datetime`,`remark`,`company_code`,`system_code`) VALUES ('yonghu','withdraw_fee','1','admin','2018-05-12 19:35:14','提现手续费','CD-CHTWT000020','CD-CHTWT000020');
INSERT INTO `tsys_config` (`type`,`ckey`,`cvalue`,`updater`,`update_datetime`,`remark`,`company_code`,`system_code`) VALUES ('credit_rule','register_add','30','admin',now(),'新用户注册初始信用分','CD-CHTWT000020','CD-CHTWT000020');
INSERT INTO `tsys_config` (`type`,`ckey`,`cvalue`,`updater`,`update_datetime`,`remark`,`company_code`,`system_code`) VALUES ('credit_rule','car_normal','2','admin',now(),'车贷还款计划每正常执行一次','CD-CHTWT000020','CD-CHTWT000020');
INSERT INTO `tsys_config` (`type`,`ckey`,`cvalue`,`updater`,`update_datetime`,`remark`,`company_code`,`system_code`) VALUES ('credit_rule','product_normal','1','admin',now(),'商品还款计划每正常执行一次','CD-CHTWT000020','CD-CHTWT000020');
INSERT INTO `tsys_config` (`type`,`ckey`,`cvalue`,`updater`,`update_datetime`,`remark`,`company_code`,`system_code`) VALUES ('credit_rule','car_delay','-2','admin',now(),'商品还款计划每延期执行一次','CD-CHTWT000020','CD-CHTWT000020');
INSERT INTO `tsys_config` (`type`,`ckey`,`cvalue`,`updater`,`update_datetime`,`remark`,`company_code`,`system_code`) VALUES ('credit_rule','product_delay','-1','admin',now(),'商品还款计划每延期执行一次','CD-CHTWT000020','CD-CHTWT000020');
INSERT INTO `tsys_config` (`type`,`ckey`,`cvalue`,`updater`,`update_datetime`,`remark`,`company_code`,`system_code`) VALUES ('car_periods','12','5.25','admin',now(),'车贷期数管理的期数和利率','CD-CHTWT000020','CD-CHTWT000020');
INSERT INTO `tsys_config` (`type`,`ckey`,`cvalue`,`updater`,`update_datetime`,`remark`,`company_code`,`system_code`) VALUES ('car_periods','24','1.10','admin',now(),'车贷期数管理的期数和利率','CD-CHTWT000020','CD-CHTWT000020');
INSERT INTO `tsys_config` (`type`,`ckey`,`cvalue`,`updater`,`update_datetime`,`remark`,`company_code`,`system_code`) VALUES ('product_periods','12','5.25','admin',now(),'商品期数管理的期数和利率','CD-CHTWT000020','CD-CHTWT000020');
INSERT INTO `tsys_config` (`type`,`ckey`,`cvalue`,`updater`,`update_datetime`,`remark`,`company_code`,`system_code`) VALUES ('product_periods','24','1.10','admin',now(),'商品期数管理的期数和利率','CD-CHTWT000020','CD-CHTWT000020');
INSERT INTO `tsys_config` (`type`,`ckey`,`cvalue`,`updater`,`update_datetime`,`remark`,`company_code`,`system_code`) VALUES ('basic_data','repayment_fee','30','admin',now(),'提前还款服务费','CD-CHTWT000020','CD-CHTWT000020');

/*
-- Query: SELECT code,name,type,url,order_no,'admin' updater, now() as update_datetime,remark,parent_code FROM tsys_menu
-- Date: 2018-05-11 20:30
*/
INSERT INTO `tsys_menu` (`code`,`name`,`type`,`url`,`order_no`,`updater`,`update_datetime`,`remark`,`parent_code`) VALUES ('HTWTSM201800000000000000','根目录','1','#','1','admin','2018-05-11 12:29:13','','');
INSERT INTO `tsys_menu` (`code`,`name`,`type`,`url`,`order_no`,`updater`,`update_datetime`,`remark`,`parent_code`) VALUES ('HTWTSM201800001000000001','系统管理','1','#','1','admin','2018-05-11 12:29:13','','HTWTSM201800000000000000');
INSERT INTO `tsys_menu` (`code`,`name`,`type`,`url`,`order_no`,`updater`,`update_datetime`,`remark`,`parent_code`) VALUES ('HTWTSM201800001000000002','运维管理','1','#','2','admin','2018-05-11 12:29:13',NULL,'HTWTSM201800001000000001');
INSERT INTO `tsys_menu` (`code`,`name`,`type`,`url`,`order_no`,`updater`,`update_datetime`,`remark`,`parent_code`) VALUES ('HTWTSM201800001000000003','菜单管理','1','/system/menu.htm','1','admin','2018-05-11 12:29:13','','HTWTSM201800001000000002');
INSERT INTO `tsys_menu` (`code`,`name`,`type`,`url`,`order_no`,`updater`,`update_datetime`,`remark`,`parent_code`) VALUES ('HTWTSM201800001000000004','新增','2','/add','1','admin','2018-05-11 12:29:13','','HTWTSM201800001000000003');
INSERT INTO `tsys_menu` (`code`,`name`,`type`,`url`,`order_no`,`updater`,`update_datetime`,`remark`,`parent_code`) VALUES ('SM201804241904336827315','业务管理','1','#','1','admin','2018-05-11 12:29:13','','HTWTSM201800000000000000');
INSERT INTO `tsys_menu` (`code`,`name`,`type`,`url`,`order_no`,`updater`,`update_datetime`,`remark`,`parent_code`) VALUES ('SM201804241905224096392','修改','2','/edit','2','admin','2018-05-11 12:29:13','','HTWTSM201800001000000003');
INSERT INTO `tsys_menu` (`code`,`name`,`type`,`url`,`order_no`,`updater`,`update_datetime`,`remark`,`parent_code`) VALUES ('SM201804242138443236748','运营管理','1','#','1','admin','2018-05-11 12:29:13','','HTWTSM201800001000000001');
INSERT INTO `tsys_menu` (`code`,`name`,`type`,`url`,`order_no`,`updater`,`update_datetime`,`remark`,`parent_code`) VALUES ('SM201804242141231816698','角色管理','1','/system/role.htm','1','admin','2018-05-11 12:29:13','','SM201804242138443236748');
INSERT INTO `tsys_menu` (`code`,`name`,`type`,`url`,`order_no`,`updater`,`update_datetime`,`remark`,`parent_code`) VALUES ('SM201804242142138278448','用户管理','1','/system/user.htm','1','admin','2018-05-11 12:29:13','','SM201804242138443236748');
INSERT INTO `tsys_menu` (`code`,`name`,`type`,`url`,`order_no`,`updater`,`update_datetime`,`remark`,`parent_code`) VALUES ('SM201804242144385705547','系统参数管理','1','/system/sysPara.htm','1','admin','2018-05-11 12:29:13','','HTWTSM201800001000000002');
INSERT INTO `tsys_menu` (`code`,`name`,`type`,`url`,`order_no`,`updater`,`update_datetime`,`remark`,`parent_code`) VALUES ('SM201804242145538683194','数据字典管理','1','/system/dataDict.htm','1','admin','2018-05-11 12:29:13','','HTWTSM201800001000000002');
INSERT INTO `tsys_menu` (`code`,`name`,`type`,`url`,`order_no`,`updater`,`update_datetime`,`remark`,`parent_code`) VALUES ('SM201804242145538681651','分配菜单','2','/change','4','admin','2018-05-11 12:29:13',NULL,'SM201804242141231816698');
INSERT INTO `tsys_menu` (`code`,`name`,`type`,`url`,`order_no`,`updater`,`update_datetime`,`remark`,`parent_code`) VALUES ('SM201804251546009598082','财务管理','1','#','1','admin','2018-05-11 12:29:13','','HTWTSM201800000000000000');
INSERT INTO `tsys_menu` (`code`,`name`,`type`,`url`,`order_no`,`updater`,`update_datetime`,`remark`,`parent_code`) VALUES ('SM201804251546303774373','统计分析','1','#','1','admin','2018-05-11 12:29:13','','HTWTSM201800000000000000');
INSERT INTO `tsys_menu` (`code`,`name`,`type`,`url`,`order_no`,`updater`,`update_datetime`,`remark`,`parent_code`) VALUES ('SM201804251551209812232','通知管理','1','#','3','admin','2018-05-11 12:29:13','','HTWTSM201800001000000001');
INSERT INTO `tsys_menu` (`code`,`name`,`type`,`url`,`order_no`,`updater`,`update_datetime`,`remark`,`parent_code`) VALUES ('SM201804251552372043999','文章管理','1','#','4','admin','2018-05-11 12:29:13','','HTWTSM201800001000000001');
INSERT INTO `tsys_menu` (`code`,`name`,`type`,`url`,`order_no`,`updater`,`update_datetime`,`remark`,`parent_code`) VALUES ('SM201804251553599006810','关于我们','1','/public/aboutus_addedit.htm','1','admin','2018-05-11 12:29:13','','SM201804251552372043999');
INSERT INTO `tsys_menu` (`code`,`name`,`type`,`url`,`order_no`,`updater`,`update_datetime`,`remark`,`parent_code`) VALUES ('SM201804251555317408123','服务热线','1','/public/hotline_addedit.htm','1','admin','2018-05-11 12:29:13','','SM201804251552372043999');
INSERT INTO `tsys_menu` (`code`,`name`,`type`,`url`,`order_no`,`updater`,`update_datetime`,`remark`,`parent_code`) VALUES ('SM201804251556195766046','服务时间','1','/public/time_addedit.htm','1','admin','2018-05-11 12:29:13','','SM201804251552372043999');
INSERT INTO `tsys_menu` (`code`,`name`,`type`,`url`,`order_no`,`updater`,`update_datetime`,`remark`,`parent_code`) VALUES ('SM201804251636229258354','广告位管理','1','#','5','admin','2018-05-11 12:29:13','','HTWTSM201800001000000001');
INSERT INTO `tsys_menu` (`code`,`name`,`type`,`url`,`order_no`,`updater`,`update_datetime`,`remark`,`parent_code`) VALUES ('SM201804251637301909818','banner管理','1','/public/banner.htm','1','admin','2018-05-11 12:29:13','','SM201804251636229258354');
INSERT INTO `tsys_menu` (`code`,`name`,`type`,`url`,`order_no`,`updater`,`update_datetime`,`remark`,`parent_code`) VALUES ('SM201804251641205262986','公告管理','1','/public/notice.htm','1','admin','2018-05-11 12:29:13','','SM201804251551209812232');
INSERT INTO `tsys_menu` (`code`,`name`,`type`,`url`,`order_no`,`updater`,`update_datetime`,`remark`,`parent_code`) VALUES ('SM201804251641553306649','短信推送','1','#','2','admin','2018-05-11 12:29:13','','SM201804251551209812232');
INSERT INTO `tsys_menu` (`code`,`name`,`type`,`url`,`order_no`,`updater`,`update_datetime`,`remark`,`parent_code`) VALUES ('SM201804251642194522625','极光推送','1','#','3','admin','2018-05-11 12:29:13','','SM201804251551209812232');
INSERT INTO `tsys_menu` (`code`,`name`,`type`,`url`,`order_no`,`updater`,`update_datetime`,`remark`,`parent_code`) VALUES ('SM201804251644341488287','新增','2','/add','1','admin','2018-05-11 12:29:13','','SM201804242141231816698');
INSERT INTO `tsys_menu` (`code`,`name`,`type`,`url`,`order_no`,`updater`,`update_datetime`,`remark`,`parent_code`) VALUES ('SM201804251646149125308','删除','2','/delete','2','admin','2018-05-11 12:29:13','','SM201804242141231816698');
INSERT INTO `tsys_menu` (`code`,`name`,`type`,`url`,`order_no`,`updater`,`update_datetime`,`remark`,`parent_code`) VALUES ('SM201804251647429608504','修改','2','/edit','3','admin','2018-05-11 12:29:13','','SM201804242141231816698');
INSERT INTO `tsys_menu` (`code`,`name`,`type`,`url`,`order_no`,`updater`,`update_datetime`,`remark`,`parent_code`) VALUES ('SM201804251720368955246','新增','2','/add','1','admin','2018-05-11 12:29:13','','SM201804242142138278448');
INSERT INTO `tsys_menu` (`code`,`name`,`type`,`url`,`order_no`,`updater`,`update_datetime`,`remark`,`parent_code`) VALUES ('SM201804251721049158100','修改','2','/edit','2','admin','2018-05-11 12:29:13','','SM201804242142138278448');
INSERT INTO `tsys_menu` (`code`,`name`,`type`,`url`,`order_no`,`updater`,`update_datetime`,`remark`,`parent_code`) VALUES ('SM201804251721516584466','重置密码','2','/reset','3','admin','2018-05-11 12:29:13','','SM201804242142138278448');
INSERT INTO `tsys_menu` (`code`,`name`,`type`,`url`,`order_no`,`updater`,`update_datetime`,`remark`,`parent_code`) VALUES ('SM201804251731271739441','修改','2','/edit','1','admin','2018-05-11 12:29:13','','SM201804242144385705547');
INSERT INTO `tsys_menu` (`code`,`name`,`type`,`url`,`order_no`,`updater`,`update_datetime`,`remark`,`parent_code`) VALUES ('SM201804251900329131980','新增','2','/add','1','admin','2018-05-11 12:29:13','','SM201804251637301909818');
INSERT INTO `tsys_menu` (`code`,`name`,`type`,`url`,`order_no`,`updater`,`update_datetime`,`remark`,`parent_code`) VALUES ('SM201804251900597489830','修改','2','/edit','2','admin','2018-05-11 12:29:13','','SM201804251637301909818');
INSERT INTO `tsys_menu` (`code`,`name`,`type`,`url`,`order_no`,`updater`,`update_datetime`,`remark`,`parent_code`) VALUES ('SM201804251902302794248','详情','2','/detail','4','admin','2018-05-11 12:29:13','','SM201804251637301909818');
INSERT INTO `tsys_menu` (`code`,`name`,`type`,`url`,`order_no`,`updater`,`update_datetime`,`remark`,`parent_code`) VALUES ('SM201804251904256377856','修改','2','/edit','1','admin','2018-05-11 12:29:13','','SM201804242145538683194');
INSERT INTO `tsys_menu` (`code`,`name`,`type`,`url`,`order_no`,`updater`,`update_datetime`,`remark`,`parent_code`) VALUES ('SM201804260952290167273','新增','2','/add','1','admin','2018-05-11 12:29:13','','SM201804251641205262986');
INSERT INTO `tsys_menu` (`code`,`name`,`type`,`url`,`order_no`,`updater`,`update_datetime`,`remark`,`parent_code`) VALUES ('SM201804260952594382716','修改','2','/edit','2','admin','2018-05-11 12:29:13','','SM201804251641205262986');
INSERT INTO `tsys_menu` (`code`,`name`,`type`,`url`,`order_no`,`updater`,`update_datetime`,`remark`,`parent_code`) VALUES ('SM201804260953302524771','详情','2','/detail','4','admin','2018-05-11 12:29:13','','SM201804251641205262986');
INSERT INTO `tsys_menu` (`code`,`name`,`type`,`url`,`order_no`,`updater`,`update_datetime`,`remark`,`parent_code`) VALUES ('SM201804260955004909294','发布/撤下','2','/push','3','admin','2018-05-11 12:29:13','','SM201804251641205262986');
INSERT INTO `tsys_menu` (`code`,`name`,`type`,`url`,`order_no`,`updater`,`update_datetime`,`remark`,`parent_code`) VALUES ('SM201804261348514693404','客户管理','1','#','1','admin','2018-05-11 12:29:13','','SM201804241904336827315');
INSERT INTO `tsys_menu` (`code`,`name`,`type`,`url`,`order_no`,`updater`,`update_datetime`,`remark`,`parent_code`) VALUES ('SM201804261349236076566','还款卡管理','1','#','2','admin','2018-05-11 12:29:13','','SM201804261348514693404');
INSERT INTO `tsys_menu` (`code`,`name`,`type`,`url`,`order_no`,`updater`,`update_datetime`,`remark`,`parent_code`) VALUES ('SM201804261350336763666','会员查询','1','/biz/memberInquiries.htm','1','admin','2018-05-11 12:29:13','','SM201804261348514693404');
INSERT INTO `tsys_menu` (`code`,`name`,`type`,`url`,`order_no`,`updater`,`update_datetime`,`remark`,`parent_code`) VALUES ('SM201804261354138758172','汽车销售方案管理','1','#','2','admin','2018-05-11 12:29:13','','SM201804241904336827315');
INSERT INTO `tsys_menu` (`code`,`name`,`type`,`url`,`order_no`,`updater`,`update_datetime`,`remark`,`parent_code`) VALUES ('SM201804261354380715184','品牌管理','1','/biz/brand.htm','1','admin','2018-05-11 12:29:13','','SM201804261354138758172');
INSERT INTO `tsys_menu` (`code`,`name`,`type`,`url`,`order_no`,`updater`,`update_datetime`,`remark`,`parent_code`) VALUES ('SM201804261354595823870','车系管理','1','/biz/carSeries.htm','2','admin','2018-05-11 12:29:13','','SM201804261354138758172');
INSERT INTO `tsys_menu` (`code`,`name`,`type`,`url`,`order_no`,`updater`,`update_datetime`,`remark`,`parent_code`) VALUES ('SM201804261355188031376','车型管理','1','/biz/carShape.htm','3','admin','2018-05-11 12:29:13','','SM201804261354138758172');
INSERT INTO `tsys_menu` (`code`,`name`,`type`,`url`,`order_no`,`updater`,`update_datetime`,`remark`,`parent_code`) VALUES ('SM201804261355444488601','车贷申请单处理','1','/biz/handleApply.htm','4','admin','2018-05-11 12:29:13','','SM201804261354138758172');
INSERT INTO `tsys_menu` (`code`,`name`,`type`,`url`,`order_no`,`updater`,`update_datetime`,`remark`,`parent_code`) VALUES ('SM201804261356113521261','历史申请单管理','1','#','5','admin','2018-05-11 12:29:13','','SM201804261354138758172');
INSERT INTO `tsys_menu` (`code`,`name`,`type`,`url`,`order_no`,`updater`,`update_datetime`,`remark`,`parent_code`) VALUES ('SM201804261441127987193','添加备注','2','#','1','admin','2018-05-11 12:29:13','','SM201804261350336763666');
INSERT INTO `tsys_menu` (`code`,`name`,`type`,`url`,`order_no`,`updater`,`update_datetime`,`remark`,`parent_code`) VALUES ('SM201804261442135927079','禁止登陆','2','#','2','admin','2018-05-11 12:29:13','','SM201804261350336763666');
INSERT INTO `tsys_menu` (`code`,`name`,`type`,`url`,`order_no`,`updater`,`update_datetime`,`remark`,`parent_code`) VALUES ('SM201804261442413839763','详情','2','/detail','3','admin','2018-05-11 12:29:13','','SM201804261350336763666');
INSERT INTO `tsys_menu` (`code`,`name`,`type`,`url`,`order_no`,`updater`,`update_datetime`,`remark`,`parent_code`) VALUES ('SM201804261443038387310','导出','2','#','4','admin','2018-05-11 12:29:13','','SM201804261350336763666');
INSERT INTO `tsys_menu` (`code`,`name`,`type`,`url`,`order_no`,`updater`,`update_datetime`,`remark`,`parent_code`) VALUES ('SM201804261455330386632','新增','2','/add','1','admin','2018-05-11 12:29:13','','SM201804261354380715184');
INSERT INTO `tsys_menu` (`code`,`name`,`type`,`url`,`order_no`,`updater`,`update_datetime`,`remark`,`parent_code`) VALUES ('SM201804261456026756527','修改','2','/edit','2','admin','2018-05-11 12:29:13','','SM201804261354380715184');
INSERT INTO `tsys_menu` (`code`,`name`,`type`,`url`,`order_no`,`updater`,`update_datetime`,`remark`,`parent_code`) VALUES ('SM201804261456503673631','上架','2','/onShelf','3','admin','2018-05-11 12:29:13','','SM201804261354380715184');
INSERT INTO `tsys_menu` (`code`,`name`,`type`,`url`,`order_no`,`updater`,`update_datetime`,`remark`,`parent_code`) VALUES ('SM201804261457247095405','下架','2','/lower','4','admin','2018-05-11 12:29:13','','SM201804261354380715184');
INSERT INTO `tsys_menu` (`code`,`name`,`type`,`url`,`order_no`,`updater`,`update_datetime`,`remark`,`parent_code`) VALUES ('SM201804261457540441246','详情','2','/detail','5','admin','2018-05-11 12:29:13','','SM201804261354380715184');
INSERT INTO `tsys_menu` (`code`,`name`,`type`,`url`,`order_no`,`updater`,`update_datetime`,`remark`,`parent_code`) VALUES ('SM201804261916138008548','注销','2','/rock','4','admin','2018-05-11 12:29:13','','SM201804242142138278448');
INSERT INTO `tsys_menu` (`code`,`name`,`type`,`url`,`order_no`,`updater`,`update_datetime`,`remark`,`parent_code`) VALUES ('SM201804262141502085147','设置角色','2','/assign','5','admin','2018-05-11 12:29:13','','SM201804242142138278448');
INSERT INTO `tsys_menu` (`code`,`name`,`type`,`url`,`order_no`,`updater`,`update_datetime`,`remark`,`parent_code`) VALUES ('SM201804271533135687170','新增','2','/add','1','admin','2018-05-11 12:29:13','','SM201804261354595823870');
INSERT INTO `tsys_menu` (`code`,`name`,`type`,`url`,`order_no`,`updater`,`update_datetime`,`remark`,`parent_code`) VALUES ('SM201804271533373702079','修改','2','/edit','2','admin','2018-05-11 12:29:13','','SM201804261354595823870');
INSERT INTO `tsys_menu` (`code`,`name`,`type`,`url`,`order_no`,`updater`,`update_datetime`,`remark`,`parent_code`) VALUES ('SM201804271534051688530','上架','2','/onShelfSys','3','admin','2018-05-11 12:29:13','','SM201804261354595823870');
INSERT INTO `tsys_menu` (`code`,`name`,`type`,`url`,`order_no`,`updater`,`update_datetime`,`remark`,`parent_code`) VALUES ('SM201804271534266319193','下架','2','/lowerSys','4','admin','2018-05-11 12:29:13','','SM201804261354595823870');
INSERT INTO `tsys_menu` (`code`,`name`,`type`,`url`,`order_no`,`updater`,`update_datetime`,`remark`,`parent_code`) VALUES ('SM201804271534490278831','详情','2','/detail','5','admin','2018-05-11 12:29:13','','SM201804261354595823870');
INSERT INTO `tsys_menu` (`code`,`name`,`type`,`url`,`order_no`,`updater`,`update_datetime`,`remark`,`parent_code`) VALUES ('SM201804271633137256879','增加','2','/add','1','admin','2018-05-11 12:29:13','','SM201804261355188031376');
INSERT INTO `tsys_menu` (`code`,`name`,`type`,`url`,`order_no`,`updater`,`update_datetime`,`remark`,`parent_code`) VALUES ('SM201804271633381096603','修改','2','/edit','2','admin','2018-05-11 12:29:13','','SM201804261355188031376');
INSERT INTO `tsys_menu` (`code`,`name`,`type`,`url`,`order_no`,`updater`,`update_datetime`,`remark`,`parent_code`) VALUES ('SM201804271634353025309','上架','2','/onShelfShe','3','admin','2018-05-11 12:29:13','','SM201804261355188031376');
INSERT INTO `tsys_menu` (`code`,`name`,`type`,`url`,`order_no`,`updater`,`update_datetime`,`remark`,`parent_code`) VALUES ('SM201804271635122545502','下架','2','/lowerShe','4','admin','2018-05-11 12:29:13','','SM201804261355188031376');
INSERT INTO `tsys_menu` (`code`,`name`,`type`,`url`,`order_no`,`updater`,`update_datetime`,`remark`,`parent_code`) VALUES ('SM201804271635347336057','详情','2','/detail','5','admin','2018-05-11 12:29:13','','SM201804261355188031376');
INSERT INTO `tsys_menu` (`code`,`name`,`type`,`url`,`order_no`,`updater`,`update_datetime`,`remark`,`parent_code`) VALUES ('SM201804271733507076601','处理','2','#','1','admin','2018-05-11 12:29:13','','SM201804261355444488601');
INSERT INTO `tsys_menu` (`code`,`name`,`type`,`url`,`order_no`,`updater`,`update_datetime`,`remark`,`parent_code`) VALUES ('SM201804271734340343650','详情','2','/detail','2','admin','2018-05-11 12:29:13','','SM201804261355444488601');
INSERT INTO `tsys_menu` (`code`,`name`,`type`,`url`,`order_no`,`updater`,`update_datetime`,`remark`,`parent_code`) VALUES ('SM201804271801337258756','车辆贷后还款管理','1','#','3','admin','2018-05-11 12:29:13','','SM201804241904336827315');
INSERT INTO `tsys_menu` (`code`,`name`,`type`,`url`,`order_no`,`updater`,`update_datetime`,`remark`,`parent_code`) VALUES ('SM201804271802149312624','车贷业务管理','1','/biz/carLoanBusiness.htm','1','admin','2018-05-11 12:29:13','','SM201804271801337258756');
INSERT INTO `tsys_menu` (`code`,`name`,`type`,`url`,`order_no`,`updater`,`update_datetime`,`remark`,`parent_code`) VALUES ('SM201804271804131056703','还款业务管理','1','/biz/refundBusiness.htm','2','admin','2018-05-11 12:29:13','','SM201804271801337258756');
INSERT INTO `tsys_menu` (`code`,`name`,`type`,`url`,`order_no`,`updater`,`update_datetime`,`remark`,`parent_code`) VALUES ('SM201804271806010518814','逾期名单','1','/carLoanRepay/overdueList.htm','4','admin','2018-05-11 12:29:13','','SM201804271801337258756');
INSERT INTO `tsys_menu` (`code`,`name`,`type`,`url`,`order_no`,`updater`,`update_datetime`,`remark`,`parent_code`) VALUES ('SM201804271806335389896','绿名单','1','/carLoanRepay/greenList.htm','5','admin','2018-05-11 12:29:13','','SM201804271801337258756');
INSERT INTO `tsys_menu` (`code`,`name`,`type`,`url`,`order_no`,`updater`,`update_datetime`,`remark`,`parent_code`) VALUES ('SM201804271807006759984','黑名单','1','/carLoanRepay/blackList.htm','6','admin','2018-05-11 12:29:13','','SM201804271801337258756');
INSERT INTO `tsys_menu` (`code`,`name`,`type`,`url`,`order_no`,`updater`,`update_datetime`,`remark`,`parent_code`) VALUES ('SM201804301405228059456','商品分期管理','1','#','4','admin','2018-05-11 12:29:13','','SM201804241904336827315');
INSERT INTO `tsys_menu` (`code`,`name`,`type`,`url`,`order_no`,`updater`,`update_datetime`,`remark`,`parent_code`) VALUES ('SM201804301405471661433','类别管理','1','/wares/category.htm','1','admin','2018-05-11 12:29:13','','SM201804301405228059456');
INSERT INTO `tsys_menu` (`code`,`name`,`type`,`url`,`order_no`,`updater`,`update_datetime`,`remark`,`parent_code`) VALUES ('SM201804301406116552892','商品管理','1','/wares/commodity.htm','2','admin','2018-05-11 12:29:13','','SM201804301405228059456');
INSERT INTO `tsys_menu` (`code`,`name`,`type`,`url`,`order_no`,`updater`,`update_datetime`,`remark`,`parent_code`) VALUES ('SM201804301406356625671','订单管理','1','/wares/order.htm','3','admin','2018-05-11 12:29:13','','SM201804301405228059456');
INSERT INTO `tsys_menu` (`code`,`name`,`type`,`url`,`order_no`,`updater`,`update_datetime`,`remark`,`parent_code`) VALUES ('SM201804301407183648138','还款业务管理','1','#','4','admin','2018-05-11 12:29:13','','SM201804301405228059456');
INSERT INTO `tsys_menu` (`code`,`name`,`type`,`url`,`order_no`,`updater`,`update_datetime`,`remark`,`parent_code`) VALUES ('SM201804301408090236536','当月还款名单','1','#','5','admin','2018-05-11 12:29:13','','SM201804301405228059456');
INSERT INTO `tsys_menu` (`code`,`name`,`type`,`url`,`order_no`,`updater`,`update_datetime`,`remark`,`parent_code`) VALUES ('SM201804301408366544676','逾期名单','1','#','6','admin','2018-05-11 12:29:13','','SM201804301405228059456');
INSERT INTO `tsys_menu` (`code`,`name`,`type`,`url`,`order_no`,`updater`,`update_datetime`,`remark`,`parent_code`) VALUES ('SM201804301409101479675','绿名单','1','#','7','admin','2018-05-11 12:29:13','','SM201804301405228059456');
INSERT INTO `tsys_menu` (`code`,`name`,`type`,`url`,`order_no`,`updater`,`update_datetime`,`remark`,`parent_code`) VALUES ('SM201804301409426698234','黑名单','1','#','8','admin','2018-05-11 12:29:13','','SM201804301405228059456');
INSERT INTO `tsys_menu` (`code`,`name`,`type`,`url`,`order_no`,`updater`,`update_datetime`,`remark`,`parent_code`) VALUES ('SM201804301410177164183','历史业务管理','1','#','9','admin','2018-05-11 12:29:13','','SM201804301405228059456');
INSERT INTO `tsys_menu` (`code`,`name`,`type`,`url`,`order_no`,`updater`,`update_datetime`,`remark`,`parent_code`) VALUES ('SM201804301411257273786','业务规则','1','#','5','admin','2018-05-11 12:29:13','','SM201804241904336827315');
INSERT INTO `tsys_menu` (`code`,`name`,`type`,`url`,`order_no`,`updater`,`update_datetime`,`remark`,`parent_code`) VALUES ('SM201804301412106351850','信用分规则','1','#','1','admin','2018-05-11 12:29:13','','SM201804301411257273786');
INSERT INTO `tsys_menu` (`code`,`name`,`type`,`url`,`order_no`,`updater`,`update_datetime`,`remark`,`parent_code`) VALUES ('SM201804301412402254324','积分规则','1','#','2','admin','2018-05-11 12:29:13','','SM201804301411257273786');
INSERT INTO `tsys_menu` (`code`,`name`,`type`,`url`,`order_no`,`updater`,`update_datetime`,`remark`,`parent_code`) VALUES ('SM201804301413103705972','积分兑换规则','1','#','3','admin','2018-05-11 12:29:13','','SM201804301411257273786');
INSERT INTO `tsys_menu` (`code`,`name`,`type`,`url`,`order_no`,`updater`,`update_datetime`,`remark`,`parent_code`) VALUES ('SM201804301415107007680','基础数据','1','#','6','admin','2018-05-11 12:29:13','','SM201804241904336827315');
INSERT INTO `tsys_menu` (`code`,`name`,`type`,`url`,`order_no`,`updater`,`update_datetime`,`remark`,`parent_code`) VALUES ('SM201804301415439657360','车贷期数管理','1','#','1','admin','2018-05-11 12:29:13','','SM201804301415107007680');
INSERT INTO `tsys_menu` (`code`,`name`,`type`,`url`,`order_no`,`updater`,`update_datetime`,`remark`,`parent_code`) VALUES ('SM201804301416129975829','商品期数管理','1','#','2','admin','2018-05-11 12:29:13','','SM201804301415107007680');
INSERT INTO `tsys_menu` (`code`,`name`,`type`,`url`,`order_no`,`updater`,`update_datetime`,`remark`,`parent_code`) VALUES ('SM201804301416500665320','提前还款服务费管理','1','#','3','admin','2018-05-11 12:29:13','','SM201804301415107007680');
INSERT INTO `tsys_menu` (`code`,`name`,`type`,`url`,`order_no`,`updater`,`update_datetime`,`remark`,`parent_code`) VALUES ('SM201804301417154135904','银行管理','1','#','4','admin','2018-05-11 12:29:13','','SM201804301415107007680');
INSERT INTO `tsys_menu` (`code`,`name`,`type`,`url`,`order_no`,`updater`,`update_datetime`,`remark`,`parent_code`) VALUES ('SM201804301419295446882','平台账户','1','#','1','admin','2018-05-11 12:29:13','','SM201804251546009598082');
INSERT INTO `tsys_menu` (`code`,`name`,`type`,`url`,`order_no`,`updater`,`update_datetime`,`remark`,`parent_code`) VALUES ('SM201804301420285181532','账户查询','1','#','1','admin','2018-05-11 12:29:13','','SM201804301419295446882');
INSERT INTO `tsys_menu` (`code`,`name`,`type`,`url`,`order_no`,`updater`,`update_datetime`,`remark`,`parent_code`) VALUES ('SM201804301420521954097','流水查询','1','#','2','admin','2018-05-11 12:29:13','','SM201804301419295446882');
INSERT INTO `tsys_menu` (`code`,`name`,`type`,`url`,`order_no`,`updater`,`update_datetime`,`remark`,`parent_code`) VALUES ('SM201804301421521342427','线下取现','1','#','2','admin','2018-05-11 12:29:13','','SM201804251546009598082');
INSERT INTO `tsys_menu` (`code`,`name`,`type`,`url`,`order_no`,`updater`,`update_datetime`,`remark`,`parent_code`) VALUES ('SM201804301422259476511','取现规则','1','#','1','admin','2018-05-11 12:29:13','','SM201804301421521342427');
INSERT INTO `tsys_menu` (`code`,`name`,`type`,`url`,`order_no`,`updater`,`update_datetime`,`remark`,`parent_code`) VALUES ('SM201804301422537086327','线下取现','1','#','2','admin','2018-05-11 12:29:13','','SM201804301421521342427');
INSERT INTO `tsys_menu` (`code`,`name`,`type`,`url`,`order_no`,`updater`,`update_datetime`,`remark`,`parent_code`) VALUES ('SM201804301423210056970','取现查询','1','#','3','admin','2018-05-11 12:29:13','','SM201804301421521342427');
INSERT INTO `tsys_menu` (`code`,`name`,`type`,`url`,`order_no`,`updater`,`update_datetime`,`remark`,`parent_code`) VALUES ('SM201805071516186994661','新增','2','/add','1','admin','2018-05-11 12:29:13','','SM201804271802149312624');
INSERT INTO `tsys_menu` (`code`,`name`,`type`,`url`,`order_no`,`updater`,`update_datetime`,`remark`,`parent_code`) VALUES ('SM201805071540264947371','修改','2','/edit','2','admin','2018-05-11 12:29:13','','SM201804271802149312624');
INSERT INTO `tsys_menu` (`code`,`name`,`type`,`url`,`order_no`,`updater`,`update_datetime`,`remark`,`parent_code`) VALUES ('SM201805071542045077550','审核','2','/check','3','admin','2018-05-11 12:29:13','','SM201804271802149312624');
INSERT INTO `tsys_menu` (`code`,`name`,`type`,`url`,`order_no`,`updater`,`update_datetime`,`remark`,`parent_code`) VALUES ('SM201805071542510898778','详情','2','/detail','4','admin','2018-05-11 12:29:13','','SM201804271802149312624');
INSERT INTO `tsys_menu` (`code`,`name`,`type`,`url`,`order_no`,`updater`,`update_datetime`,`remark`,`parent_code`) VALUES ('SM201805081056379762242','当月还款名单','1','/biz/refundList.htm','3','admin','2018-05-11 12:29:13','','SM201804271801337258756');
INSERT INTO `tsys_menu` (`code`,`name`,`type`,`url`,`order_no`,`updater`,`update_datetime`,`remark`,`parent_code`) VALUES ('SM201805081102218914268','历史业务管理','1','/carLoanRepay/historyBusinessManage.htm','7','admin','2018-05-11 12:29:13','','SM201804271801337258756');
INSERT INTO `tsys_menu` (`code`,`name`,`type`,`url`,`order_no`,`updater`,`update_datetime`,`remark`,`parent_code`) VALUES ('SM201805081434065688426','还款计划','2','/refundplan','1','admin','2018-05-11 12:29:13','','SM201804271804131056703');
INSERT INTO `tsys_menu` (`code`,`name`,`type`,`url`,`order_no`,`updater`,`update_datetime`,`remark`,`parent_code`) VALUES ('SM201805081702005449690','详情','2','/detail','1','admin','2018-05-11 12:29:13','','SM201804301410177164183');
INSERT INTO `tsys_menu` (`code`,`name`,`type`,`url`,`order_no`,`updater`,`update_datetime`,`remark`,`parent_code`) VALUES ('SM201805081703219956551','处理','2','/dispose','1','admin','2018-05-11 12:29:13','','SM201804271807006759984');
INSERT INTO `tsys_menu` (`code`,`name`,`type`,`url`,`order_no`,`updater`,`update_datetime`,`remark`,`parent_code`) VALUES ('SM201805081703478765902','详情','2','/detail','2','admin','2018-05-11 12:29:13','','SM201804271807006759984');
INSERT INTO `tsys_menu` (`code`,`name`,`type`,`url`,`order_no`,`updater`,`update_datetime`,`remark`,`parent_code`) VALUES ('SM201805081705114533419','缴纳清收成本','2','/payment','1','admin','2018-05-11 12:29:13','','SM201804271806335389896');
INSERT INTO `tsys_menu` (`code`,`name`,`type`,`url`,`order_no`,`updater`,`update_datetime`,`remark`,`parent_code`) VALUES ('SM201805081705485635544','详情','2','/detail','2','admin','2018-05-11 12:29:13','','SM201804271806335389896');
INSERT INTO `tsys_menu` (`code`,`name`,`type`,`url`,`order_no`,`updater`,`update_datetime`,`remark`,`parent_code`) VALUES ('SM201805081710209032086','短信催收','2','/message','1','admin','2018-05-11 12:29:13','','SM201804271806010518814');
INSERT INTO `tsys_menu` (`code`,`name`,`type`,`url`,`order_no`,`updater`,`update_datetime`,`remark`,`parent_code`) VALUES ('SM201805081713364106306','推送消息催收','2','/sendMessage','2','admin','2018-05-11 12:29:13','','SM201804271806010518814');
INSERT INTO `tsys_menu` (`code`,`name`,`type`,`url`,`order_no`,`updater`,`update_datetime`,`remark`,`parent_code`) VALUES ('SM201805081714299133603','逾期处理','2','/overdue','3','admin','2018-05-11 12:29:13','','SM201804271806010518814');
INSERT INTO `tsys_menu` (`code`,`name`,`type`,`url`,`order_no`,`updater`,`update_datetime`,`remark`,`parent_code`) VALUES ('SM201805081715003349937','详情','2','/detail','4','admin','2018-05-11 12:29:13','','SM201804271806010518814');
INSERT INTO `tsys_menu` (`code`,`name`,`type`,`url`,`order_no`,`updater`,`update_datetime`,`remark`,`parent_code`) VALUES ('SM201805081715471104981','短信催收','2','/message','1','admin','2018-05-11 12:29:13','','SM201804301408090236536');
INSERT INTO `tsys_menu` (`code`,`name`,`type`,`url`,`order_no`,`updater`,`update_datetime`,`remark`,`parent_code`) VALUES ('SM201805081716404085782','推送消息催收','2','/sendMessage','2','admin','2018-05-11 12:29:13','','SM201804301408090236536');
INSERT INTO `tsys_menu` (`code`,`name`,`type`,`url`,`order_no`,`updater`,`update_datetime`,`remark`,`parent_code`) VALUES ('SM201805081717095256579','详情','2','/detail','3','admin','2018-05-11 12:29:13','','SM201804301408090236536');
INSERT INTO `tsys_menu` (`code`,`name`,`type`,`url`,`order_no`,`updater`,`update_datetime`,`remark`,`parent_code`) VALUES ('SM201805081718535897157','还款卡变更','2','/changeCard','2','admin','2018-05-11 12:29:13','','SM201804271804131056703');
INSERT INTO `tsys_menu` (`code`,`name`,`type`,`url`,`order_no`,`updater`,`update_datetime`,`remark`,`parent_code`) VALUES ('SM201805081719260431762','确认结清','2','/certain','3','admin','2018-05-11 12:29:13','','SM201804271804131056703');
INSERT INTO `tsys_menu` (`code`,`name`,`type`,`url`,`order_no`,`updater`,`update_datetime`,`remark`,`parent_code`) VALUES ('SM201805081719507452259','详情','2','/detail','4','admin','2018-05-11 12:29:13','','SM201804271804131056703');
INSERT INTO `tsys_menu` (`code`,`name`,`type`,`url`,`order_no`,`updater`,`update_datetime`,`remark`,`parent_code`) VALUES ('SM201805081727132534557','短信催收','2','/message','1','admin','2018-05-11 12:29:13','','SM201805081056379762242');
INSERT INTO `tsys_menu` (`code`,`name`,`type`,`url`,`order_no`,`updater`,`update_datetime`,`remark`,`parent_code`) VALUES ('SM201805081728455223975','消息推送提醒','2','/sendMessage','2','admin','2018-05-11 12:29:13','','SM201805081056379762242');
INSERT INTO `tsys_menu` (`code`,`name`,`type`,`url`,`order_no`,`updater`,`update_datetime`,`remark`,`parent_code`) VALUES ('SM201805081729389868979','详情','2','/detail','3','admin','2018-05-11 12:29:13','','SM201805081056379762242');
INSERT INTO `tsys_menu` (`code`,`name`,`type`,`url`,`order_no`,`updater`,`update_datetime`,`remark`,`parent_code`) VALUES ('SM201805081730223045783','详情','2','/detail','1','admin','2018-05-11 12:29:13','','SM201805081102218914268');

/*
-- Query: SELECT `role_code`,`menu_code`,`updater`,now() as `update_datetime`,`remark` FROM tsys_menu_role
-- Date: 2018-05-11 20:31
*/
INSERT INTO `tsys_menu_role` (`role_code`,`menu_code`,`updater`,`update_datetime`,`remark`) VALUES ('RO201800000000000001','HTWTSM201800000000000000','admin','2018-05-11 12:30:35',NULL);
INSERT INTO `tsys_menu_role` (`role_code`,`menu_code`,`updater`,`update_datetime`,`remark`) VALUES ('RO201800000000000001','HTWTSM201800001000000001','admin','2018-05-11 12:30:35',NULL);
INSERT INTO `tsys_menu_role` (`role_code`,`menu_code`,`updater`,`update_datetime`,`remark`) VALUES ('RO201800000000000001','HTWTSM201800001000000003','admin','2018-05-11 12:30:35',NULL);
INSERT INTO `tsys_menu_role` (`role_code`,`menu_code`,`updater`,`update_datetime`,`remark`) VALUES ('RO201800000000000001','HTWTSM201800001000000004','admin','2018-05-11 12:30:35',NULL);
INSERT INTO `tsys_menu_role` (`role_code`,`menu_code`,`updater`,`update_datetime`,`remark`) VALUES ('RO201800000000000001','SM201804241904336827315','admin','2018-05-11 12:30:35',NULL);
INSERT INTO `tsys_menu_role` (`role_code`,`menu_code`,`updater`,`update_datetime`,`remark`) VALUES ('RO201800000000000001','SM201804242138443236748','admin','2018-05-11 12:30:35',NULL);
INSERT INTO `tsys_menu_role` (`role_code`,`menu_code`,`updater`,`update_datetime`,`remark`) VALUES ('RO201800000000000001','SM201804242141231816698','admin','2018-05-11 12:30:35',NULL);
INSERT INTO `tsys_menu_role` (`role_code`,`menu_code`,`updater`,`update_datetime`,`remark`) VALUES ('RO201800000000000001','SM201804242142138278448','admin','2018-05-11 12:30:35',NULL);
INSERT INTO `tsys_menu_role` (`role_code`,`menu_code`,`updater`,`update_datetime`,`remark`) VALUES ('RO201800000000000001','SM201804242144385705547','admin','2018-05-11 12:30:35',NULL);
INSERT INTO `tsys_menu_role` (`role_code`,`menu_code`,`updater`,`update_datetime`,`remark`) VALUES ('RO201800000000000001','SM201804242145538683194','admin','2018-05-11 12:30:35',NULL);
INSERT INTO `tsys_menu_role` (`role_code`,`menu_code`,`updater`,`update_datetime`,`remark`) VALUES ('RO201800000000000001','SM201804251546009598082','admin','2018-05-11 12:30:35',NULL);
INSERT INTO `tsys_menu_role` (`role_code`,`menu_code`,`updater`,`update_datetime`,`remark`) VALUES ('RO201800000000000001','SM201804251546303774373','admin','2018-05-11 12:30:35',NULL);
INSERT INTO `tsys_menu_role` (`role_code`,`menu_code`,`updater`,`update_datetime`,`remark`) VALUES ('RO201800000000000001','SM201804251553599006810','admin','2018-05-11 12:30:35',NULL);
INSERT INTO `tsys_menu_role` (`role_code`,`menu_code`,`updater`,`update_datetime`,`remark`) VALUES ('RO201800000000000001','SM201804251555317408123','admin','2018-05-11 12:30:35',NULL);
INSERT INTO `tsys_menu_role` (`role_code`,`menu_code`,`updater`,`update_datetime`,`remark`) VALUES ('RO201800000000000001','SM201804251556195766046','admin','2018-05-11 12:30:35',NULL);
INSERT INTO `tsys_menu_role` (`role_code`,`menu_code`,`updater`,`update_datetime`,`remark`) VALUES ('RO201800000000000001','SM201804251644341488287','admin','2018-05-11 12:30:35',NULL);
INSERT INTO `tsys_menu_role` (`role_code`,`menu_code`,`updater`,`update_datetime`,`remark`) VALUES ('RO201800000000000001','SM201804251720368955246','admin','2018-05-11 12:30:35',NULL);
INSERT INTO `tsys_menu_role` (`role_code`,`menu_code`,`updater`,`update_datetime`,`remark`) VALUES ('RO201800000000000001','SM201804251731271739441','admin','2018-05-11 12:30:35',NULL);
INSERT INTO `tsys_menu_role` (`role_code`,`menu_code`,`updater`,`update_datetime`,`remark`) VALUES ('RO201800000000000001','SM201804251904256377856','admin','2018-05-11 12:30:35',NULL);
INSERT INTO `tsys_menu_role` (`role_code`,`menu_code`,`updater`,`update_datetime`,`remark`) VALUES ('RO201800000000000001','SM201804261348514693404','admin','2018-05-11 12:30:35',NULL);
INSERT INTO `tsys_menu_role` (`role_code`,`menu_code`,`updater`,`update_datetime`,`remark`) VALUES ('RO201800000000000001','SM201804261350336763666','admin','2018-05-11 12:30:35',NULL);
INSERT INTO `tsys_menu_role` (`role_code`,`menu_code`,`updater`,`update_datetime`,`remark`) VALUES ('RO201800000000000001','SM201804261354380715184','admin','2018-05-11 12:30:35',NULL);
INSERT INTO `tsys_menu_role` (`role_code`,`menu_code`,`updater`,`update_datetime`,`remark`) VALUES ('RO201800000000000001','SM201804261441127987193','admin','2018-05-11 12:30:35',NULL);
INSERT INTO `tsys_menu_role` (`role_code`,`menu_code`,`updater`,`update_datetime`,`remark`) VALUES ('RO201800000000000001','SM201804261455330386632','admin','2018-05-11 12:30:35',NULL);
INSERT INTO `tsys_menu_role` (`role_code`,`menu_code`,`updater`,`update_datetime`,`remark`) VALUES ('RO201800000000000001','SM201804271533135687170','admin','2018-05-11 12:30:35',NULL);
INSERT INTO `tsys_menu_role` (`role_code`,`menu_code`,`updater`,`update_datetime`,`remark`) VALUES ('RO201800000000000001','SM201804271633137256879','admin','2018-05-11 12:30:35',NULL);
INSERT INTO `tsys_menu_role` (`role_code`,`menu_code`,`updater`,`update_datetime`,`remark`) VALUES ('RO201800000000000001','SM201804271733507076601','admin','2018-05-11 12:30:35',NULL);
INSERT INTO `tsys_menu_role` (`role_code`,`menu_code`,`updater`,`update_datetime`,`remark`) VALUES ('RO201800000000000001','SM201804271802149312624','admin','2018-05-11 12:30:35',NULL);
INSERT INTO `tsys_menu_role` (`role_code`,`menu_code`,`updater`,`update_datetime`,`remark`) VALUES ('RO201800000000000001','SM201804301405471661433','admin','2018-05-11 12:30:35',NULL);
INSERT INTO `tsys_menu_role` (`role_code`,`menu_code`,`updater`,`update_datetime`,`remark`) VALUES ('RO201800000000000001','SM201804301412106351850','admin','2018-05-11 12:30:35',NULL);
INSERT INTO `tsys_menu_role` (`role_code`,`menu_code`,`updater`,`update_datetime`,`remark`) VALUES ('RO201800000000000001','SM201804301415439657360','admin','2018-05-11 12:30:35',NULL);
INSERT INTO `tsys_menu_role` (`role_code`,`menu_code`,`updater`,`update_datetime`,`remark`) VALUES ('RO201800000000000001','SM201804301419295446882','admin','2018-05-11 12:30:35',NULL);
INSERT INTO `tsys_menu_role` (`role_code`,`menu_code`,`updater`,`update_datetime`,`remark`) VALUES ('RO201800000000000001','SM201804301420285181532','admin','2018-05-11 12:30:35',NULL);
INSERT INTO `tsys_menu_role` (`role_code`,`menu_code`,`updater`,`update_datetime`,`remark`) VALUES ('RO201800000000000001','SM201804301422259476511','admin','2018-05-11 12:30:35',NULL);
INSERT INTO `tsys_menu_role` (`role_code`,`menu_code`,`updater`,`update_datetime`,`remark`) VALUES ('RO201800000000000001','SM201805071516186994661','admin','2018-05-11 12:30:35',NULL);
INSERT INTO `tsys_menu_role` (`role_code`,`menu_code`,`updater`,`update_datetime`,`remark`) VALUES ('RO201800000000000001','SM201805081434065688426','admin','2018-05-11 12:30:35',NULL);
INSERT INTO `tsys_menu_role` (`role_code`,`menu_code`,`updater`,`update_datetime`,`remark`) VALUES ('RO201800000000000001','SM201805081702005449690','admin','2018-05-11 12:30:35',NULL);
INSERT INTO `tsys_menu_role` (`role_code`,`menu_code`,`updater`,`update_datetime`,`remark`) VALUES ('RO201800000000000001','SM201805081703219956551','admin','2018-05-11 12:30:35',NULL);
INSERT INTO `tsys_menu_role` (`role_code`,`menu_code`,`updater`,`update_datetime`,`remark`) VALUES ('RO201800000000000001','SM201805081705114533419','admin','2018-05-11 12:30:35',NULL);
INSERT INTO `tsys_menu_role` (`role_code`,`menu_code`,`updater`,`update_datetime`,`remark`) VALUES ('RO201800000000000001','SM201805081710209032086','admin','2018-05-11 12:30:35',NULL);
INSERT INTO `tsys_menu_role` (`role_code`,`menu_code`,`updater`,`update_datetime`,`remark`) VALUES ('RO201800000000000001','SM201805081715471104981','admin','2018-05-11 12:30:35',NULL);
INSERT INTO `tsys_menu_role` (`role_code`,`menu_code`,`updater`,`update_datetime`,`remark`) VALUES ('RO201800000000000001','SM201805081727132534557','admin','2018-05-11 12:30:35',NULL);
INSERT INTO `tsys_menu_role` (`role_code`,`menu_code`,`updater`,`update_datetime`,`remark`) VALUES ('RO201800000000000001','HTWTSM201800001000000002','admin','2018-05-11 12:30:35',NULL);
INSERT INTO `tsys_menu_role` (`role_code`,`menu_code`,`updater`,`update_datetime`,`remark`) VALUES ('RO201800000000000001','SM201804241905224096392','admin','2018-05-11 12:30:35',NULL);
INSERT INTO `tsys_menu_role` (`role_code`,`menu_code`,`updater`,`update_datetime`,`remark`) VALUES ('RO201800000000000001','SM201804251646149125308','admin','2018-05-11 12:30:35',NULL);
INSERT INTO `tsys_menu_role` (`role_code`,`menu_code`,`updater`,`update_datetime`,`remark`) VALUES ('RO201800000000000001','SM201804251721049158100','admin','2018-05-11 12:30:35',NULL);
INSERT INTO `tsys_menu_role` (`role_code`,`menu_code`,`updater`,`update_datetime`,`remark`) VALUES ('RO201800000000000001','SM201804261349236076566','admin','2018-05-11 12:30:35',NULL);
INSERT INTO `tsys_menu_role` (`role_code`,`menu_code`,`updater`,`update_datetime`,`remark`) VALUES ('RO201800000000000001','SM201804261354138758172','admin','2018-05-11 12:30:35',NULL);
INSERT INTO `tsys_menu_role` (`role_code`,`menu_code`,`updater`,`update_datetime`,`remark`) VALUES ('RO201800000000000001','SM201804261354595823870','admin','2018-05-11 12:30:35',NULL);
INSERT INTO `tsys_menu_role` (`role_code`,`menu_code`,`updater`,`update_datetime`,`remark`) VALUES ('RO201800000000000001','SM201804261442135927079','admin','2018-05-11 12:30:35',NULL);
INSERT INTO `tsys_menu_role` (`role_code`,`menu_code`,`updater`,`update_datetime`,`remark`) VALUES ('RO201800000000000001','SM201804261456026756527','admin','2018-05-11 12:30:35',NULL);
INSERT INTO `tsys_menu_role` (`role_code`,`menu_code`,`updater`,`update_datetime`,`remark`) VALUES ('RO201800000000000001','SM201804271533373702079','admin','2018-05-11 12:30:35',NULL);
INSERT INTO `tsys_menu_role` (`role_code`,`menu_code`,`updater`,`update_datetime`,`remark`) VALUES ('RO201800000000000001','SM201804271633381096603','admin','2018-05-11 12:30:35',NULL);
INSERT INTO `tsys_menu_role` (`role_code`,`menu_code`,`updater`,`update_datetime`,`remark`) VALUES ('RO201800000000000001','SM201804271734340343650','admin','2018-05-11 12:30:35',NULL);
INSERT INTO `tsys_menu_role` (`role_code`,`menu_code`,`updater`,`update_datetime`,`remark`) VALUES ('RO201800000000000001','SM201804271804131056703','admin','2018-05-11 12:30:35',NULL);
INSERT INTO `tsys_menu_role` (`role_code`,`menu_code`,`updater`,`update_datetime`,`remark`) VALUES ('RO201800000000000001','SM201804301406116552892','admin','2018-05-11 12:30:35',NULL);
INSERT INTO `tsys_menu_role` (`role_code`,`menu_code`,`updater`,`update_datetime`,`remark`) VALUES ('RO201800000000000001','SM201804301412402254324','admin','2018-05-11 12:30:35',NULL);
INSERT INTO `tsys_menu_role` (`role_code`,`menu_code`,`updater`,`update_datetime`,`remark`) VALUES ('RO201800000000000001','SM201804301416129975829','admin','2018-05-11 12:30:35',NULL);
INSERT INTO `tsys_menu_role` (`role_code`,`menu_code`,`updater`,`update_datetime`,`remark`) VALUES ('RO201800000000000001','SM201804301420521954097','admin','2018-05-11 12:30:35',NULL);
INSERT INTO `tsys_menu_role` (`role_code`,`menu_code`,`updater`,`update_datetime`,`remark`) VALUES ('RO201800000000000001','SM201804301421521342427','admin','2018-05-11 12:30:35',NULL);
INSERT INTO `tsys_menu_role` (`role_code`,`menu_code`,`updater`,`update_datetime`,`remark`) VALUES ('RO201800000000000001','SM201804301422537086327','admin','2018-05-11 12:30:35',NULL);
INSERT INTO `tsys_menu_role` (`role_code`,`menu_code`,`updater`,`update_datetime`,`remark`) VALUES ('RO201800000000000001','SM201805071540264947371','admin','2018-05-11 12:30:35',NULL);
INSERT INTO `tsys_menu_role` (`role_code`,`menu_code`,`updater`,`update_datetime`,`remark`) VALUES ('RO201800000000000001','SM201805081703478765902','admin','2018-05-11 12:30:35',NULL);
INSERT INTO `tsys_menu_role` (`role_code`,`menu_code`,`updater`,`update_datetime`,`remark`) VALUES ('RO201800000000000001','SM201805081705485635544','admin','2018-05-11 12:30:35',NULL);
INSERT INTO `tsys_menu_role` (`role_code`,`menu_code`,`updater`,`update_datetime`,`remark`) VALUES ('RO201800000000000001','SM201805081713364106306','admin','2018-05-11 12:30:35',NULL);
INSERT INTO `tsys_menu_role` (`role_code`,`menu_code`,`updater`,`update_datetime`,`remark`) VALUES ('RO201800000000000001','SM201805081716404085782','admin','2018-05-11 12:30:35',NULL);
INSERT INTO `tsys_menu_role` (`role_code`,`menu_code`,`updater`,`update_datetime`,`remark`) VALUES ('RO201800000000000001','SM201805081718535897157','admin','2018-05-11 12:30:35',NULL);
INSERT INTO `tsys_menu_role` (`role_code`,`menu_code`,`updater`,`update_datetime`,`remark`) VALUES ('RO201800000000000001','SM201805081728455223975','admin','2018-05-11 12:30:35',NULL);
INSERT INTO `tsys_menu_role` (`role_code`,`menu_code`,`updater`,`update_datetime`,`remark`) VALUES ('RO201800000000000001','SM201804251647429608504','admin','2018-05-11 12:30:35',NULL);
INSERT INTO `tsys_menu_role` (`role_code`,`menu_code`,`updater`,`update_datetime`,`remark`) VALUES ('RO201800000000000001','SM201804251721516584466','admin','2018-05-11 12:30:35',NULL);
INSERT INTO `tsys_menu_role` (`role_code`,`menu_code`,`updater`,`update_datetime`,`remark`) VALUES ('RO201800000000000001','SM201804261355188031376','admin','2018-05-11 12:30:35',NULL);
INSERT INTO `tsys_menu_role` (`role_code`,`menu_code`,`updater`,`update_datetime`,`remark`) VALUES ('RO201800000000000001','SM201804261442413839763','admin','2018-05-11 12:30:35',NULL);
INSERT INTO `tsys_menu_role` (`role_code`,`menu_code`,`updater`,`update_datetime`,`remark`) VALUES ('RO201800000000000001','SM201804261456503673631','admin','2018-05-11 12:30:35',NULL);
INSERT INTO `tsys_menu_role` (`role_code`,`menu_code`,`updater`,`update_datetime`,`remark`) VALUES ('RO201800000000000001','SM201804271534051688530','admin','2018-05-11 12:30:35',NULL);
INSERT INTO `tsys_menu_role` (`role_code`,`menu_code`,`updater`,`update_datetime`,`remark`) VALUES ('RO201800000000000001','SM201804271634353025309','admin','2018-05-11 12:30:35',NULL);
INSERT INTO `tsys_menu_role` (`role_code`,`menu_code`,`updater`,`update_datetime`,`remark`) VALUES ('RO201800000000000001','SM201804271801337258756','admin','2018-05-11 12:30:35',NULL);
INSERT INTO `tsys_menu_role` (`role_code`,`menu_code`,`updater`,`update_datetime`,`remark`) VALUES ('RO201800000000000001','SM201804301406356625671','admin','2018-05-11 12:30:35',NULL);
INSERT INTO `tsys_menu_role` (`role_code`,`menu_code`,`updater`,`update_datetime`,`remark`) VALUES ('RO201800000000000001','SM201804301413103705972','admin','2018-05-11 12:30:35',NULL);
INSERT INTO `tsys_menu_role` (`role_code`,`menu_code`,`updater`,`update_datetime`,`remark`) VALUES ('RO201800000000000001','SM201804301416500665320','admin','2018-05-11 12:30:35',NULL);
INSERT INTO `tsys_menu_role` (`role_code`,`menu_code`,`updater`,`update_datetime`,`remark`) VALUES ('RO201800000000000001','SM201804301423210056970','admin','2018-05-11 12:30:35',NULL);
INSERT INTO `tsys_menu_role` (`role_code`,`menu_code`,`updater`,`update_datetime`,`remark`) VALUES ('RO201800000000000001','SM201805071542045077550','admin','2018-05-11 12:30:35',NULL);
INSERT INTO `tsys_menu_role` (`role_code`,`menu_code`,`updater`,`update_datetime`,`remark`) VALUES ('RO201800000000000001','SM201805081056379762242','admin','2018-05-11 12:30:35',NULL);
INSERT INTO `tsys_menu_role` (`role_code`,`menu_code`,`updater`,`update_datetime`,`remark`) VALUES ('RO201800000000000001','SM201805081714299133603','admin','2018-05-11 12:30:35',NULL);
INSERT INTO `tsys_menu_role` (`role_code`,`menu_code`,`updater`,`update_datetime`,`remark`) VALUES ('RO201800000000000001','SM201805081717095256579','admin','2018-05-11 12:30:35',NULL);
INSERT INTO `tsys_menu_role` (`role_code`,`menu_code`,`updater`,`update_datetime`,`remark`) VALUES ('RO201800000000000001','SM201805081719260431762','admin','2018-05-11 12:30:35',NULL);
INSERT INTO `tsys_menu_role` (`role_code`,`menu_code`,`updater`,`update_datetime`,`remark`) VALUES ('RO201800000000000001','SM201804242145538681651','admin','2018-05-11 12:30:35',NULL);
INSERT INTO `tsys_menu_role` (`role_code`,`menu_code`,`updater`,`update_datetime`,`remark`) VALUES ('RO201800000000000001','SM201804251552372043999','admin','2018-05-11 12:30:35',NULL);
INSERT INTO `tsys_menu_role` (`role_code`,`menu_code`,`updater`,`update_datetime`,`remark`) VALUES ('RO201800000000000001','SM201804261355444488601','admin','2018-05-11 12:30:35',NULL);
INSERT INTO `tsys_menu_role` (`role_code`,`menu_code`,`updater`,`update_datetime`,`remark`) VALUES ('RO201800000000000001','SM201804261443038387310','admin','2018-05-11 12:30:35',NULL);
INSERT INTO `tsys_menu_role` (`role_code`,`menu_code`,`updater`,`update_datetime`,`remark`) VALUES ('RO201800000000000001','SM201804261457247095405','admin','2018-05-11 12:30:35',NULL);
INSERT INTO `tsys_menu_role` (`role_code`,`menu_code`,`updater`,`update_datetime`,`remark`) VALUES ('RO201800000000000001','SM201804261916138008548','admin','2018-05-11 12:30:35',NULL);
INSERT INTO `tsys_menu_role` (`role_code`,`menu_code`,`updater`,`update_datetime`,`remark`) VALUES ('RO201800000000000001','SM201804271534266319193','admin','2018-05-11 12:30:35',NULL);
INSERT INTO `tsys_menu_role` (`role_code`,`menu_code`,`updater`,`update_datetime`,`remark`) VALUES ('RO201800000000000001','SM201804271635122545502','admin','2018-05-11 12:30:35',NULL);
INSERT INTO `tsys_menu_role` (`role_code`,`menu_code`,`updater`,`update_datetime`,`remark`) VALUES ('RO201800000000000001','SM201804271806010518814','admin','2018-05-11 12:30:35',NULL);
INSERT INTO `tsys_menu_role` (`role_code`,`menu_code`,`updater`,`update_datetime`,`remark`) VALUES ('RO201800000000000001','SM201804301405228059456','admin','2018-05-11 12:30:35',NULL);
INSERT INTO `tsys_menu_role` (`role_code`,`menu_code`,`updater`,`update_datetime`,`remark`) VALUES ('RO201800000000000001','SM201804301407183648138','admin','2018-05-11 12:30:35',NULL);
INSERT INTO `tsys_menu_role` (`role_code`,`menu_code`,`updater`,`update_datetime`,`remark`) VALUES ('RO201800000000000001','SM201804301417154135904','admin','2018-05-11 12:30:35',NULL);
INSERT INTO `tsys_menu_role` (`role_code`,`menu_code`,`updater`,`update_datetime`,`remark`) VALUES ('RO201800000000000001','SM201805071542510898778','admin','2018-05-11 12:30:35',NULL);
INSERT INTO `tsys_menu_role` (`role_code`,`menu_code`,`updater`,`update_datetime`,`remark`) VALUES ('RO201800000000000001','SM201805081715003349937','admin','2018-05-11 12:30:35',NULL);
INSERT INTO `tsys_menu_role` (`role_code`,`menu_code`,`updater`,`update_datetime`,`remark`) VALUES ('RO201800000000000001','SM201805081719507452259','admin','2018-05-11 12:30:35',NULL);
INSERT INTO `tsys_menu_role` (`role_code`,`menu_code`,`updater`,`update_datetime`,`remark`) VALUES ('RO201800000000000001','SM201804261356113521261','admin','2018-05-11 12:30:35',NULL);
INSERT INTO `tsys_menu_role` (`role_code`,`menu_code`,`updater`,`update_datetime`,`remark`) VALUES ('RO201800000000000001','SM201804261457540441246','admin','2018-05-11 12:30:35',NULL);
INSERT INTO `tsys_menu_role` (`role_code`,`menu_code`,`updater`,`update_datetime`,`remark`) VALUES ('RO201800000000000001','SM201804262141502085147','admin','2018-05-11 12:30:35',NULL);
INSERT INTO `tsys_menu_role` (`role_code`,`menu_code`,`updater`,`update_datetime`,`remark`) VALUES ('RO201800000000000001','SM201804271534490278831','admin','2018-05-11 12:30:35',NULL);
INSERT INTO `tsys_menu_role` (`role_code`,`menu_code`,`updater`,`update_datetime`,`remark`) VALUES ('RO201800000000000001','SM201804271635347336057','admin','2018-05-11 12:30:35',NULL);
INSERT INTO `tsys_menu_role` (`role_code`,`menu_code`,`updater`,`update_datetime`,`remark`) VALUES ('RO201800000000000001','SM201804271806335389896','admin','2018-05-11 12:30:35',NULL);
INSERT INTO `tsys_menu_role` (`role_code`,`menu_code`,`updater`,`update_datetime`,`remark`) VALUES ('RO201800000000000001','SM201804301408090236536','admin','2018-05-11 12:30:35',NULL);
INSERT INTO `tsys_menu_role` (`role_code`,`menu_code`,`updater`,`update_datetime`,`remark`) VALUES ('RO201800000000000001','SM201804301411257273786','admin','2018-05-11 12:30:35',NULL);
INSERT INTO `tsys_menu_role` (`role_code`,`menu_code`,`updater`,`update_datetime`,`remark`) VALUES ('RO201800000000000001','SM201804271807006759984','admin','2018-05-11 12:30:35',NULL);
INSERT INTO `tsys_menu_role` (`role_code`,`menu_code`,`updater`,`update_datetime`,`remark`) VALUES ('RO201800000000000001','SM201804301408366544676','admin','2018-05-11 12:30:35',NULL);
INSERT INTO `tsys_menu_role` (`role_code`,`menu_code`,`updater`,`update_datetime`,`remark`) VALUES ('RO201800000000000001','SM201804301415107007680','admin','2018-05-11 12:30:35',NULL);
INSERT INTO `tsys_menu_role` (`role_code`,`menu_code`,`updater`,`update_datetime`,`remark`) VALUES ('RO201800000000000001','SM201804301409101479675','admin','2018-05-11 12:30:35',NULL);
INSERT INTO `tsys_menu_role` (`role_code`,`menu_code`,`updater`,`update_datetime`,`remark`) VALUES ('RO201800000000000001','SM201805081102218914268','admin','2018-05-11 12:30:35',NULL);
INSERT INTO `tsys_menu_role` (`role_code`,`menu_code`,`updater`,`update_datetime`,`remark`) VALUES ('RO201800000000000001','SM201804301409426698234','admin','2018-05-11 12:30:35',NULL);
INSERT INTO `tsys_menu_role` (`role_code`,`menu_code`,`updater`,`update_datetime`,`remark`) VALUES ('RO201800000000000001','SM201804301410177164183','admin','2018-05-11 12:30:35',NULL);
INSERT INTO `tsys_menu_role` (`role_code`,`menu_code`,`updater`,`update_datetime`,`remark`) VALUES ('RO201800000000000001','SM201805081730223045783','admin','2018-05-11 12:30:35',NULL);
INSERT INTO `tsys_menu_role` (`role_code`,`menu_code`,`updater`,`update_datetime`,`remark`) VALUES ('RO201800000000000001','SM201805081729389868979','admin','2018-05-11 12:30:35',NULL);

INSERT INTO `tstd_account` (`account_number`,`user_id`,`real_name`,`type`,`status`,`currency`,`amount`,`frozen_amount`,`md5`,`create_datetime`,`last_order`,`company_code`,`system_code`) VALUES ('SYS_ACOUNT_CNY','SYS_USER_HTWT','平台人民币盈亏账户','P','0','CNY',0,0,'b99e0407fedc3d160f73fec8d1fa9a0c',now(),NULL,'CD-COIN000017','CD-COIN000017');
INSERT INTO `tstd_account` (`account_number`,`user_id`,`real_name`,`type`,`status`,`currency`,`amount`,`frozen_amount`,`md5`,`create_datetime`,`last_order`,`company_code`,`system_code`) VALUES ('SYS_ACOUNT_CNY_TG','SYS_USER_HTWT','平台人民币托管账户','P','0','CNY',0,0,'b99e0407fedc3d160f73fec8d1fa9a0c',now(),NULL,'CD-COIN000017','CD-COIN000017');
INSERT INTO `tstd_account` (`account_number`,`user_id`,`real_name`,`type`,`status`,`currency`,`amount`,`frozen_amount`,`md5`,`create_datetime`,`last_order`,`company_code`,`system_code`) VALUES ('SYS_ACOUNT_JF','SYS_USER_HTWT','平台积分账户','P','0','JF',0,0,'b99e0407fedc3d160f73fec8d1fa9a0c',now(),NULL,'CD-COIN000017','CD-COIN000017');
