
/*
-- Query: SELECT * FROM coin_xn_coin.tstd_cnavigate
-- Date: 2017-11-30 17:00
*/
INSERT INTO `tstd_cnavigate` (`code`,`name`,`type`,`url`,`pic`,`status`,`location`,`order_no`,`belong`,`parent_code`,`remark`,`content_type`,`company_code`,`system_code`) VALUES ('DH201711271342486662078','banner','2','','交易bannner2@3x_1511771627392.png','1','trade',1,'1','0','','1','CD-COIN000017','CD-COIN000017');
INSERT INTO `tstd_cnavigate` (`code`,`name`,`type`,`url`,`pic`,`status`,`location`,`order_no`,`belong`,`parent_code`,`remark`,`content_type`,`company_code`,`system_code`) VALUES ('DH201711271344255452496','banner2','2','','c@3x_1511772301720.png','1','market',2,'1','0','','1','CD-COIN000017','CD-COIN000017');
INSERT INTO `tstd_cnavigate` (`code`,`name`,`type`,`url`,`pic`,`status`,`location`,`order_no`,`belong`,`parent_code`,`remark`,`content_type`,`company_code`,`system_code`) VALUES ('DH201711301033386606987','邀请好友','2','','邀请好友图片_1512009213139.png','1','activity',1,'1','0','','1','CD-COIN000017','CD-COIN000017');

INSERT INTO `tstd_user` (`user_id`,`login_name`,`login_pwd`,`login_pwd_strength`,`kind`,`level`,`role_code`,`status`,`create_datetime`,`remark`,`company_code`,`system_code`) VALUES ('UCOIN201700000000000001','admin','21218cca77804d2ba1922c33e0151105','1','P','0','COINSR201700000000000000','0',now(),'管理端系统方','CD-COIN000017','CD-COIN000017');
/*
-- Query: SELECT * FROM std_account.tstd_account where user_id = 'CD-COIN000017'
-- Date: 2016-12-29 15:08
*/
INSERT INTO `tstd_account` (`account_number`,`user_id`,`real_name`,`type`,`status`,`currency`,`amount`,`frozen_amount`,`md5`,`create_datetime`,`last_order`,`company_code`,`system_code`) VALUES ('SYS_ACOUNT_ETH','SYS_USER_ETH','平台ETH盈亏账户','P','0','ETH',0,0,'b99e0407fedc3d160f73fec8d1fa9a0c',now(),NULL,'CD-COIN000017','CD-COIN000017');
INSERT INTO `tstd_account` (`account_number`,`user_id`,`real_name`,`type`,`status`,`currency`,`amount`,`frozen_amount`,`md5`,`create_datetime`,`last_order`,`company_code`,`system_code`) VALUES ('SYS_ACOUNT_ETH_COLD','SYS_USER_ETH_COLD','平台ETH冷钱包','P','0','ETH',0,0,'b99e0407fedc3d160f73fec8d1fa9a0c',now(),NULL,'CD-COIN000017','CD-COIN000017');

/*
-- Query: SELECT * FROM coin_xn_coin_dev.tcoin_market
-- Date: 2017-11-20 10:07
*/
INSERT INTO `tcoin_market` (`coin`,`refer_currency`,`origin`,`last_price`,`bid`,`ask`,`mid`,`low`,`high`,`volume`,`update_datetime`) VALUES ('ETH','CNY','bitfinex',2364.7634,2364.7634,2366.0226,2365.3930,2275.1569,2458.8767,'334291.04556696',now());
INSERT INTO `tcoin_market` (`coin`,`refer_currency`,`origin`,`last_price`,`bid`,`ask`,`mid`,`low`,`high`,`volume`,`update_datetime`) VALUES ('BTC','CNY','bitfinex',53154.8168,53154.1540,53154.8168,53154.4854,50701.9050,53883.2010,'39982.7165797',now());
INSERT INTO `tcoin_market` (`coin`,`refer_currency`,`origin`,`last_price`,`bid`,`ask`,`mid`,`low`,`high`,`volume`,`update_datetime`) VALUES ('ETH','CNY','okex',2369.4028,2369.4028,2370.0655,2369.7341,2273.3011,2480.8807,'14841.66',now());
INSERT INTO `tcoin_market` (`coin`,`refer_currency`,`origin`,`last_price`,`bid`,`ask`,`mid`,`low`,`high`,`volume`,`update_datetime`) VALUES ('BTC','CNY','okex',53068.4578,53068.3916,53068.4578,53068.4247,50766.3262,53684.3037,'1946.88',now());

/*
-- Query: SELECT * FROM coin_xn_coin_dev.tcoin_currency_rate
-- Date: 2017-11-20 10:08
*/
INSERT INTO `tcoin_currency_rate` (`currency`,`refer_currency`,`origin`,`rate`,`update_datetime`) VALUES ('HKD','CNY','juhe',0.8487,now());
INSERT INTO `tcoin_currency_rate` (`currency`,`refer_currency`,`origin`,`rate`,`update_datetime`) VALUES ('USD','CNY','juhe',6.6277,now());

/*
-- Query: select `type`,`ckey`,`cvalue`,`updater`,`update_datetime`,`remark`,`company_code`,`system_code` from tsys_config
-- Date: 2017-08-23 10:21
*/
INSERT INTO `tsys_config` (`type`,`ckey`,`cvalue`,`updater`,`update_datetime`,`remark`,`company_code`,`system_code`) VALUES ('qiniu','qiniu_access_key','OugFobOQxavLzefKuIHCjGT6Gpsv0SCszdWrlQ39','admin',now(),'七牛云key1','CD-COIN000017','CD-COIN000017');
INSERT INTO `tsys_config` (`type`,`ckey`,`cvalue`,`updater`,`update_datetime`,`remark`,`company_code`,`system_code`) VALUES ('qiniu','qiniu_secret_key','J4RqFulrTWdRs79lM_HFde_K4gtb3FwWEYn8xHic','admin',now(),'七牛云key1','CD-COIN000017','CD-COIN000017');
INSERT INTO `tsys_config` (`type`,`ckey`,`cvalue`,`updater`,`update_datetime`,`remark`,`company_code`,`system_code`) VALUES ('qiniu','qiniu_bucket','beicoin','admin',now(),'存储空间','CD-COIN000017','CD-COIN000017');
INSERT INTO `tsys_config` (`type`,`ckey`,`cvalue`,`updater`,`update_datetime`,`remark`,`company_code`,`system_code`) VALUES ('qiniu','qiniu_domain','ozfszueqz.bkt.clouddn.com','admin',now(),'访问域名','CD-COIN000017','CD-COIN000017');

INSERT INTO `tsys_config` (`type`,`ckey`,`cvalue`,`updater`,`update_datetime`,`remark`,`company_code`,`system_code`) VALUES ('tencent_im','tx_app_code','1400050575','admin',now(),'应用编号','CD-COIN000017','CD-COIN000017');
INSERT INTO `tsys_config` (`type`,`ckey`,`cvalue`,`updater`,`update_datetime`,`remark`,`company_code`,`system_code`) VALUES ('tencent_im','tx_app_admin','admin','admin',now(),'账号管理员','CD-COIN000017','CD-COIN000017');
INSERT INTO `tsys_config` (`type`,`ckey`,`cvalue`,`updater`,`update_datetime`,`remark`,`company_code`,`system_code`) VALUES ('tencent_im','tx_access_key','-----BEGIN PUBLIC KEY-----\nMFkwEwYHKoZIzj0CAQYIKoZIzj0DAQcDQgAETVy+sF6PGdpX7iQ+fY6uheR7O02p\nVMUnX+/GDN5Bk3GGZA1wASLOhd/XyRb+FSnjMSafJSKD6FVzDtPdfy8h7w==\n-----END PUBLIC KEY-----','admin',now(),'公钥','CD-COIN000017','CD-COIN000017');
INSERT INTO `tsys_config` (`type`,`ckey`,`cvalue`,`updater`,`update_datetime`,`remark`,`company_code`,`system_code`) VALUES ('tencent_im','tx_secret_key','-----BEGIN PRIVATE KEY-----\nMIGHAgEAMBMGByqGSM49AgEGCCqGSM49AwEHBG0wawIBAQQgft/yZF5jXWYcXNbI\noHE9ftdVfC1f8SQ0mWrs6EdjW8ChRANCAARNXL6wXo8Z2lfuJD59jq6F5Hs7TalU\nxSdf78YM3kGTcYZkDXABIs6F39fJFv4VKeMxJp8lIoPoVXMO091/LyHv\n-----END PRIVATE KEY-----','admin',now(),'私钥','CD-COIN000017','CD-COIN000017');
INSERT INTO `tsys_config` (`type`,`ckey`,`cvalue`,`updater`,`update_datetime`,`remark`,`company_code`,`system_code`) VALUES ('tencent_im','tx_account_type','19287','admin',now(),'账号类型','CD-COIN000017','CD-COIN000017');

INSERT INTO `tsys_config` (`type`,`ckey`,`cvalue`,`updater`,`update_datetime`,`remark`,`company_code`,`system_code`) VALUES ('sys_txt','about_us','<p>關於可盈可樂</p><p>可盈可樂是個人與個人之間交易比特幣的場外交易平台。</p><p>可盈可樂隸屬於香港CoinCola Limited,由專業的國際化團隊研發與運營，專注於為全球用戶提供便捷,可依賴的區塊鏈服務。 CoinCola匯聚全球用戶，致力於打造世界級的區塊鏈資產平台。</p><p>在可盈可樂，來自不同國家的人們可以用本國貨幣購買到比特幣。網站的賣家發佈出售比特幣的廣告，並說明付款方式和匯率。您可根據廣告內容選擇直接在線交易。比特幣都存放在可盈可樂的網絡錢包裡，您可以直接進行比特幣轉賬。</p><p>CoinCola，是一個自由買賣安全可信賴的OTC交易平台。我們希望人們交易和使用比特幣變得更加簡單。越來越多的人更願意通過場外交易方式購買和出售比特幣，因為這種方式更加快速，而且支持各種不同的付款方式。實時競價的比特幣交易所往往比較慢且麻煩。因此，我們讓使用相同付款方式的人們建立聯繫進行交易會加快資金轉移速度。</p><p>&nbsp;</p><p>為什麼選擇可盈可樂</p><p>快速買賣</p><p>CoinCola是一個不涉及第三方的P2P交易平台，交易過程方便快捷。</p><p>安全可靠</p><p>冷存儲、SSL、多重加密等銀行級別安全技術，十年金融安全經驗的安全團隊。</p><p>及時掌控</p><p>WEB、APP行情及時掌握，交易隨時隨地。</p><p>·&nbsp;&nbsp;&nbsp;&nbsp;&nbsp;&nbsp;\r\n更簡單易懂的產品設計，幫助您快速和簡單地進行比特幣交易。&nbsp;</p><p>·&nbsp;&nbsp;&nbsp;&nbsp;&nbsp;&nbsp;\r\n我們安全的託管保護系統可以同時保護買家和賣家。&nbsp;</p><p>·&nbsp;&nbsp;&nbsp;&nbsp;&nbsp;&nbsp;\r\n強大的搜索功能可以幫助您找到合適的交易者。&nbsp;</p><p>·&nbsp;&nbsp;&nbsp;&nbsp;&nbsp;&nbsp;\r\n冷存儲、SSL、多重加密等銀行級別安全技術，保障您的比特幣安全存儲。&nbsp;</p><p>&nbsp;</p><h1>使用CoinCola產品的相關費用說明</h1><p>註冊CoinCola是完全免費的，而且您將獲得一個免費的在線比特幣錢包。不需要安裝任何應用即可使用。&nbsp;\r\n從CoinCola市場上購買和出售比特幣完全免費。&nbsp;\r\n發布交易廣告的CoinCola用戶每筆完成的交易需要繳納&nbsp;0.7%&nbsp;的費用。&nbsp;\r\n與其他CoinCola用戶的錢包進行轉賬交易免費。&nbsp;\r\n與其他比特幣錢包進行交易需要繳納比特幣網絡轉賬費。費用多少會根據比特幣區塊鏈當前的使用率有所變化，我們會根據當前網絡阻塞情況自動調整此費用，以確保您的交易能夠盡快得到確認。您發送交易後，交易費將從您的CoinCola錢包中扣除。&nbsp;\r\n當前與其他比特幣錢包之間的網絡手續費約為&nbsp;0.0009&nbsp;BTC。網絡手續費按筆計。&nbsp;</p><p>&nbsp;</p><p>成為我們的合作夥伴</p><p>可盈可樂正在尋求同樣希望看到比特幣經濟增長的合作夥伴。</p><p>您也看好比特幣嗎？可盈可樂一直在尋找願意把比特幣發展到一個新的水平的加盟者和合作夥伴。無論您在哪裡，都歡迎您加入我們。</p><p>·\r\n擁有比特幣或進行比特幣交易？&nbsp;<a href=\"https://www.coincola.com/new-ad\">創建</a>一個出售或者購買比特幣的廣告，大額交易可以與客服團隊聯繫合作優惠。聯繫方式:&nbsp;<a href=\"mailto:contact@coincola.com\">contact@coincola.com</a></p><p>·\r\n<a href=\"https://www.coincola.com/activities/invite\">成為CoinCola的會員</a>可以從每一個您新帶來網站的訪問者中掙得比特幣。</p><p>&nbsp;</p><p><br></p>','admin',now(),'关于我们','CD-COIN000017','CD-COIN000017');
INSERT INTO `tsys_config` (`type`,`ckey`,`cvalue`,`updater`,`update_datetime`,`remark`,`company_code`,`system_code`) VALUES ('sys_txt','telephone','0571-89000000','admin',now(),'服务热线','CD-COIN000017','CD-COIN000017');
INSERT INTO `tsys_config` (`type`,`ckey`,`cvalue`,`updater`,`update_datetime`,`remark`,`company_code`,`system_code`) VALUES ('sys_txt','time','09:00:00 - 17:30:00','admin',now(),'服务时间','CD-COIN000017','CD-COIN000017');
INSERT INTO `tsys_config` (`type`,`ckey`,`cvalue`,`updater`,`update_datetime`,`remark`,`company_code`,`system_code`) VALUES ('sys_txt','questions','<p>為什麼我的比特幣價格和交易廣告中的不同？</p><p>目前發布的廣告的價格是基於各大知名實時交易所的價格均衡算出的一種價格，可以大概反映出市場價，這個價格是會不斷被更新的，以便讓您的廣告保持趨於合理的範圍內。</p><p>我不慎標記付款為完成，但沒有支付</p><p>如果您沒有完成支付，請取消交易並在您準備好支付後發起一個新的交易請求。標記付款為完成的交易將導致比特幣被鎖定在託管中賣家無法出售它們。&nbsp;\r\n未付款卻不慎標記付款為完成，且不主動取消購買，將導致您的用戶帳戶得到負面的評價。 CoinCola會對此類行為的賬戶進行限製或關閉。&nbsp;</p><p>我不知道該如何支付，而且我也看不懂有關付款的說明</p><p>一般賣家會設置詳細的付款信息。有時賣家只會披露部分信息，例如接收方銀行帳戶名稱等，更詳細的信息需要下單之後賣家才會提供。如果您不知道如何按照給定信息支付，請聯繫賣家溝通以獲得進一步的指示。</p><p>我已付款，但没有按下標記“已完成付款”按鈕</p><p>如果您把錢付給了賣家，一定記得在付款期限內標記已付款。</p><p>&nbsp;</p><p>如果沒有在付款期限內標記付款為已完成， 您可以使用聊天框聯繫賣家重新開啟交易。、\r\n重新開啟的交易將再次得到託管的保護，直到賣家確認您的付款已經到達他的賬戶。</p><p>我已經下單，但無法在給定的時間期限內支付</p><p>請取消交易或留言給賣家，說明您無法及時付款。賣家可以在您準備好付款以後重新開啟交易。</p><p>&nbsp;</p><p><br></p>','admin',now(),'常见问题','CD-COIN000017','CD-COIN000017');
INSERT INTO `tsys_config` (`type`,`ckey`,`cvalue`,`updater`,`update_datetime`,`remark`,`company_code`,`system_code`) VALUES ('sys_txt','service','联系客服','admin',now(),'联系客服','CD-COIN000017','CD-COIN000017');
INSERT INTO `tsys_config` (`type`,`ckey`,`cvalue`,`updater`,`update_datetime`,`remark`,`company_code`,`system_code`) VALUES ('sys_txt','reg_protocol','注册协议','admin',now(),'注册协议','CD-COIN000017','CD-COIN000017');
INSERT INTO `tsys_config` (`type`,`ckey`,`cvalue`,`updater`,`update_datetime`,`remark`,`company_code`,`system_code`) VALUES ('sys_txt','trade_remind','1.交易前请详细了解卖家的交易信息\r\n2.请通过平台进行沟通约定，并保存好相关聊天记录\r\n3.如遇到交易纠纷，请通过平台“帮助”解决问题\r\n','admin',now(),'交易提醒','CD-COIN000017','CD-COIN000017');
INSERT INTO `tsys_config` (`type`,`ckey`,`cvalue`,`updater`,`update_datetime`,`remark`,`company_code`,`system_code`) VALUES ('sys_txt','activity_rule','1.分享好友，并通过链接注册成功；\r\n2.注册之后每一笔成功交易，您都将获得一笔提成，金额为交易手续费的0.1%\r\n3.贝可盈保留对活动的解释权。\r\n','admin',now(),'活动规则','CD-COIN000017','CD-COIN000017');
INSERT INTO `tsys_config` (`type`,`ckey`,`cvalue`,`updater`,`update_datetime`,`remark`,`company_code`,`system_code`) VALUES ('sys_txt','reg_url','http://bcoin.hichengdai.com','admin',now(),'注册链接','CD-COIN000017','CD-COIN000017');

INSERT INTO `tsys_config` (`type`,`ckey`,`cvalue`,`updater`,`update_datetime`,`remark`,`company_code`,`system_code`) VALUES ('collection_rule','collection_limit','1','admin',now(),'当账户达到该数量时进行自动归集','CD-COIN000017','CD-COIN000017');
INSERT INTO `tsys_config` (`type`,`ckey`,`cvalue`,`updater`,`update_datetime`,`remark`,`company_code`,`system_code`) VALUES ('withdraw_rule','withdraw_fee','0.01','admin',now(),'取现手续费','CD-COIN000017','CD-COIN000017');
INSERT INTO `tsys_config` (`type`,`ckey`,`cvalue`,`updater`,`update_datetime`,`remark`,`company_code`,`system_code`) VALUES ('trade_rule','trade_fee_rate','0.01','admin',now(),'交易手续费率','CD-COIN000017','CD-COIN000017');

INSERT INTO `tsys_config` (`type`,`ckey`,`cvalue`,`updater`,`update_datetime`,`remark`,`company_code`,`system_code`) VALUES ('fen_cheng_rule','fen_cheng_fee','0.001','admin',now(),'推荐分成比例','CD-COIN000017','CD-COIN000017');
INSERT INTO `tsys_config` (`type`,`ckey`,`cvalue`,`updater`,`update_datetime`,`remark`,`company_code`,`system_code`) VALUES ('coin_price_x','eth_coin_price_x','10','admin',now(),'eth价格计算x','CD-COIN000017','CD-COIN000017');
INSERT INTO `tsys_config` (`type`,`ckey`,`cvalue`,`updater`,`update_datetime`,`remark`,`company_code`,`system_code`) VALUES ('fen_cheng_rule','agent_fen_cheng_fee','0.001','admin',now(),'代理人推荐分成比例','CD-COIN000017','CD-COIN000017');

INSERT INTO `tsys_config` (`type`,`ckey`,`cvalue`,`updater`,`update_datetime`,`remark`,`company_code`,`system_code`) VALUES ('buy_ads_hint','premiumRate','基于市场价的溢出比例，市场价是根据部分大型交易所实时价格得出的，确保您的报价趋于一个相对合理的范围，比如当前价格为8000，溢价比例为10%，那么价格为8800。','admin',now(),'买币溢价率说明','CD-COIN000017','CD-COIN000017');
INSERT INTO `tsys_config` (`type`,`ckey`,`cvalue`,`updater`,`update_datetime`,`remark`,`company_code`,`system_code`) VALUES ('buy_ads_hint','price','基于比例得出的报价，每10分钟更新一次。','admin',now(),'买币价格说明','CD-COIN000017','CD-COIN000017');
INSERT INTO `tsys_config` (`type`,`ckey`,`cvalue`,`updater`,`update_datetime`,`remark`,`company_code`,`system_code`) VALUES ('buy_ads_hint','minTrade','一次交易最低的交易限制','admin',now(),'买币最小交易额说明','CD-COIN000017','CD-COIN000017');
INSERT INTO `tsys_config` (`type`,`ckey`,`cvalue`,`updater`,`update_datetime`,`remark`,`company_code`,`system_code`) VALUES ('buy_ads_hint','maxTrade','一次交易中的最大交易限制，您的钱包余额也会影响最大量的设置。','admin',now(),'买币最大交易额说明','CD-COIN000017','CD-COIN000017');
INSERT INTO `tsys_config` (`type`,`ckey`,`cvalue`,`updater`,`update_datetime`,`remark`,`company_code`,`system_code`) VALUES ('buy_ads_hint','payType','您需指定最有效的付款方式，帮助对方更快的与你达成交易。','admin',now(),'买币支付方式说明','CD-COIN000017','CD-COIN000017');
INSERT INTO `tsys_config` (`type`,`ckey`,`cvalue`,`updater`,`update_datetime`,`remark`,`company_code`,`system_code`) VALUES ('buy_ads_hint','payLimit','您希望对方在此期限内付款。','admin',now(),'买币付款期限说明','CD-COIN000017','CD-COIN000017');
INSERT INTO `tsys_config` (`type`,`ckey`,`cvalue`,`updater`,`update_datetime`,`remark`,`company_code`,`system_code`) VALUES ('buy_ads_hint','totalCount','广告想要购买的数字货币的总量。','admin',now(),'买币交易总量说明','CD-COIN000017','CD-COIN000017');
INSERT INTO `tsys_config` (`type`,`ckey`,`cvalue`,`updater`,`update_datetime`,`remark`,`company_code`,`system_code`) VALUES ('buy_ads_hint','protectPrice','广告最高可成交的价格，可帮助您在价格剧烈波动时保持稳定的盈利，比如最高为5000时，市场价高于5000以下时，您的广告依旧以5000的价格展示。','admin',now(),'买币保护价说明','CD-COIN000017','CD-COIN000017');
INSERT INTO `tsys_config` (`type`,`ckey`,`cvalue`,`updater`,`update_datetime`,`remark`,`company_code`,`system_code`) VALUES ('buy_ads_hint','displayTime','您希望广告自动显示和隐藏的天数和小时数。','admin',now(),'广告展示时间','CD-COIN000017','CD-COIN000017');
INSERT INTO `tsys_config` (`type`,`ckey`,`cvalue`,`updater`,`update_datetime`,`remark`,`company_code`,`system_code`) VALUES ('buy_ads_hint','trust','开启后，仅限与自己信任的用户与本广告交易','admin',now(),'仅限受信任的交易者','CD-COIN000017','CD-COIN000017');

INSERT INTO `tsys_config` (`type`,`ckey`,`cvalue`,`updater`,`update_datetime`,`remark`,`company_code`,`system_code`) VALUES ('sell_ads_hint','premiumRate','基于市场价的溢出比例，市场价是根据部分大型交易所实时价格得出的，确保您的报价趋于一个相对合理的范围，比如当前价格为8000，溢价比例为10%，那么价格为8800。','admin',now(),'卖币溢价率说明','CD-COIN000017','CD-COIN000017');
INSERT INTO `tsys_config` (`type`,`ckey`,`cvalue`,`updater`,`update_datetime`,`remark`,`company_code`,`system_code`) VALUES ('sell_ads_hint','price','基于比例得出的报价，每10分钟更新一次。','admin',now(),'卖币价格说明','CD-COIN000017','CD-COIN000017');
INSERT INTO `tsys_config` (`type`,`ckey`,`cvalue`,`updater`,`update_datetime`,`remark`,`company_code`,`system_code`) VALUES ('sell_ads_hint','minTrade','一次交易最低的交易限制','admin',now(),'卖币最小交易说明','CD-COIN000017','CD-COIN000017');
INSERT INTO `tsys_config` (`type`,`ckey`,`cvalue`,`updater`,`update_datetime`,`remark`,`company_code`,`system_code`) VALUES ('sell_ads_hint','maxTrade','一次交易中的最大交易限制，您的钱包余额也会影响最大量的设置。','admin',now(),'卖币最大交易说明','CD-COIN000017','CD-COIN000017');
INSERT INTO `tsys_config` (`type`,`ckey`,`cvalue`,`updater`,`update_datetime`,`remark`,`company_code`,`system_code`) VALUES ('sell_ads_hint','payType','您需指定最有效的付款方式，帮助对方更快的与你达成交易。','admin',now(),'卖币支付方式说明','CD-COIN000017','CD-COIN000017');
INSERT INTO `tsys_config` (`type`,`ckey`,`cvalue`,`updater`,`update_datetime`,`remark`,`company_code`,`system_code`) VALUES ('sell_ads_hint','payLimit','您希望对方在此期限内付款。','admin',now(),'卖币支付超时说明','CD-COIN000017','CD-COIN000017');
INSERT INTO `tsys_config` (`type`,`ckey`,`cvalue`,`updater`,`update_datetime`,`remark`,`company_code`,`system_code`) VALUES ('sell_ads_hint','totalCount','您想出售的货币数量，发布的时候会被冻结。','admin',now(),'卖币总额说明','CD-COIN000017','CD-COIN000017');
INSERT INTO `tsys_config` (`type`,`ckey`,`cvalue`,`updater`,`update_datetime`,`remark`,`company_code`,`system_code`) VALUES ('sell_ads_hint','protectPrice','广告最低可成交的价格，可帮助您在价格剧烈波动时保持稳定的盈利，比如最低为5000时，市场价处于5000以下时，您的广告依旧以5000的价格展示。','admin',now(),'卖币最低价格说明','CD-COIN000017','CD-COIN000017');
INSERT INTO `tsys_config` (`type`,`ckey`,`cvalue`,`updater`,`update_datetime`,`remark`,`company_code`,`system_code`) VALUES ('sell_ads_hint','displayTime','您希望广告自动显示和隐藏的天数和小时数。','admin',now(),'广告展示时间','CD-COIN000017','CD-COIN000017');
INSERT INTO `tsys_config` (`type`,`ckey`,`cvalue`,`updater`,`update_datetime`,`remark`,`company_code`,`system_code`) VALUES ('sell_ads_hint','trust','开启后，仅限与自己信任的用户与本广告交易','admin',now(),'仅限受信任的交易者','CD-COIN000017','CD-COIN000017');

INSERT INTO `tsys_config` (`type`,`ckey`,`cvalue`,`updater`,`update_datetime`,`remark`,`company_code`,`system_code`) VALUES ('android-c','version','1.1.0','admin',now(),'最新版本号','CD-COIN000017','CD-COIN000017');
INSERT INTO `tsys_config` (`type`,`ckey`,`cvalue`,`updater`,`update_datetime`,`remark`,`company_code`,`system_code`) VALUES ('android-c','forceUpdate','0','admin',now(),'是否强制更新','CD-COIN000017','CD-COIN000017');
INSERT INTO `tsys_config` (`type`,`ckey`,`cvalue`,`updater`,`update_datetime`,`remark`,`company_code`,`system_code`) VALUES ('android-c','note','v110版本更新说明','admin',now(),'更新说明','CD-COIN000017','CD-COIN000017');
INSERT INTO `tsys_config` (`type`,`ckey`,`cvalue`,`updater`,`update_datetime`,`remark`,`company_code`,`system_code`) VALUES ('android-c','downloadUrl','http://apk.bcoin.im/v110/app-release.apk','admin',now(),'Android下载地址','CD-COIN000017','CD-COIN000017');
INSERT INTO `tsys_config` (`type`,`ckey`,`cvalue`,`updater`,`update_datetime`,`remark`,`company_code`,`system_code`) VALUES ('ios-c','version','1.1.0','admin',now(),'最新版本号','CD-COIN000017','CD-COIN000017');
INSERT INTO `tsys_config` (`type`,`ckey`,`cvalue`,`updater`,`update_datetime`,`remark`,`company_code`,`system_code`) VALUES ('ios-c','forceUpdate','0','admin',now(),'是否强制更新','CD-COIN000017','CD-COIN000017');
INSERT INTO `tsys_config` (`type`,`ckey`,`cvalue`,`updater`,`update_datetime`,`remark`,`company_code`,`system_code`) VALUES ('ios-c','note','v110版本更新说明','admin',now(),'更新说明','CD-COIN000017','CD-COIN000017');
INSERT INTO `tsys_config` (`type`,`ckey`,`cvalue`,`updater`,`update_datetime`,`remark`,`company_code`,`system_code`) VALUES ('ios-c','downloadUrl','https://itunes.apple.com/us/app/%E5%80%8D%E5%8F%AF%E7%9B%88/id1321457016?l=zh&ls=1&mt=8','admin',now(),'iOS下载地址','CD-COIN000017','CD-COIN000017');

INSERT INTO `tsys_dict` (`type`,`parent_key`,`dkey`,`dvalue`,`updater`,`update_datetime`,`remark`,`company_code`,`system_code`) VALUES ('0',NULL,'user_status','用户状态','admin',now(),NULL,'CD-COIN000017','CD-COIN000017');
INSERT INTO `tsys_dict` (`type`,`parent_key`,`dkey`,`dvalue`,`updater`,`update_datetime`,`remark`,`company_code`,`system_code`) VALUES ('1','user_status','0','正常','admin',now(),NULL,'CD-COIN000017','CD-COIN000017');
INSERT INTO `tsys_dict` (`type`,`parent_key`,`dkey`,`dvalue`,`updater`,`update_datetime`,`remark`,`company_code`,`system_code`) VALUES ('1','user_status','1','程序锁定','admin',now(),NULL,'CD-COIN000017','CD-COIN000017');
INSERT INTO `tsys_dict` (`type`,`parent_key`,`dkey`,`dvalue`,`updater`,`update_datetime`,`remark`,`company_code`,`system_code`) VALUES ('1','user_status','2','人工锁定','admin',now(),NULL,'CD-COIN000017','CD-COIN000017');

INSERT INTO `tsys_dict` (`type`,`parent_key`,`dkey`,`dvalue`,`updater`,`update_datetime`,`remark`,`company_code`,`system_code`) VALUES ('0',NULL,'id_kind','证件类型','admin',now(),NULL,'CD-COIN000017','CD-COIN000017');
INSERT INTO `tsys_dict` (`type`,`parent_key`,`dkey`,`dvalue`,`updater`,`update_datetime`,`remark`,`company_code`,`system_code`) VALUES ('1','id_kind','1','身份证','admin',now(),NULL,'CD-COIN000017','CD-COIN000017');

INSERT INTO `tsys_dict` (`type`,`parent_key`,`dkey`,`dvalue`,`updater`,`update_datetime`,`remark`,`company_code`,`system_code`) VALUES ('0',NULL,'role_level','角色等级','admin',now(),NULL,'CD-COIN000017','CD-COIN000017');
INSERT INTO `tsys_dict` (`type`,`parent_key`,`dkey`,`dvalue`,`updater`,`update_datetime`,`remark`,`company_code`,`system_code`) VALUES ('1','role_level','1','运维','admin',now(),NULL,'CD-COIN000017','CD-COIN000017');
INSERT INTO `tsys_dict` (`type`,`parent_key`,`dkey`,`dvalue`,`updater`,`update_datetime`,`remark`,`company_code`,`system_code`) VALUES ('1','role_level','2','运营','admin',now(),NULL,'CD-COIN000017','CD-COIN000017');
INSERT INTO `tsys_dict` (`type`,`parent_key`,`dkey`,`dvalue`,`updater`,`update_datetime`,`remark`,`company_code`,`system_code`) VALUES ('1','role_level','3','客户','admin',now(),NULL,'CD-COIN000017','CD-COIN000017');

INSERT INTO `tsys_dict` (`type`,`parent_key`,`dkey`,`dvalue`,`updater`,`update_datetime`,`remark`,`company_code`,`system_code`) VALUES ('0',NULL,'res_type','资源类型','admin',now(),NULL,'CD-COIN000017','CD-COIN000017');
INSERT INTO `tsys_dict` (`type`,`parent_key`,`dkey`,`dvalue`,`updater`,`update_datetime`,`remark`,`company_code`,`system_code`) VALUES ('1','res_type','1','菜单','admin',now(),NULL,'CD-COIN000017','CD-COIN000017');
INSERT INTO `tsys_dict` (`type`,`parent_key`,`dkey`,`dvalue`,`updater`,`update_datetime`,`remark`,`company_code`,`system_code`) VALUES ('1','res_type','2','按钮','admin',now(),NULL,'CD-COIN000017','CD-COIN000017');

INSERT INTO `tsys_dict` (`type`,`parent_key`,`dkey`,`dvalue`,`updater`,`update_datetime`,`remark`,`company_code`,`system_code`) VALUES ('0',NULL,'user_level','用户等级','admin',now(),NULL,'CD-COIN000017','CD-COIN000017');
INSERT INTO `tsys_dict` (`type`,`parent_key`,`dkey`,`dvalue`,`updater`,`update_datetime`,`remark`,`company_code`,`system_code`) VALUES ('1','user_level','1','普通交易者','admin',now(),NULL,'CD-COIN000017','CD-COIN000017');
INSERT INTO `tsys_dict` (`type`,`parent_key`,`dkey`,`dvalue`,`updater`,`update_datetime`,`remark`,`company_code`,`system_code`) VALUES ('1','user_level','2','代理人','admin',now(),NULL,'CD-COIN000017','CD-COIN000017');

INSERT INTO `tsys_dict` (`type`,`parent_key`,`dkey`,`dvalue`,`updater`,`update_datetime`,`remark`,`company_code`,`system_code`) VALUES ('0',NULL,'lock_direction','锁定方向','admin',now(),NULL,'CD-COIN000017','CD-COIN000017');
INSERT INTO `tsys_dict` (`type`,`parent_key`,`dkey`,`dvalue`,`updater`,`update_datetime`,`remark`,`company_code`,`system_code`) VALUES ('1','lock_direction','1','锁定','admin',now(),NULL,'CD-COIN000017','CD-COIN000017');
INSERT INTO `tsys_dict` (`type`,`parent_key`,`dkey`,`dvalue`,`updater`,`update_datetime`,`remark`,`company_code`,`system_code`) VALUES ('1','lock_direction','2','解锁','admin',now(),NULL,'CD-COIN000017','CD-COIN000017');

INSERT INTO `tsys_dict` (`type`,`parent_key`,`dkey`,`dvalue`,`updater`,`update_datetime`,`remark`,`company_code`,`system_code`) VALUES ('0',NULL,'user_kind','针对人群','admin',now(),NULL,'CD-COIN000017','CD-COIN000017');
INSERT INTO `tsys_dict` (`type`,`parent_key`,`dkey`,`dvalue`,`updater`,`update_datetime`,`remark`,`company_code`,`system_code`) VALUES ('1','user_kind','C','C端用户','admin',now(),NULL,'CD-COIN000017','CD-COIN000017');

INSERT INTO `tsys_dict` (`type`,`parent_key`,`dkey`,`dvalue`,`updater`,`update_datetime`,`remark`,`company_code`,`system_code`) VALUES ('0',NULL,'notice_status','公告状态','admin',now(),NULL,'CD-COIN000017','CD-COIN000017');
INSERT INTO `tsys_dict` (`type`,`parent_key`,`dkey`,`dvalue`,`updater`,`update_datetime`,`remark`,`company_code`,`system_code`) VALUES ('1','notice_status','0','未发布','admin',now(),NULL,'CD-COIN000017','CD-COIN000017');
INSERT INTO `tsys_dict` (`type`,`parent_key`,`dkey`,`dvalue`,`updater`,`update_datetime`,`remark`,`company_code`,`system_code`) VALUES ('1','notice_status','1','已发布','admin',now(),NULL,'CD-COIN000017','CD-COIN000017');
INSERT INTO `tsys_dict` (`type`,`parent_key`,`dkey`,`dvalue`,`updater`,`update_datetime`,`remark`,`company_code`,`system_code`) VALUES ('1','notice_status','2','已下架','admin',now(),NULL,'CD-COIN000017','CD-COIN000017');

INSERT INTO `tsys_dict` (`type`,`parent_key`,`dkey`,`dvalue`,`updater`,`update_datetime`,`remark`,`company_code`,`system_code`) VALUES ('0','','banner_location','banner位置','admin',now(),NULL,'CD-COIN000017','CD-COIN000017');
INSERT INTO `tsys_dict` (`type`,`parent_key`,`dkey`,`dvalue`,`updater`,`update_datetime`,`remark`,`company_code`,`system_code`) VALUES ('1','banner_location','trade','交易首页','admin',now(),NULL,'CD-COIN000017','CD-COIN000017');
INSERT INTO `tsys_dict` (`type`,`parent_key`,`dkey`,`dvalue`,`updater`,`update_datetime`,`remark`,`company_code`,`system_code`) VALUES ('1','banner_location','market','行情首页','admin',now(),NULL,'CD-COIN000017','CD-COIN000017');
INSERT INTO `tsys_dict` (`type`,`parent_key`,`dkey`,`dvalue`,`updater`,`update_datetime`,`remark`,`company_code`,`system_code`) VALUES ('1','banner_location','activity','邀请好友','admin',now(),NULL,'CD-COIN000017','CD-COIN000017');

INSERT INTO `tsys_dict` (`type`,`parent_key`,`dkey`,`dvalue`,`updater`,`update_datetime`,`remark`,`company_code`,`system_code`) VALUES ('0',NULL,'currency','货币','admin',now(),'','CD-COIN000017','CD-COIN000017');
INSERT INTO `tsys_dict` (`type`,`parent_key`,`dkey`,`dvalue`,`updater`,`update_datetime`,`remark`,`company_code`,`system_code`) VALUES ('1','currency','CNY','人民币','admin',now(),'','CD-COIN000017','CD-COIN000017');
INSERT INTO `tsys_dict` (`type`,`parent_key`,`dkey`,`dvalue`,`updater`,`update_datetime`,`remark`,`company_code`,`system_code`) VALUES ('1','currency','USD','美元','admin',now(),'','CD-COIN000017','CD-COIN000017');
INSERT INTO `tsys_dict` (`type`,`parent_key`,`dkey`,`dvalue`,`updater`,`update_datetime`,`remark`,`company_code`,`system_code`) VALUES ('1','currency','HKD','港币','admin',now(),'','CD-COIN000017','CD-COIN000017');

INSERT INTO `tsys_dict` (`type`,`parent_key`,`dkey`,`dvalue`,`updater`,`update_datetime`,`remark`,`company_code`,`system_code`) VALUES ('0',NULL,'coin','货币','admin',now(),'','CD-COIN000017','CD-COIN000017');
INSERT INTO `tsys_dict` (`type`,`parent_key`,`dkey`,`dvalue`,`updater`,`update_datetime`,`remark`,`company_code`,`system_code`) VALUES ('1','coin','BTC','比特币','admin',now(),'','CD-COIN000017','CD-COIN000017');
INSERT INTO `tsys_dict` (`type`,`parent_key`,`dkey`,`dvalue`,`updater`,`update_datetime`,`remark`,`company_code`,`system_code`) VALUES ('1','coin','ETH','以太币','admin',now(),'','CD-COIN000017','CD-COIN000017');

INSERT INTO `tsys_dict` (`type`,`parent_key`,`dkey`,`dvalue`,`updater`,`update_datetime`,`remark`,`company_code`,`system_code`) VALUES ('0',NULL,'account_type','账户类型','admin',now(),'','CD-COIN000017','CD-COIN000017');
INSERT INTO `tsys_dict` (`type`,`parent_key`,`dkey`,`dvalue`,`updater`,`update_datetime`,`remark`,`company_code`,`system_code`) VALUES ('1','account_type','C','C端用户','admin',now(),'','CD-COIN000017','CD-COIN000017');
INSERT INTO `tsys_dict` (`type`,`parent_key`,`dkey`,`dvalue`,`updater`,`update_datetime`,`remark`,`company_code`,`system_code`) VALUES ('1','account_type','P','平台用户','admin',now(),'','CD-COIN000017','CD-COIN000017');

INSERT INTO `tsys_dict` (`type`,`parent_key`,`dkey`,`dvalue`,`updater`,`update_datetime`,`remark`,`company_code`,`system_code`) VALUES ('0',NULL,'account_status','账户状态','admin',now(),'','CD-COIN000017','CD-COIN000017');
INSERT INTO `tsys_dict` (`type`,`parent_key`,`dkey`,`dvalue`,`updater`,`update_datetime`,`remark`,`company_code`,`system_code`) VALUES ('1','account_status','0','正常','admin',now(),'','CD-COIN000017','CD-COIN000017');
INSERT INTO `tsys_dict` (`type`,`parent_key`,`dkey`,`dvalue`,`updater`,`update_datetime`,`remark`,`company_code`,`system_code`) VALUES ('1','account_status','1','程序锁定','admin',now(),'','CD-COIN000017','CD-COIN000017');
INSERT INTO `tsys_dict` (`type`,`parent_key`,`dkey`,`dvalue`,`updater`,`update_datetime`,`remark`,`company_code`,`system_code`) VALUES ('1','account_status','2','人工锁定','admin',now(),'','CD-COIN000017','CD-COIN000017');

INSERT INTO `tsys_dict` (`type`,`parent_key`,`dkey`,`dvalue`,`updater`,`update_datetime`,`remark`,`company_code`,`system_code`) VALUES ('0',NULL,'jour_status','流水状态','admin',now(),'','CD-COIN000017','CD-COIN000017');
INSERT INTO `tsys_dict` (`type`,`parent_key`,`dkey`,`dvalue`,`updater`,`update_datetime`,`remark`,`company_code`,`system_code`) VALUES ('1','jour_status','1','待对账','admin',now(),'','CD-COIN000017','CD-COIN000017');
INSERT INTO `tsys_dict` (`type`,`parent_key`,`dkey`,`dvalue`,`updater`,`update_datetime`,`remark`,`company_code`,`system_code`) VALUES ('1','jour_status','3','已对账且账已平','admin',now(),'','CD-COIN000017','CD-COIN000017');
INSERT INTO `tsys_dict` (`type`,`parent_key`,`dkey`,`dvalue`,`updater`,`update_datetime`,`remark`,`company_code`,`system_code`) VALUES ('1','jour_status','4','帐不平待调账审批','admin',now(),'','CD-COIN000017','CD-COIN000017');
INSERT INTO `tsys_dict` (`type`,`parent_key`,`dkey`,`dvalue`,`updater`,`update_datetime`,`remark`,`company_code`,`system_code`) VALUES ('1','jour_status','5','已对账且账不平','admin',now(),'','CD-COIN000017','CD-COIN000017');
INSERT INTO `tsys_dict` (`type`,`parent_key`,`dkey`,`dvalue`,`updater`,`update_datetime`,`remark`,`company_code`,`system_code`) VALUES ('1','jour_status','6','无需对账','admin',now(),'','CD-COIN000017','CD-COIN000017');

INSERT INTO `tsys_dict` (`type`,`parent_key`,`dkey`,`dvalue`,`updater`,`update_datetime`,`remark`,`company_code`,`system_code`) VALUES ('0',NULL,'channel_type','渠道类型','admin',now(),'','CD-COIN000017','CD-COIN000017');
INSERT INTO `tsys_dict` (`type`,`parent_key`,`dkey`,`dvalue`,`updater`,`update_datetime`,`remark`,`company_code`,`system_code`) VALUES ('1','channel_type','ETH','以太坊','admin',now(),'','CD-COIN000017','CD-COIN000017');
INSERT INTO `tsys_dict` (`type`,`parent_key`,`dkey`,`dvalue`,`updater`,`update_datetime`,`remark`,`company_code`,`system_code`) VALUES ('1','channel_type','0','内部账','admin',now(),'','CD-COIN000017','CD-COIN000017');
INSERT INTO `tsys_dict` (`type`,`parent_key`,`dkey`,`dvalue`,`updater`,`update_datetime`,`remark`,`company_code`,`system_code`) VALUES ('1','channel_type','90','人工线下','admin',now(),'','CD-COIN000017','CD-COIN000017');

INSERT INTO `tsys_dict` (`type`,`parent_key`,`dkey`,`dvalue`,`updater`,`update_datetime`,`remark`,`company_code`,`system_code`) VALUES ('0',NULL,'jour_biz_type_user','用户流水业务类型','admin',now(),'','CD-COIN000017','CD-COIN000017');
INSERT INTO `tsys_dict` (`type`,`parent_key`,`dkey`,`dvalue`,`updater`,`update_datetime`,`remark`,`company_code`,`system_code`) VALUES ('1','jour_biz_type_user','charge','充值','admin',now(),'','CD-COIN000017','CD-COIN000017');
INSERT INTO `tsys_dict` (`type`,`parent_key`,`dkey`,`dvalue`,`updater`,`update_datetime`,`remark`,`company_code`,`system_code`) VALUES ('1','jour_biz_type_user','withdraw','取现','admin',now(),'','CD-COIN000017','CD-COIN000017');
INSERT INTO `tsys_dict` (`type`,`parent_key`,`dkey`,`dvalue`,`updater`,`update_datetime`,`remark`,`company_code`,`system_code`) VALUES ('1','jour_biz_type_user','buy','交易买入','admin',now(),'','CD-COIN000017','CD-COIN000017');
INSERT INTO `tsys_dict` (`type`,`parent_key`,`dkey`,`dvalue`,`updater`,`update_datetime`,`remark`,`company_code`,`system_code`) VALUES ('1','jour_biz_type_user','sell','交易卖出','admin',now(),'','CD-COIN000017','CD-COIN000017');
INSERT INTO `tsys_dict` (`type`,`parent_key`,`dkey`,`dvalue`,`updater`,`update_datetime`,`remark`,`company_code`,`system_code`) VALUES ('1','jour_biz_type_user','tradefee','交易手续费','admin',now(),'','CD-COIN000017','CD-COIN000017');
INSERT INTO `tsys_dict` (`type`,`parent_key`,`dkey`,`dvalue`,`updater`,`update_datetime`,`remark`,`company_code`,`system_code`) VALUES ('1','jour_biz_type_user','withdrawfee','取现手续费','admin',now(),'','CD-COIN000017','CD-COIN000017');
INSERT INTO `tsys_dict` (`type`,`parent_key`,`dkey`,`dvalue`,`updater`,`update_datetime`,`remark`,`company_code`,`system_code`) VALUES ('1','jour_biz_type_user','invite','推荐好友分成','admin',now(),'','CD-COIN000017','CD-COIN000017');
INSERT INTO `tsys_dict` (`type`,`parent_key`,`dkey`,`dvalue`,`updater`,`update_datetime`,`remark`,`company_code`,`system_code`) VALUES ('1','jour_biz_type_user','hc','红冲','admin',now(),'','CD-COIN000017','CD-COIN000017');
INSERT INTO `tsys_dict` (`type`,`parent_key`,`dkey`,`dvalue`,`updater`,`update_datetime`,`remark`,`company_code`,`system_code`) VALUES ('1','jour_biz_type_user','lb','蓝补','admin',now(),'','CD-COIN000017','CD-COIN000017');

INSERT INTO `tsys_dict` (`type`,`parent_key`,`dkey`,`dvalue`,`updater`,`update_datetime`,`remark`,`company_code`,`system_code`) VALUES ('0',NULL,'frezon_jour_biz_type_user','用户冻结流水业务类型','admin',now(),'','CD-COIN000017','CD-COIN000017');
INSERT INTO `tsys_dict` (`type`,`parent_key`,`dkey`,`dvalue`,`updater`,`update_datetime`,`remark`,`company_code`,`system_code`) VALUES ('1','frezon_jour_biz_type_user','withdrawfrozen','取现冻结','admin',now(),'','CD-COIN000017','CD-COIN000017');
INSERT INTO `tsys_dict` (`type`,`parent_key`,`dkey`,`dvalue`,`updater`,`update_datetime`,`remark`,`company_code`,`system_code`) VALUES ('1','frezon_jour_biz_type_user','withdrawunfrozen','取现解冻','admin',now(),'','CD-COIN000017','CD-COIN000017');
INSERT INTO `tsys_dict` (`type`,`parent_key`,`dkey`,`dvalue`,`updater`,`update_datetime`,`remark`,`company_code`,`system_code`) VALUES ('1','frezon_jour_biz_type_user','tradefrozen','交易冻结','admin',now(),'','CD-COIN000017','CD-COIN000017');
INSERT INTO `tsys_dict` (`type`,`parent_key`,`dkey`,`dvalue`,`updater`,`update_datetime`,`remark`,`company_code`,`system_code`) VALUES ('1','frezon_jour_biz_type_user','tradeunfrozen','交易解冻','admin',now(),'','CD-COIN000017','CD-COIN000017');

INSERT INTO `tsys_dict` (`type`,`parent_key`,`dkey`,`dvalue`,`updater`,`update_datetime`,`remark`,`company_code`,`system_code`) VALUES ('0',NULL,'jour_biz_type_cold','冷钱包流水业务类型','admin',now(),'','CD-COIN000017','CD-COIN000017');
INSERT INTO `tsys_dict` (`type`,`parent_key`,`dkey`,`dvalue`,`updater`,`update_datetime`,`remark`,`company_code`,`system_code`) VALUES ('1','jour_biz_type_cold','income','收入','admin',now(),'','CD-COIN000017','CD-COIN000017');
INSERT INTO `tsys_dict` (`type`,`parent_key`,`dkey`,`dvalue`,`updater`,`update_datetime`,`remark`,`company_code`,`system_code`) VALUES ('1','jour_biz_type_cold','pay','支出','admin',now(),'','CD-COIN000017','CD-COIN000017');
INSERT INTO `tsys_dict` (`type`,`parent_key`,`dkey`,`dvalue`,`updater`,`update_datetime`,`remark`,`company_code`,`system_code`) VALUES ('1','jour_biz_type_cold','hc','红冲','admin',now(),'','CD-COIN000017','CD-COIN000017');
INSERT INTO `tsys_dict` (`type`,`parent_key`,`dkey`,`dvalue`,`updater`,`update_datetime`,`remark`,`company_code`,`system_code`) VALUES ('1','jour_biz_type_cold','lb','蓝补','admin',now(),'','CD-COIN000017','CD-COIN000017');

INSERT INTO `tsys_dict` (`type`,`parent_key`,`dkey`,`dvalue`,`updater`,`update_datetime`,`remark`,`company_code`,`system_code`) VALUES ('0',NULL,'jour_biz_type_plat','盈亏账户流水业务类型','admin',now(),'','CD-COIN000017','CD-COIN000017');
INSERT INTO `tsys_dict` (`type`,`parent_key`,`dkey`,`dvalue`,`updater`,`update_datetime`,`remark`,`company_code`,`system_code`) VALUES ('1','jour_biz_type_plat','tradefee','交易手续费收入','admin',now(),'','CD-COIN000017','CD-COIN000017');
INSERT INTO `tsys_dict` (`type`,`parent_key`,`dkey`,`dvalue`,`updater`,`update_datetime`,`remark`,`company_code`,`system_code`) VALUES ('1','jour_biz_type_plat','withdrawfee','取现手续费收入','admin',now(),'','CD-COIN000017','CD-COIN000017');
INSERT INTO `tsys_dict` (`type`,`parent_key`,`dkey`,`dvalue`,`updater`,`update_datetime`,`remark`,`company_code`,`system_code`) VALUES ('1','jour_biz_type_plat','mfee','取现矿工费','admin',now(),'','CD-COIN000017','CD-COIN000017');
INSERT INTO `tsys_dict` (`type`,`parent_key`,`dkey`,`dvalue`,`updater`,`update_datetime`,`remark`,`company_code`,`system_code`) VALUES ('1','jour_biz_type_plat','wfee','归集矿工费','admin',now(),'','CD-COIN000017','CD-COIN000017');
INSERT INTO `tsys_dict` (`type`,`parent_key`,`dkey`,`dvalue`,`updater`,`update_datetime`,`remark`,`company_code`,`system_code`) VALUES ('1','jour_biz_type_plat','invite','推荐好友分成支出','admin',now(),'','CD-COIN000017','CD-COIN000017');
INSERT INTO `tsys_dict` (`type`,`parent_key`,`dkey`,`dvalue`,`updater`,`update_datetime`,`remark`,`company_code`,`system_code`) VALUES ('1','jour_biz_type_plat','hc','红冲','admin',now(),'','CD-COIN000017','CD-COIN000017');
INSERT INTO `tsys_dict` (`type`,`parent_key`,`dkey`,`dvalue`,`updater`,`update_datetime`,`remark`,`company_code`,`system_code`) VALUES ('1','jour_biz_type_plat','lb','蓝补','admin',now(),'','CD-COIN000017','CD-COIN000017');

INSERT INTO `tsys_dict` (`type`,`parent_key`,`dkey`,`dvalue`,`updater`,`update_datetime`,`remark`,`company_code`,`system_code`) VALUES ('0',NULL,'jour_biz_type','用户流水业务类型','admin',now(),'','CD-COIN000017','CD-COIN000017');
INSERT INTO `tsys_dict` (`type`,`parent_key`,`dkey`,`dvalue`,`updater`,`update_datetime`,`remark`,`company_code`,`system_code`) VALUES ('1','jour_biz_type','charge','充值','admin',now(),'','CD-COIN000017','CD-COIN000017');
INSERT INTO `tsys_dict` (`type`,`parent_key`,`dkey`,`dvalue`,`updater`,`update_datetime`,`remark`,`company_code`,`system_code`) VALUES ('1','jour_biz_type','withdraw','取现','admin',now(),'','CD-COIN000017','CD-COIN000017');
INSERT INTO `tsys_dict` (`type`,`parent_key`,`dkey`,`dvalue`,`updater`,`update_datetime`,`remark`,`company_code`,`system_code`) VALUES ('1','jour_biz_type','buy','交易买入','admin',now(),'','CD-COIN000017','CD-COIN000017');
INSERT INTO `tsys_dict` (`type`,`parent_key`,`dkey`,`dvalue`,`updater`,`update_datetime`,`remark`,`company_code`,`system_code`) VALUES ('1','jour_biz_type','sell','交易卖出','admin',now(),'','CD-COIN000017','CD-COIN000017');
INSERT INTO `tsys_dict` (`type`,`parent_key`,`dkey`,`dvalue`,`updater`,`update_datetime`,`remark`,`company_code`,`system_code`) VALUES ('1','jour_biz_type','tradefee','交易手续费','admin',now(),'','CD-COIN000017','CD-COIN000017');
INSERT INTO `tsys_dict` (`type`,`parent_key`,`dkey`,`dvalue`,`updater`,`update_datetime`,`remark`,`company_code`,`system_code`) VALUES ('1','jour_biz_type','withdrawfee','取现手续费','admin',now(),'','CD-COIN000017','CD-COIN000017');
INSERT INTO `tsys_dict` (`type`,`parent_key`,`dkey`,`dvalue`,`updater`,`update_datetime`,`remark`,`company_code`,`system_code`) VALUES ('1','jour_biz_type','invite','推荐好友分成','admin',now(),'','CD-COIN000017','CD-COIN000017');
INSERT INTO `tsys_dict` (`type`,`parent_key`,`dkey`,`dvalue`,`updater`,`update_datetime`,`remark`,`company_code`,`system_code`) VALUES ('1','jour_biz_type','income','收入','admin',now(),'','CD-COIN000017','CD-COIN000017');
INSERT INTO `tsys_dict` (`type`,`parent_key`,`dkey`,`dvalue`,`updater`,`update_datetime`,`remark`,`company_code`,`system_code`) VALUES ('1','jour_biz_type','pay','支出','admin',now(),'','CD-COIN000017','CD-COIN000017');
INSERT INTO `tsys_dict` (`type`,`parent_key`,`dkey`,`dvalue`,`updater`,`update_datetime`,`remark`,`company_code`,`system_code`) VALUES ('1','jour_biz_type','mfee','取现矿工费','admin',now(),'','CD-COIN000017','CD-COIN000017');
INSERT INTO `tsys_dict` (`type`,`parent_key`,`dkey`,`dvalue`,`updater`,`update_datetime`,`remark`,`company_code`,`system_code`) VALUES ('1','jour_biz_type','wfee','归集矿工费','admin',now(),'','CD-COIN000017','CD-COIN000017');
INSERT INTO `tsys_dict` (`type`,`parent_key`,`dkey`,`dvalue`,`updater`,`update_datetime`,`remark`,`company_code`,`system_code`) VALUES ('1','jour_biz_type','hc','红冲','admin',now(),'','CD-COIN000017','CD-COIN000017');
INSERT INTO `tsys_dict` (`type`,`parent_key`,`dkey`,`dvalue`,`updater`,`update_datetime`,`remark`,`company_code`,`system_code`) VALUES ('1','jour_biz_type','lb','蓝补','admin',now(),'','CD-COIN000017','CD-COIN000017');

INSERT INTO `tsys_dict` (`type`,`parent_key`,`dkey`,`dvalue`,`updater`,`update_datetime`,`remark`,`company_code`,`system_code`) VALUES ('0',NULL,'charge_status','充值状态','admin',now(),'','CD-COIN000017','CD-COIN000017');
INSERT INTO `tsys_dict` (`type`,`parent_key`,`dkey`,`dvalue`,`updater`,`update_datetime`,`remark`,`company_code`,`system_code`) VALUES ('1','charge_status','1','待支付','admin',now(),'','CD-COIN000017','CD-COIN000017');
INSERT INTO `tsys_dict` (`type`,`parent_key`,`dkey`,`dvalue`,`updater`,`update_datetime`,`remark`,`company_code`,`system_code`) VALUES ('1','charge_status','2','支付失败','admin',now(),'','CD-COIN000017','CD-COIN000017');
INSERT INTO `tsys_dict` (`type`,`parent_key`,`dkey`,`dvalue`,`updater`,`update_datetime`,`remark`,`company_code`,`system_code`) VALUES ('1','charge_status','3','支付成功','admin',now(),'','CD-COIN000017','CD-COIN000017');

INSERT INTO `tsys_dict` (`type`,`parent_key`,`dkey`,`dvalue`,`updater`,`update_datetime`,`remark`,`company_code`,`system_code`) VALUES ('0',NULL,'withdraw_status','取现状态','admin',now(),'','CD-COIN000017','CD-COIN000017');
INSERT INTO `tsys_dict` (`type`,`parent_key`,`dkey`,`dvalue`,`updater`,`update_datetime`,`remark`,`company_code`,`system_code`) VALUES ('1','withdraw_status','1','待审批','admin',now(),'','CD-COIN000017','CD-COIN000017');
INSERT INTO `tsys_dict` (`type`,`parent_key`,`dkey`,`dvalue`,`updater`,`update_datetime`,`remark`,`company_code`,`system_code`) VALUES ('1','withdraw_status','2','审批不通过','admin',now(),'','CD-COIN000017','CD-COIN000017');
INSERT INTO `tsys_dict` (`type`,`parent_key`,`dkey`,`dvalue`,`updater`,`update_datetime`,`remark`,`company_code`,`system_code`) VALUES ('1','withdraw_status','3','审批通过待广播','admin',now(),'','CD-COIN000017','CD-COIN000017');
INSERT INTO `tsys_dict` (`type`,`parent_key`,`dkey`,`dvalue`,`updater`,`update_datetime`,`remark`,`company_code`,`system_code`) VALUES ('1','withdraw_status','4','广播中','admin',now(),'','CD-COIN000017','CD-COIN000017');
INSERT INTO `tsys_dict` (`type`,`parent_key`,`dkey`,`dvalue`,`updater`,`update_datetime`,`remark`,`company_code`,`system_code`) VALUES ('1','withdraw_status','5','广播失败','admin',now(),'','CD-COIN000017','CD-COIN000017');
INSERT INTO `tsys_dict` (`type`,`parent_key`,`dkey`,`dvalue`,`updater`,`update_datetime`,`remark`,`company_code`,`system_code`) VALUES ('1','withdraw_status','6','广播成功','admin',now(),'','CD-COIN000017','CD-COIN000017');

INSERT INTO `tsys_dict` (`type`,`parent_key`,`dkey`,`dvalue`,`updater`,`update_datetime`,`remark`,`company_code`,`system_code`) VALUES ('0',NULL,'collection_status','归集状态','admin',now(),'','CD-COIN000017','CD-COIN000017');
INSERT INTO `tsys_dict` (`type`,`parent_key`,`dkey`,`dvalue`,`updater`,`update_datetime`,`remark`,`company_code`,`system_code`) VALUES ('1','collection_status','0','广播中','admin',now(),'','CD-COIN000017','CD-COIN000017');
INSERT INTO `tsys_dict` (`type`,`parent_key`,`dkey`,`dvalue`,`updater`,`update_datetime`,`remark`,`company_code`,`system_code`) VALUES ('1','collection_status','1','广播成功','admin',now(),'','CD-COIN000017','CD-COIN000017');
INSERT INTO `tsys_dict` (`type`,`parent_key`,`dkey`,`dvalue`,`updater`,`update_datetime`,`remark`,`company_code`,`system_code`) VALUES ('1','collection_status','2','广播失败','admin',now(),'','CD-COIN000017','CD-COIN000017');

INSERT INTO `tsys_dict` (`type`,`parent_key`,`dkey`,`dvalue`,`updater`,`update_datetime`,`remark`,`company_code`,`system_code`) VALUES ('0',NULL,'pay_type','支付方式','admin',now(),'','CD-COIN000017','CD-COIN000017');
INSERT INTO `tsys_dict` (`type`,`parent_key`,`dkey`,`dvalue`,`updater`,`update_datetime`,`remark`,`company_code`,`system_code`) VALUES ('1','pay_type','0','支付宝','admin',now(),'','CD-COIN000017','CD-COIN000017');
INSERT INTO `tsys_dict` (`type`,`parent_key`,`dkey`,`dvalue`,`updater`,`update_datetime`,`remark`,`company_code`,`system_code`) VALUES ('1','pay_type','1','微信','admin',now(),'','CD-COIN000017','CD-COIN000017');
INSERT INTO `tsys_dict` (`type`,`parent_key`,`dkey`,`dvalue`,`updater`,`update_datetime`,`remark`,`company_code`,`system_code`) VALUES ('1','pay_type','2','银联转账','admin',now(),'','CD-COIN000017','CD-COIN000017');

INSERT INTO `tsys_dict` (`type`,`parent_key`,`dkey`,`dvalue`,`updater`,`update_datetime`,`remark`,`company_code`,`system_code`) VALUES ('0',NULL,'trade_order_status','交易订单状态','admin',now(),'','CD-COIN000017','CD-COIN000017');
INSERT INTO `tsys_dict` (`type`,`parent_key`,`dkey`,`dvalue`,`updater`,`update_datetime`,`remark`,`company_code`,`system_code`) VALUES ('1','trade_order_status','-1','待下单','admin',now(),'','CD-COIN000017','CD-COIN000017');
INSERT INTO `tsys_dict` (`type`,`parent_key`,`dkey`,`dvalue`,`updater`,`update_datetime`,`remark`,`company_code`,`system_code`) VALUES ('1','trade_order_status','0','待支付','admin',now(),'','CD-COIN000017','CD-COIN000017');
INSERT INTO `tsys_dict` (`type`,`parent_key`,`dkey`,`dvalue`,`updater`,`update_datetime`,`remark`,`company_code`,`system_code`) VALUES ('1','trade_order_status','1','已支付待释放','admin',now(),'','CD-COIN000017','CD-COIN000017');
INSERT INTO `tsys_dict` (`type`,`parent_key`,`dkey`,`dvalue`,`updater`,`update_datetime`,`remark`,`company_code`,`system_code`) VALUES ('1','trade_order_status','2','已释放待评价','admin',now(),'','CD-COIN000017','CD-COIN000017');
INSERT INTO `tsys_dict` (`type`,`parent_key`,`dkey`,`dvalue`,`updater`,`update_datetime`,`remark`,`company_code`,`system_code`) VALUES ('1','trade_order_status','3','已完成','admin',now(),'','CD-COIN000017','CD-COIN000017');
INSERT INTO `tsys_dict` (`type`,`parent_key`,`dkey`,`dvalue`,`updater`,`update_datetime`,`remark`,`company_code`,`system_code`) VALUES ('1','trade_order_status','4','已取消','admin',now(),'','CD-COIN000017','CD-COIN000017');
INSERT INTO `tsys_dict` (`type`,`parent_key`,`dkey`,`dvalue`,`updater`,`update_datetime`,`remark`,`company_code`,`system_code`) VALUES ('1','trade_order_status','5','仲裁中','admin',now(),'','CD-COIN000017','CD-COIN000017');

INSERT INTO `tsys_dict` (`type`,`parent_key`,`dkey`,`dvalue`,`updater`,`update_datetime`,`remark`,`company_code`,`system_code`) VALUES ('0',NULL,'trade_order_type','交易订单类型','admin',now(),'','CD-COIN000017','CD-COIN000017');
INSERT INTO `tsys_dict` (`type`,`parent_key`,`dkey`,`dvalue`,`updater`,`update_datetime`,`remark`,`company_code`,`system_code`) VALUES ('1','trade_order_type','buy','购买订单','admin',now(),'','CD-COIN000017','CD-COIN000017');
INSERT INTO `tsys_dict` (`type`,`parent_key`,`dkey`,`dvalue`,`updater`,`update_datetime`,`remark`,`company_code`,`system_code`) VALUES ('1','trade_order_type','sell','出售订单','admin',now(),'','CD-COIN000017','CD-COIN000017');

INSERT INTO `tsys_dict` (`type`,`parent_key`,`dkey`,`dvalue`,`updater`,`update_datetime`,`remark`,`company_code`,`system_code`) VALUES ('0',NULL,'ads_status','广告状态','admin',now(),'','CD-COIN000017','CD-COIN000017');
INSERT INTO `tsys_dict` (`type`,`parent_key`,`dkey`,`dvalue`,`updater`,`update_datetime`,`remark`,`company_code`,`system_code`) VALUES ('1','ads_status','0','草稿','admin',now(),'','CD-COIN000017','CD-COIN000017');
INSERT INTO `tsys_dict` (`type`,`parent_key`,`dkey`,`dvalue`,`updater`,`update_datetime`,`remark`,`company_code`,`system_code`) VALUES ('1','ads_status','1','待交易','admin',now(),'','CD-COIN000017','CD-COIN000017');
INSERT INTO `tsys_dict` (`type`,`parent_key`,`dkey`,`dvalue`,`updater`,`update_datetime`,`remark`,`company_code`,`system_code`) VALUES ('1','ads_status','2','交易中','admin',now(),'','CD-COIN000017','CD-COIN000017');
INSERT INTO `tsys_dict` (`type`,`parent_key`,`dkey`,`dvalue`,`updater`,`update_datetime`,`remark`,`company_code`,`system_code`) VALUES ('1','ads_status','3','已下架','admin',now(),'','CD-COIN000017','CD-COIN000017');

INSERT INTO `tsys_dict` (`type`,`parent_key`,`dkey`,`dvalue`,`updater`,`update_datetime`,`remark`,`company_code`,`system_code`) VALUES ('0',NULL,'arbitrate_status','仲裁订单状态','admin',now(),'','CD-COIN000017','CD-COIN000017');
INSERT INTO `tsys_dict` (`type`,`parent_key`,`dkey`,`dvalue`,`updater`,`update_datetime`,`remark`,`company_code`,`system_code`) VALUES ('1','arbitrate_status','0','待处理','admin',now(),'','CD-COIN000017','CD-COIN000017');
INSERT INTO `tsys_dict` (`type`,`parent_key`,`dkey`,`dvalue`,`updater`,`update_datetime`,`remark`,`company_code`,`system_code`) VALUES ('1','arbitrate_status','1','已处理','admin',now(),'','CD-COIN000017','CD-COIN000017');
INSERT INTO `tsys_dict` (`type`,`parent_key`,`dkey`,`dvalue`,`updater`,`update_datetime`,`remark`,`company_code`,`system_code`) VALUES ('1','arbitrate_status','2','已取消','admin',now(),'','CD-COIN000017','CD-COIN000017');

INSERT INTO `tsys_dict` (`type`,`parent_key`,`dkey`,`dvalue`,`updater`,`update_datetime`,`remark`,`company_code`,`system_code`) VALUES ('0',NULL,'trade_time_out','交易超时时间','admin',now(),'','CD-COIN000017','CD-COIN000017');
INSERT INTO `tsys_dict` (`type`,`parent_key`,`dkey`,`dvalue`,`updater`,`update_datetime`,`remark`,`company_code`,`system_code`) VALUES ('1','trade_time_out','10','10','admin',now(),'','CD-COIN000017','CD-COIN000017');
INSERT INTO `tsys_dict` (`type`,`parent_key`,`dkey`,`dvalue`,`updater`,`update_datetime`,`remark`,`company_code`,`system_code`) VALUES ('1','trade_time_out','15','15','admin',now(),'','CD-COIN000017','CD-COIN000017');
INSERT INTO `tsys_dict` (`type`,`parent_key`,`dkey`,`dvalue`,`updater`,`update_datetime`,`remark`,`company_code`,`system_code`) VALUES ('1','trade_time_out','20','20','admin',now(),'','CD-COIN000017','CD-COIN000017');

INSERT INTO `tsys_dict` (`type`,`parent_key`,`dkey`,`dvalue`,`updater`,`update_datetime`,`remark`,`company_code`,`system_code`) VALUES ('0',NULL,'comment_result','评价结果','admin',now(),'','CD-COIN000017','CD-COIN000017');
INSERT INTO `tsys_dict` (`type`,`parent_key`,`dkey`,`dvalue`,`updater`,`update_datetime`,`remark`,`company_code`,`system_code`) VALUES ('1','comment_result','0','差评','admin',now(),'','CD-COIN000017','CD-COIN000017');
INSERT INTO `tsys_dict` (`type`,`parent_key`,`dkey`,`dvalue`,`updater`,`update_datetime`,`remark`,`company_code`,`system_code`) VALUES ('1','comment_result','1','中评','admin',now(),'','CD-COIN000017','CD-COIN000017');
INSERT INTO `tsys_dict` (`type`,`parent_key`,`dkey`,`dvalue`,`updater`,`update_datetime`,`remark`,`company_code`,`system_code`) VALUES ('1','comment_result','2','好评','admin',now(),'','CD-COIN000017','CD-COIN000017');

/*
-- Query: SELECT code,name,type,url,order_no,'admin' updater, now() as update_datetime,remark,parent_code,system_code FROM tsys_menu
-- Date: 2017-12-12 21:56
*/
INSERT INTO `tsys_menu` (`code`,`name`,`type`,`url`,`order_no`,`updater`,`update_datetime`,`remark`,`parent_code`,`system_code`) VALUES ('COINSM201612071021105964','财务管理','1','#','3','admin','2017-12-12 13:56:02','','COINSM201700000000000000','CD-COIN000017');
INSERT INTO `tsys_menu` (`code`,`name`,`type`,`url`,`order_no`,`updater`,`update_datetime`,`remark`,`parent_code`,`system_code`) VALUES ('COINSM201612071022206883','外部账对账','1','#','5','admin','2017-12-12 13:56:02','','COINSM201612071021105964','CD-COIN000017');
INSERT INTO `tsys_menu` (`code`,`name`,`type`,`url`,`order_no`,`updater`,`update_datetime`,`remark`,`parent_code`,`system_code`) VALUES ('COINSM2016120710225078473','内部账对账','1','#','6','admin','2017-12-12 13:56:02','','COINSM201612071021105964','CD-COIN000017');
INSERT INTO `tsys_menu` (`code`,`name`,`type`,`url`,`order_no`,`updater`,`update_datetime`,`remark`,`parent_code`,`system_code`) VALUES ('COINSM2016120710233232137','平台账户','1','#','2','admin','2017-12-12 13:56:02','','COINSM201612071021105964','CD-COIN000017');
INSERT INTO `tsys_menu` (`code`,`name`,`type`,`url`,`order_no`,`updater`,`update_datetime`,`remark`,`parent_code`,`system_code`) VALUES ('COINSM2016120710421392861','充币对账','1','/finance/autoReconControl.htm','1','admin','2017-12-12 13:56:02','','COINSM201612071022206883','CD-COIN000017');
INSERT INTO `tsys_menu` (`code`,`name`,`type`,`url`,`order_no`,`updater`,`update_datetime`,`remark`,`parent_code`,`system_code`) VALUES ('COINSM2016120710443551388','提币对账','1','/finance/roughHand.htm','2','admin','2017-12-12 13:56:02','','COINSM201612071022206883','CD-COIN000017');
INSERT INTO `tsys_menu` (`code`,`name`,`type`,`url`,`order_no`,`updater`,`update_datetime`,`remark`,`parent_code`,`system_code`) VALUES ('COINSM2016120710470696888','买入对账','1','/finance/twoRoll.htm','1','admin','2017-12-12 13:56:02','','COINSM2016120710225078473','CD-COIN000017');
INSERT INTO `tsys_menu` (`code`,`name`,`type`,`url`,`order_no`,`updater`,`update_datetime`,`remark`,`parent_code`,`system_code`) VALUES ('COINSM2016120710484209132','卖出对账','1','/finance/inRoughHand.htm','2','admin','2017-12-12 13:56:02','','COINSM2016120710225078473','CD-COIN000017');
INSERT INTO `tsys_menu` (`code`,`name`,`type`,`url`,`order_no`,`updater`,`update_datetime`,`remark`,`parent_code`,`system_code`) VALUES ('COINSM2016120710583381112','平台账户','1','/finance/breakBalance.htm','1','admin','2017-12-12 13:56:02','','COINSM2016120710233232137','CD-COIN000017');
INSERT INTO `tsys_menu` (`code`,`name`,`type`,`url`,`order_no`,`updater`,`update_datetime`,`remark`,`parent_code`,`system_code`) VALUES ('COINSM2016120711021944714','线下充值','1','/finance/offlineRecharge.htm','1','admin','2017-12-12 13:56:02','','COINSM201707251143314118180','CD-COIN000017');
INSERT INTO `tsys_menu` (`code`,`name`,`type`,`url`,`order_no`,`updater`,`update_datetime`,`remark`,`parent_code`,`system_code`) VALUES ('COINSM2016120816125733948','对账','2','/edit','1','admin','2017-12-12 13:56:02','','COINSM2016120710421392861','CD-COIN000017');
INSERT INTO `tsys_menu` (`code`,`name`,`type`,`url`,`order_no`,`updater`,`update_datetime`,`remark`,`parent_code`,`system_code`) VALUES ('COINSM2016120816133940523','详情','2','/detail','2','admin','2017-12-12 13:56:02','','COINSM2016120710421392861','CD-COIN000017');
INSERT INTO `tsys_menu` (`code`,`name`,`type`,`url`,`order_no`,`updater`,`update_datetime`,`remark`,`parent_code`,`system_code`) VALUES ('COINSM2016120911033945882','对账','2','/edit','1','admin','2017-12-12 13:56:02','','COINSM2016120710443551388','CD-COIN000017');
INSERT INTO `tsys_menu` (`code`,`name`,`type`,`url`,`order_no`,`updater`,`update_datetime`,`remark`,`parent_code`,`system_code`) VALUES ('COINSM2016120911042060088','详情','2','/detail','2','admin','2017-12-12 13:56:02','','COINSM2016120710443551388','CD-COIN000017');
INSERT INTO `tsys_menu` (`code`,`name`,`type`,`url`,`order_no`,`updater`,`update_datetime`,`remark`,`parent_code`,`system_code`) VALUES ('COINSM201612091114505291','对账','2','/edit','1','admin','2017-12-12 13:56:02','','COINSM2016120710470696888','CD-COIN000017');
INSERT INTO `tsys_menu` (`code`,`name`,`type`,`url`,`order_no`,`updater`,`update_datetime`,`remark`,`parent_code`,`system_code`) VALUES ('COINSM2016120911160661084','详情','2','/detail','2','admin','2017-12-12 13:56:02','','COINSM2016120710470696888','CD-COIN000017');
INSERT INTO `tsys_menu` (`code`,`name`,`type`,`url`,`order_no`,`updater`,`update_datetime`,`remark`,`parent_code`,`system_code`) VALUES ('COINSM2016120911293120195','对账','2','/edit','1','admin','2017-12-12 13:56:02','','COINSM2016120710484209132','CD-COIN000017');
INSERT INTO `tsys_menu` (`code`,`name`,`type`,`url`,`order_no`,`updater`,`update_datetime`,`remark`,`parent_code`,`system_code`) VALUES ('COINSM2016120911301231346','详情','2','/detail','2','admin','2017-12-12 13:56:02','','COINSM2016120710484209132','CD-COIN000017');
INSERT INTO `tsys_menu` (`code`,`name`,`type`,`url`,`order_no`,`updater`,`update_datetime`,`remark`,`parent_code`,`system_code`) VALUES ('COINSM2016122219590218515','导出','2','/export','9','admin','2017-12-12 13:56:02','','COINSM2016120710470696888','CD-COIN000017');
INSERT INTO `tsys_menu` (`code`,`name`,`type`,`url`,`order_no`,`updater`,`update_datetime`,`remark`,`parent_code`,`system_code`) VALUES ('COINSM2016122220000572417','导出','2','/export','9','admin','2017-12-12 13:56:02','','COINSM2016120710484209132','CD-COIN000017');
INSERT INTO `tsys_menu` (`code`,`name`,`type`,`url`,`order_no`,`updater`,`update_datetime`,`remark`,`parent_code`,`system_code`) VALUES ('COINSM2016122317321369746','代申请','2','/add','1','admin','2017-12-12 13:56:02','','COINSM2016120711021944714','CD-COIN000017');
INSERT INTO `tsys_menu` (`code`,`name`,`type`,`url`,`order_no`,`updater`,`update_datetime`,`remark`,`parent_code`,`system_code`) VALUES ('COINSM2016122317590316953','流水','2','/flow','1','admin','2017-12-12 13:56:02','','COINSM2016120710583381112','CD-COIN000017');
INSERT INTO `tsys_menu` (`code`,`name`,`type`,`url`,`order_no`,`updater`,`update_datetime`,`remark`,`parent_code`,`system_code`) VALUES ('COINSM2016122412144574736','导出','2','export','9','admin','2017-12-12 13:56:02','','COINSM2016120710583381112','CD-COIN000017');
INSERT INTO `tsys_menu` (`code`,`name`,`type`,`url`,`order_no`,`updater`,`update_datetime`,`remark`,`parent_code`,`system_code`) VALUES ('COINSM2016122413510161245','审核','2','/examine','2','admin','2017-12-12 13:56:02','','COINSM2016120711021944714','CD-COIN000017');
INSERT INTO `tsys_menu` (`code`,`name`,`type`,`url`,`order_no`,`updater`,`update_datetime`,`remark`,`parent_code`,`system_code`) VALUES ('COINSM201700000000000000','根目录','1','#','1','admin','2017-12-12 13:56:02','','','CD-COIN000017');
INSERT INTO `tsys_menu` (`code`,`name`,`type`,`url`,`order_no`,`updater`,`update_datetime`,`remark`,`parent_code`,`system_code`) VALUES ('COINSM201700001000000001','系统管理','1','#','1','admin','2017-12-12 13:56:02','','COINSM201700000000000000','CD-COIN000017');
INSERT INTO `tsys_menu` (`code`,`name`,`type`,`url`,`order_no`,`updater`,`update_datetime`,`remark`,`parent_code`,`system_code`) VALUES ('COINSM201700001000000002','运维管理','1','#','2','admin','2017-12-12 13:56:02',NULL,'COINSM201700001000000001','CD-COIN000017');
INSERT INTO `tsys_menu` (`code`,`name`,`type`,`url`,`order_no`,`updater`,`update_datetime`,`remark`,`parent_code`,`system_code`) VALUES ('COINSM201700001000000003','菜单管理','1','/system/menu.htm','1','admin','2017-12-12 13:56:02',NULL,'COINSM201700001000000002','CD-COIN000017');
INSERT INTO `tsys_menu` (`code`,`name`,`type`,`url`,`order_no`,`updater`,`update_datetime`,`remark`,`parent_code`,`system_code`) VALUES ('COINSM201700001000000004','新增','2','/add','1','admin','2017-12-12 13:56:02','','COINSM201700001000000003','CD-COIN000017');
INSERT INTO `tsys_menu` (`code`,`name`,`type`,`url`,`order_no`,`updater`,`update_datetime`,`remark`,`parent_code`,`system_code`) VALUES ('COINSM2017022412460281492','平台流水','1','/finance/platform_ledger.htm','2','admin','2017-12-12 13:56:02','','COINSM2016120710233232137','CD-COIN000017');
INSERT INTO `tsys_menu` (`code`,`name`,`type`,`url`,`order_no`,`updater`,`update_datetime`,`remark`,`parent_code`,`system_code`) VALUES ('COINSM2017022412472301488','详情','2','/detail','1','admin','2017-12-12 13:56:02','','COINSM2017022412460281492','CD-COIN000017');
INSERT INTO `tsys_menu` (`code`,`name`,`type`,`url`,`order_no`,`updater`,`update_datetime`,`remark`,`parent_code`,`system_code`) VALUES ('COINSM2017022412482059354','导出','2','/export','2','admin','2017-12-12 13:56:02','','COINSM2017022412460281492','CD-COIN000017');
INSERT INTO `tsys_menu` (`code`,`name`,`type`,`url`,`order_no`,`updater`,`update_datetime`,`remark`,`parent_code`,`system_code`) VALUES ('COINSM2017022413014074915','导出','2','/export','3','admin','2017-12-12 13:56:02','','COINSM2016120710443551388','CD-COIN000017');
INSERT INTO `tsys_menu` (`code`,`name`,`type`,`url`,`order_no`,`updater`,`update_datetime`,`remark`,`parent_code`,`system_code`) VALUES ('COINSM2017022413024043573','导出','2','/export','3','admin','2017-12-12 13:56:02','','COINSM2016120710421392861','CD-COIN000017');
INSERT INTO `tsys_menu` (`code`,`name`,`type`,`url`,`order_no`,`updater`,`update_datetime`,`remark`,`parent_code`,`system_code`) VALUES ('COINSM2017032911200961325','修改','2','/edit','2','admin','2017-12-12 13:56:02','','COINSM201700001000000003','CD-COIN000017');
INSERT INTO `tsys_menu` (`code`,`name`,`type`,`url`,`order_no`,`updater`,`update_datetime`,`remark`,`parent_code`,`system_code`) VALUES ('COINSM2017033020005366333','banner管理','1','/public/banner.htm','1','admin','2017-12-12 13:56:02','','COINSM201707251006045006005','CD-COIN000017');
INSERT INTO `tsys_menu` (`code`,`name`,`type`,`url`,`order_no`,`updater`,`update_datetime`,`remark`,`parent_code`,`system_code`) VALUES ('COINSM2017033020015631166','新增','2','/add','1','admin','2017-12-12 13:56:02','','COINSM2017033020005366333','CD-COIN000017');
INSERT INTO `tsys_menu` (`code`,`name`,`type`,`url`,`order_no`,`updater`,`update_datetime`,`remark`,`parent_code`,`system_code`) VALUES ('COINSM2017033020021094115','修改','2','/edit','2','admin','2017-12-12 13:56:02','','COINSM2017033020005366333','CD-COIN000017');
INSERT INTO `tsys_menu` (`code`,`name`,`type`,`url`,`order_no`,`updater`,`update_datetime`,`remark`,`parent_code`,`system_code`) VALUES ('COINSM2017033020022649991','删除','2','/delete','3','admin','2017-12-12 13:56:02','','COINSM2017033020005366333','CD-COIN000017');
INSERT INTO `tsys_menu` (`code`,`name`,`type`,`url`,`order_no`,`updater`,`update_datetime`,`remark`,`parent_code`,`system_code`) VALUES ('COINSM2017033020024827112','详情','2','/detail','4','admin','2017-12-12 13:56:02','','COINSM2017033020005366333','CD-COIN000017');
INSERT INTO `tsys_menu` (`code`,`name`,`type`,`url`,`order_no`,`updater`,`update_datetime`,`remark`,`parent_code`,`system_code`) VALUES ('COINSM2017040616442519963','详情','2','/detail','3','admin','2017-12-12 13:56:02','','COINSM2016120711021944714','CD-COIN000017');
INSERT INTO `tsys_menu` (`code`,`name`,`type`,`url`,`order_no`,`updater`,`update_datetime`,`remark`,`parent_code`,`system_code`) VALUES ('COINSM201705151132544318','导出','2','/export','5','admin','2017-12-12 13:56:02','','COINSM2016120711021944714','CD-COIN000017');
INSERT INTO `tsys_menu` (`code`,`name`,`type`,`url`,`order_no`,`updater`,`update_datetime`,`remark`,`parent_code`,`system_code`) VALUES ('COINSM201707251006045006005','广告位管理','1','#','5','admin','2017-12-12 13:56:02','','COINSM201700001000000001','CD-COIN000017');
INSERT INTO `tsys_menu` (`code`,`name`,`type`,`url`,`order_no`,`updater`,`update_datetime`,`remark`,`parent_code`,`system_code`) VALUES ('COINSM201707251143314118180','充币管理','1','#','3','admin','2017-12-12 13:56:02','','COINSM201612071021105964','CD-COIN000017');
INSERT INTO `tsys_menu` (`code`,`name`,`type`,`url`,`order_no`,`updater`,`update_datetime`,`remark`,`parent_code`,`system_code`) VALUES ('COINSM201707251148117352030','充值查询','1','/finance/offlineRechargeQuery.htm','2','admin','2017-12-12 13:56:02','','COINSM201707251143314118180','CD-COIN000017');
INSERT INTO `tsys_menu` (`code`,`name`,`type`,`url`,`order_no`,`updater`,`update_datetime`,`remark`,`parent_code`,`system_code`) VALUES ('COINSM201707251331497821971','导出','2','/export','5','admin','2017-12-12 13:56:02','','COINSM201707251148117352030','CD-COIN000017');
INSERT INTO `tsys_menu` (`code`,`name`,`type`,`url`,`order_no`,`updater`,`update_datetime`,`remark`,`parent_code`,`system_code`) VALUES ('COINSM201708241024194086655','删除','2','/delete','3','admin','2017-12-12 13:56:02','','COINSM201700001000000003','CD-COIN000017');
INSERT INTO `tsys_menu` (`code`,`name`,`type`,`url`,`order_no`,`updater`,`update_datetime`,`remark`,`parent_code`,`system_code`) VALUES ('COINSM201708241036442974134','业务管理','1','#','2','admin','2017-12-12 13:56:02','','COINSM201700000000000000','CD-COIN000017');
INSERT INTO `tsys_menu` (`code`,`name`,`type`,`url`,`order_no`,`updater`,`update_datetime`,`remark`,`parent_code`,`system_code`) VALUES ('COINSM201708241037322072730','统计分析','1','#','4','admin','2017-12-12 13:56:02','','COINSM201700000000000000','CD-COIN000017');
INSERT INTO `tsys_menu` (`code`,`name`,`type`,`url`,`order_no`,`updater`,`update_datetime`,`remark`,`parent_code`,`system_code`) VALUES ('COINSM2017101716241339082','运营管理','1','#','1','admin','2017-12-12 13:56:02','','COINSM201700001000000001','CD-COIN000017');
INSERT INTO `tsys_menu` (`code`,`name`,`type`,`url`,`order_no`,`updater`,`update_datetime`,`remark`,`parent_code`,`system_code`) VALUES ('COINSM2017101716253866426','角色管理','1','/system/role.htm','1','admin','2017-12-12 13:56:02','','COINSM2017101716241339082','CD-COIN000017');
INSERT INTO `tsys_menu` (`code`,`name`,`type`,`url`,`order_no`,`updater`,`update_datetime`,`remark`,`parent_code`,`system_code`) VALUES ('COINSM2017101716261754674','会员查询','1','/system/user.htm','2','admin','2017-12-12 13:56:02','','COINSM2017101716241339082','CD-COIN000017');
INSERT INTO `tsys_menu` (`code`,`name`,`type`,`url`,`order_no`,`updater`,`update_datetime`,`remark`,`parent_code`,`system_code`) VALUES ('COINSM2017101716450533995','分配菜单','2','/change','4','admin','2017-12-12 13:56:02','','COINSM2017101716253866426','CD-COIN000017');
INSERT INTO `tsys_menu` (`code`,`name`,`type`,`url`,`order_no`,`updater`,`update_datetime`,`remark`,`parent_code`,`system_code`) VALUES ('COINSM2017101717551955993','新增','2','/add','1','admin','2017-12-12 13:56:02','','COINSM2017101716253866426','CD-COIN000017');
INSERT INTO `tsys_menu` (`code`,`name`,`type`,`url`,`order_no`,`updater`,`update_datetime`,`remark`,`parent_code`,`system_code`) VALUES ('COINSM2017101717560118734','修改','2','/edit','2','admin','2017-12-12 13:56:02','','COINSM2017101716253866426','CD-COIN000017');
INSERT INTO `tsys_menu` (`code`,`name`,`type`,`url`,`order_no`,`updater`,`update_datetime`,`remark`,`parent_code`,`system_code`) VALUES ('COINSM2017101717563661357','删除','2','/delete','3','admin','2017-12-12 13:56:02','','COINSM2017101716253866426','CD-COIN000017');
INSERT INTO `tsys_menu` (`code`,`name`,`type`,`url`,`order_no`,`updater`,`update_datetime`,`remark`,`parent_code`,`system_code`) VALUES ('COINSM2017101719082391126','新增','2','/add','1','admin','2017-12-12 13:56:02','','COINSM2017101716261754674','CD-COIN000017');
INSERT INTO `tsys_menu` (`code`,`name`,`type`,`url`,`order_no`,`updater`,`update_datetime`,`remark`,`parent_code`,`system_code`) VALUES ('COINSM2017101719094151894','重置密码','2','/reset','2','admin','2017-12-12 13:56:02','','COINSM2017101716261754674','CD-COIN000017');
INSERT INTO `tsys_menu` (`code`,`name`,`type`,`url`,`order_no`,`updater`,`update_datetime`,`remark`,`parent_code`,`system_code`) VALUES ('COINSM2017101719100760088','注销','2','/rock','4','admin','2017-12-12 13:56:02','','COINSM2017101716261754674','CD-COIN000017');
INSERT INTO `tsys_menu` (`code`,`name`,`type`,`url`,`order_no`,`updater`,`update_datetime`,`remark`,`parent_code`,`system_code`) VALUES ('COINSM2017101719110981215','设置角色','2','/assign','5','admin','2017-12-12 13:56:02','','COINSM2017101716261754674','CD-COIN000017');
INSERT INTO `tsys_menu` (`code`,`name`,`type`,`url`,`order_no`,`updater`,`update_datetime`,`remark`,`parent_code`,`system_code`) VALUES ('COINSM2017112911152991684','消息推送','1','#','3','admin','2017-12-12 13:56:02','','COINSM201700001000000001','CD-COIN000017');
INSERT INTO `tsys_menu` (`code`,`name`,`type`,`url`,`order_no`,`updater`,`update_datetime`,`remark`,`parent_code`,`system_code`) VALUES ('COINSM2017112911280249973','公告管理','1','/public/notice.htm','1','admin','2017-12-12 13:56:02','','COINSM2017112911152991684','CD-COIN000017');
INSERT INTO `tsys_menu` (`code`,`name`,`type`,`url`,`order_no`,`updater`,`update_datetime`,`remark`,`parent_code`,`system_code`) VALUES ('COINSM2017112914292031228','新增','2','/add','1','admin','2017-12-12 13:56:02','','COINSM2017112911280249973','CD-COIN000017');
INSERT INTO `tsys_menu` (`code`,`name`,`type`,`url`,`order_no`,`updater`,`update_datetime`,`remark`,`parent_code`,`system_code`) VALUES ('COINSM2017112914295002950','修改','2','/edit2','2','admin','2017-12-12 13:56:02','','COINSM2017112911280249973','CD-COIN000017');
INSERT INTO `tsys_menu` (`code`,`name`,`type`,`url`,`order_no`,`updater`,`update_datetime`,`remark`,`parent_code`,`system_code`) VALUES ('COINSM2017112914322481897','发布/撤下','2','/push','3','admin','2017-12-12 13:56:02','','COINSM2017112911280249973','CD-COIN000017');
INSERT INTO `tsys_menu` (`code`,`name`,`type`,`url`,`order_no`,`updater`,`update_datetime`,`remark`,`parent_code`,`system_code`) VALUES ('COINSM2017112914325471772','详情','2','/detail','5','admin','2017-12-12 13:56:02','','COINSM2017112911280249973','CD-COIN000017');
INSERT INTO `tsys_menu` (`code`,`name`,`type`,`url`,`order_no`,`updater`,`update_datetime`,`remark`,`parent_code`,`system_code`) VALUES ('COINSM2017120610552303416','激活','2','/active','3','admin','2017-12-12 13:56:02','','COINSM2017101716261754674','CD-COIN000017');
INSERT INTO `tsys_menu` (`code`,`name`,`type`,`url`,`order_no`,`updater`,`update_datetime`,`remark`,`parent_code`,`system_code`) VALUES ('COINSM2017121215543215610','文章管理','1','#','4','admin','2017-12-12 13:56:02','','COINSM201700001000000001','CD-COIN000017');
INSERT INTO `tsys_menu` (`code`,`name`,`type`,`url`,`order_no`,`updater`,`update_datetime`,`remark`,`parent_code`,`system_code`) VALUES ('COINSM2017121216045274832','关于我们','1','/public/aboutus_addedit.htm','1','admin','2017-12-12 13:56:02','','COINSM2017121215543215610','CD-COIN000017');
INSERT INTO `tsys_menu` (`code`,`name`,`type`,`url`,`order_no`,`updater`,`update_datetime`,`remark`,`parent_code`,`system_code`) VALUES ('SM201711071719583941706','客户管理','1','#','1','admin','2017-12-12 13:56:02','','COINSM201708241036442974134','CD-COIN000017');
INSERT INTO `tsys_menu` (`code`,`name`,`type`,`url`,`order_no`,`updater`,`update_datetime`,`remark`,`parent_code`,`system_code`) VALUES ('SM201711071721131644746','用户管理','1','/user/customer.htm','1','admin','2017-12-12 13:56:02','','SM201711071719583941706','CD-COIN000017');
INSERT INTO `tsys_menu` (`code`,`name`,`type`,`url`,`order_no`,`updater`,`update_datetime`,`remark`,`parent_code`,`system_code`) VALUES ('SM201711071732196251623','账户查询','2','/account','1','admin','2017-12-12 13:56:02','','SM201711071721131644746','CD-COIN000017');
INSERT INTO `tsys_menu` (`code`,`name`,`type`,`url`,`order_no`,`updater`,`update_datetime`,`remark`,`parent_code`,`system_code`) VALUES ('SM201711071741562566376','禁止登录','2','/rock','2','admin','2017-12-12 13:56:02','','SM201711071721131644746','CD-COIN000017');
INSERT INTO `tsys_menu` (`code`,`name`,`type`,`url`,`order_no`,`updater`,`update_datetime`,`remark`,`parent_code`,`system_code`) VALUES ('SM201711071742227377285','允许登录','2','/active','3','admin','2017-12-12 13:56:02','','SM201711071721131644746','CD-COIN000017');
INSERT INTO `tsys_menu` (`code`,`name`,`type`,`url`,`order_no`,`updater`,`update_datetime`,`remark`,`parent_code`,`system_code`) VALUES ('SM201711071742467608972','详情','2','/detail','4','admin','2017-12-12 13:56:02','','SM201711071721131644746','CD-COIN000017');
INSERT INTO `tsys_menu` (`code`,`name`,`type`,`url`,`order_no`,`updater`,`update_datetime`,`remark`,`parent_code`,`system_code`) VALUES ('SM201711071743219033850','添加备注','2','/remark','5','admin','2017-12-12 13:56:02','','SM201711071721131644746','CD-COIN000017');
INSERT INTO `tsys_menu` (`code`,`name`,`type`,`url`,`order_no`,`updater`,`update_datetime`,`remark`,`parent_code`,`system_code`) VALUES ('SM201711081111547852084','手续费管理','1','/rules/handsFee.htm','3','admin','2017-12-12 13:56:02','','COINSM2016120710233232137','CD-COIN000017');
INSERT INTO `tsys_menu` (`code`,`name`,`type`,`url`,`order_no`,`updater`,`update_datetime`,`remark`,`parent_code`,`system_code`) VALUES ('SM201711081400404895487','修改','2','/edit','1','admin','2017-12-12 13:56:02','','SM201711081111547852084','CD-COIN000017');
INSERT INTO `tsys_menu` (`code`,`name`,`type`,`url`,`order_no`,`updater`,`update_datetime`,`remark`,`parent_code`,`system_code`) VALUES ('SM201711081404308124201','会员账户','1','#','2','admin','2017-12-12 13:56:02','','COINSM201612071021105964','CD-COIN000017');
INSERT INTO `tsys_menu` (`code`,`name`,`type`,`url`,`order_no`,`updater`,`update_datetime`,`remark`,`parent_code`,`system_code`) VALUES ('SM201711081409307984995','分发地址','1','/finance/diviAddress.htm','1','admin','2017-12-12 13:56:02','','SM201711081404308124201','CD-COIN000017');
INSERT INTO `tsys_menu` (`code`,`name`,`type`,`url`,`order_no`,`updater`,`update_datetime`,`remark`,`parent_code`,`system_code`) VALUES ('SM201711081410356859335','流水查询','2','/diviLedger','1','admin','2017-12-12 13:56:02','','SM201711081409307984995','CD-COIN000017');
INSERT INTO `tsys_menu` (`code`,`name`,`type`,`url`,`order_no`,`updater`,`update_datetime`,`remark`,`parent_code`,`system_code`) VALUES ('SM201711081416278853402','提币管理','1','#','3','admin','2017-12-12 13:56:02','','COINSM201612071021105964','CD-COIN000017');
INSERT INTO `tsys_menu` (`code`,`name`,`type`,`url`,`order_no`,`updater`,`update_datetime`,`remark`,`parent_code`,`system_code`) VALUES ('SM201711081417503013352','提币规则','1','/rules/TBRule.htm','1','admin','2017-12-12 13:56:02','','SM201711081416278853402','CD-COIN000017');
INSERT INTO `tsys_menu` (`code`,`name`,`type`,`url`,`order_no`,`updater`,`update_datetime`,`remark`,`parent_code`,`system_code`) VALUES ('SM201711081418173353867','修改','2','/edit','1','admin','2017-12-12 13:56:02','','SM201711081417503013352','CD-COIN000017');
INSERT INTO `tsys_menu` (`code`,`name`,`type`,`url`,`order_no`,`updater`,`update_datetime`,`remark`,`parent_code`,`system_code`) VALUES ('SM201711081421358326980','提币地址','1','/finance/TBAddress.htm','2','admin','2017-12-12 13:56:02','','SM201711081416278853402','CD-COIN000017');
INSERT INTO `tsys_menu` (`code`,`name`,`type`,`url`,`order_no`,`updater`,`update_datetime`,`remark`,`parent_code`,`system_code`) VALUES ('SM201711081423308601904','生成','2','/add','1','admin','2017-12-12 13:56:02','','SM201711081421358326980','CD-COIN000017');
INSERT INTO `tsys_menu` (`code`,`name`,`type`,`url`,`order_no`,`updater`,`update_datetime`,`remark`,`parent_code`,`system_code`) VALUES ('SM201711081424358887020','线下提币','1','/finance/TBunderline.htm','3','admin','2017-12-12 13:56:02','','SM201711081416278853402','CD-COIN000017');
INSERT INTO `tsys_menu` (`code`,`name`,`type`,`url`,`order_no`,`updater`,`update_datetime`,`remark`,`parent_code`,`system_code`) VALUES ('SM201711081425019933095','代申请','2','/add','1','admin','2017-12-12 13:56:02','','SM201711081424358887020','CD-COIN000017');
INSERT INTO `tsys_menu` (`code`,`name`,`type`,`url`,`order_no`,`updater`,`update_datetime`,`remark`,`parent_code`,`system_code`) VALUES ('SM201711081426026276170','批量审核','2','/multiCheck','2','admin','2017-12-12 13:56:02','','SM201711081424358887020','CD-COIN000017');
INSERT INTO `tsys_menu` (`code`,`name`,`type`,`url`,`order_no`,`updater`,`update_datetime`,`remark`,`parent_code`,`system_code`) VALUES ('SM201711081426421228978','提币广播','2','/sp','3','admin','2017-12-12 13:56:02','','SM201711081424358887020','CD-COIN000017');
INSERT INTO `tsys_menu` (`code`,`name`,`type`,`url`,`order_no`,`updater`,`update_datetime`,`remark`,`parent_code`,`system_code`) VALUES ('SM201711081431005882968','归集管理','1','#','4','admin','2017-12-12 13:56:02','','COINSM201612071021105964','CD-COIN000017');
INSERT INTO `tsys_menu` (`code`,`name`,`type`,`url`,`order_no`,`updater`,`update_datetime`,`remark`,`parent_code`,`system_code`) VALUES ('SM201711081431436371130','归集规则','1','/rules/GJRule.htm','1','admin','2017-12-12 13:56:02','','SM201711081431005882968','CD-COIN000017');
INSERT INTO `tsys_menu` (`code`,`name`,`type`,`url`,`order_no`,`updater`,`update_datetime`,`remark`,`parent_code`,`system_code`) VALUES ('SM201711081435280411458','修改','2','/edit','1','admin','2017-12-12 13:56:02','','SM201711081431436371130','CD-COIN000017');
INSERT INTO `tsys_menu` (`code`,`name`,`type`,`url`,`order_no`,`updater`,`update_datetime`,`remark`,`parent_code`,`system_code`) VALUES ('SM201711081436354534709','归集地址','1','/finance/GJAddress.htm','2','admin','2017-12-12 13:56:02','','SM201711081431005882968','CD-COIN000017');
INSERT INTO `tsys_menu` (`code`,`name`,`type`,`url`,`order_no`,`updater`,`update_datetime`,`remark`,`parent_code`,`system_code`) VALUES ('SM201711081437069726688','导入','2','/import','1','admin','2017-12-12 13:56:02','','SM201711081436354534709','CD-COIN000017');
INSERT INTO `tsys_menu` (`code`,`name`,`type`,`url`,`order_no`,`updater`,`update_datetime`,`remark`,`parent_code`,`system_code`) VALUES ('SM201711081437452861020','弃用','2','/dele','2','admin','2017-12-12 13:56:02','','SM201711081436354534709','CD-COIN000017');
INSERT INTO `tsys_menu` (`code`,`name`,`type`,`url`,`order_no`,`updater`,`update_datetime`,`remark`,`parent_code`,`system_code`) VALUES ('SM201711081442278817722','归集查询','1','/finance/GJQuery.htm','3','admin','2017-12-12 13:56:02','','SM201711081431005882968','CD-COIN000017');
INSERT INTO `tsys_menu` (`code`,`name`,`type`,`url`,`order_no`,`updater`,`update_datetime`,`remark`,`parent_code`,`system_code`) VALUES ('SM201711081444203473881','详情','2','/detail','2','admin','2017-12-12 13:56:02','','SM201711081442278817722','CD-COIN000017');
INSERT INTO `tsys_menu` (`code`,`name`,`type`,`url`,`order_no`,`updater`,`update_datetime`,`remark`,`parent_code`,`system_code`) VALUES ('SM201711091113070529521','不平账处理','1','#','6','admin','2017-12-12 13:56:02','','COINSM201612071021105964','CD-COIN000017');
INSERT INTO `tsys_menu` (`code`,`name`,`type`,`url`,`order_no`,`updater`,`update_datetime`,`remark`,`parent_code`,`system_code`) VALUES ('SM201711091346241039616','不平账处理','1','/finance/unfairOutAccount.htm','1','admin','2017-12-12 13:56:02','','SM201711091113070529521','CD-COIN000017');
INSERT INTO `tsys_menu` (`code`,`name`,`type`,`url`,`order_no`,`updater`,`update_datetime`,`remark`,`parent_code`,`system_code`) VALUES ('SM201711091347287638130','审核','2','/exam','1','admin','2017-12-12 13:56:02','','SM201711091346241039616','CD-COIN000017');
INSERT INTO `tsys_menu` (`code`,`name`,`type`,`url`,`order_no`,`updater`,`update_datetime`,`remark`,`parent_code`,`system_code`) VALUES ('SM201711091347562977987','详情','2','/detail','2','admin','2017-12-12 13:56:02','','SM201711091346241039616','CD-COIN000017');
INSERT INTO `tsys_menu` (`code`,`name`,`type`,`url`,`order_no`,`updater`,`update_datetime`,`remark`,`parent_code`,`system_code`) VALUES ('SM201711091348223364368','导出','2','/export','3','admin','2017-12-12 13:56:02','','SM201711091346241039616','CD-COIN000017');
INSERT INTO `tsys_menu` (`code`,`name`,`type`,`url`,`order_no`,`updater`,`update_datetime`,`remark`,`parent_code`,`system_code`) VALUES ('SM201711091636299534636','本地账户','1','/biz/locationAccount.htm','2','admin','2017-12-12 13:56:02','','SM201711071719583941706','CD-COIN000017');
INSERT INTO `tsys_menu` (`code`,`name`,`type`,`url`,`order_no`,`updater`,`update_datetime`,`remark`,`parent_code`,`system_code`) VALUES ('SM201711091636598886982','流水查询','2','/ledger','1','admin','2017-12-12 13:56:02','','SM201711091636299534636','CD-COIN000017');
INSERT INTO `tsys_menu` (`code`,`name`,`type`,`url`,`order_no`,`updater`,`update_datetime`,`remark`,`parent_code`,`system_code`) VALUES ('SM201711091638097956060','交易管理','1','#','2','admin','2017-12-12 13:56:02','','COINSM201708241036442974134','CD-COIN000017');
INSERT INTO `tsys_menu` (`code`,`name`,`type`,`url`,`order_no`,`updater`,`update_datetime`,`remark`,`parent_code`,`system_code`) VALUES ('SM201711091639383748993','购买交易','1','/biz/buyTrade.htm','1','admin','2017-12-12 13:56:02','','SM201711091638097956060','CD-COIN000017');
INSERT INTO `tsys_menu` (`code`,`name`,`type`,`url`,`order_no`,`updater`,`update_datetime`,`remark`,`parent_code`,`system_code`) VALUES ('SM201711091640072325860','详情','2','/detail','1','admin','2017-12-12 13:56:02','','SM201711091639383748993','CD-COIN000017');
INSERT INTO `tsys_menu` (`code`,`name`,`type`,`url`,`order_no`,`updater`,`update_datetime`,`remark`,`parent_code`,`system_code`) VALUES ('SM201711091641382614985','出售交易','1','/biz/soleTrade.htm','2','admin','2017-12-12 13:56:02','','SM201711091638097956060','CD-COIN000017');
INSERT INTO `tsys_menu` (`code`,`name`,`type`,`url`,`order_no`,`updater`,`update_datetime`,`remark`,`parent_code`,`system_code`) VALUES ('SM201711091642028999956','详情','2','/detail','1','admin','2017-12-12 13:56:02','','SM201711091641382614985','CD-COIN000017');
INSERT INTO `tsys_menu` (`code`,`name`,`type`,`url`,`order_no`,`updater`,`update_datetime`,`remark`,`parent_code`,`system_code`) VALUES ('SM201711091710574389258','订单管理','1','#','3','admin','2017-12-12 13:56:02','','COINSM201708241036442974134','CD-COIN000017');
INSERT INTO `tsys_menu` (`code`,`name`,`type`,`url`,`order_no`,`updater`,`update_datetime`,`remark`,`parent_code`,`system_code`) VALUES ('SM201711091711202133779','活动管理','1','#','5','admin','2017-12-12 13:56:02','','COINSM201708241036442974134','CD-COIN000017');
INSERT INTO `tsys_menu` (`code`,`name`,`type`,`url`,`order_no`,`updater`,`update_datetime`,`remark`,`parent_code`,`system_code`) VALUES ('SM201711091711390371362','行情资讯','1','#','6','admin','2017-12-12 13:56:02','','COINSM201708241036442974134','CD-COIN000017');
INSERT INTO `tsys_menu` (`code`,`name`,`type`,`url`,`order_no`,`updater`,`update_datetime`,`remark`,`parent_code`,`system_code`) VALUES ('SM201711091712271962290','进行中订单','1','/biz/order.htm','1','admin','2017-12-12 13:56:02','','SM201711091710574389258','CD-COIN000017');
INSERT INTO `tsys_menu` (`code`,`name`,`type`,`url`,`order_no`,`updater`,`update_datetime`,`remark`,`parent_code`,`system_code`) VALUES ('SM201711091712492468382','详情','2','/detail','1','admin','2017-12-12 13:56:02','','SM201711091712271962290','CD-COIN000017');
INSERT INTO `tsys_menu` (`code`,`name`,`type`,`url`,`order_no`,`updater`,`update_datetime`,`remark`,`parent_code`,`system_code`) VALUES ('SM201711091719313133524','已完成订单','1','/biz/finishOrder.htm','2','admin','2017-12-12 13:56:02','','SM201711091710574389258','CD-COIN000017');
INSERT INTO `tsys_menu` (`code`,`name`,`type`,`url`,`order_no`,`updater`,`update_datetime`,`remark`,`parent_code`,`system_code`) VALUES ('SM201711091719507483488','详情','2','/detail','1','admin','2017-12-12 13:56:02','','SM201711091719313133524','CD-COIN000017');
INSERT INTO `tsys_menu` (`code`,`name`,`type`,`url`,`order_no`,`updater`,`update_datetime`,`remark`,`parent_code`,`system_code`) VALUES ('SM201711091723009493989','邀请好友','1','/biz/shareFriend.htm','1','admin','2017-12-12 13:56:02','','SM201711091711202133779','CD-COIN000017');
INSERT INTO `tsys_menu` (`code`,`name`,`type`,`url`,`order_no`,`updater`,`update_datetime`,`remark`,`parent_code`,`system_code`) VALUES ('SM201711091724462495772','ETH行情','1','/biz/quotationETH.htm','1','admin','2017-12-12 13:56:02','','SM201711091711390371362','CD-COIN000017');
INSERT INTO `tsys_menu` (`code`,`name`,`type`,`url`,`order_no`,`updater`,`update_datetime`,`remark`,`parent_code`,`system_code`) VALUES ('SM201711091726534627002','法币汇率','1','/biz/fbRate.htm','3','admin','2017-12-12 13:56:02','','SM201711091711390371362','CD-COIN000017');
INSERT INTO `tsys_menu` (`code`,`name`,`type`,`url`,`order_no`,`updater`,`update_datetime`,`remark`,`parent_code`,`system_code`) VALUES ('SM201711091727245016992','修改','2','/edit','1','admin','2017-12-12 13:56:02','','SM201711091726534627002','CD-COIN000017');
INSERT INTO `tsys_menu` (`code`,`name`,`type`,`url`,`order_no`,`updater`,`update_datetime`,`remark`,`parent_code`,`system_code`) VALUES ('SM201711091728365155392','资讯管理','1','/biz/information.htm','4','admin','2017-12-12 13:56:02','','SM201711091711390371362','CD-COIN000017');
INSERT INTO `tsys_menu` (`code`,`name`,`type`,`url`,`order_no`,`updater`,`update_datetime`,`remark`,`parent_code`,`system_code`) VALUES ('SM201711091729039813895','新增','2','/add','1','admin','2017-12-12 13:56:02','','SM201711091728365155392','CD-COIN000017');
INSERT INTO `tsys_menu` (`code`,`name`,`type`,`url`,`order_no`,`updater`,`update_datetime`,`remark`,`parent_code`,`system_code`) VALUES ('SM201711091729369582783','修改','2','/edit','2','admin','2017-12-12 13:56:02','','SM201711091728365155392','CD-COIN000017');
INSERT INTO `tsys_menu` (`code`,`name`,`type`,`url`,`order_no`,`updater`,`update_datetime`,`remark`,`parent_code`,`system_code`) VALUES ('SM201711091730354633453','详情','2','/detail','6','admin','2017-12-12 13:56:02','','SM201711091728365155392','CD-COIN000017');
INSERT INTO `tsys_menu` (`code`,`name`,`type`,`url`,`order_no`,`updater`,`update_datetime`,`remark`,`parent_code`,`system_code`) VALUES ('SM201711151745051751013','仲裁订单','1','/biz/zcOrder.htm','2','admin','2017-12-12 13:56:02','','SM201711181351035579061','CD-COIN000017');
INSERT INTO `tsys_menu` (`code`,`name`,`type`,`url`,`order_no`,`updater`,`update_datetime`,`remark`,`parent_code`,`system_code`) VALUES ('SM201711151745572859074','详情','2','/detail','1','admin','2017-12-12 13:56:02','','SM201711151745051751013','CD-COIN000017');
INSERT INTO `tsys_menu` (`code`,`name`,`type`,`url`,`order_no`,`updater`,`update_datetime`,`remark`,`parent_code`,`system_code`) VALUES ('SM201711151747477561668','处理订单','2','/resolve','2','admin','2017-12-12 13:56:02','','SM201711151745051751013','CD-COIN000017');
INSERT INTO `tsys_menu` (`code`,`name`,`type`,`url`,`order_no`,`updater`,`update_datetime`,`remark`,`parent_code`,`system_code`) VALUES ('SM201711171350455423428','上架','2','/up','3','admin','2017-12-12 13:56:02','','SM201711091728365155392','CD-COIN000017');
INSERT INTO `tsys_menu` (`code`,`name`,`type`,`url`,`order_no`,`updater`,`update_datetime`,`remark`,`parent_code`,`system_code`) VALUES ('SM201711171351069262405','下架','2','/down','4','admin','2017-12-12 13:56:02','','SM201711091728365155392','CD-COIN000017');
INSERT INTO `tsys_menu` (`code`,`name`,`type`,`url`,`order_no`,`updater`,`update_datetime`,`remark`,`parent_code`,`system_code`) VALUES ('SM201711181154357386481','导出','2','/export','2','admin','2017-12-12 13:56:02','','SM201711091712271962290','CD-COIN000017');
INSERT INTO `tsys_menu` (`code`,`name`,`type`,`url`,`order_no`,`updater`,`update_datetime`,`remark`,`parent_code`,`system_code`) VALUES ('SM201711181155140535753','导出','2','/export','2','admin','2017-12-12 13:56:02','','SM201711091719313133524','CD-COIN000017');
INSERT INTO `tsys_menu` (`code`,`name`,`type`,`url`,`order_no`,`updater`,`update_datetime`,`remark`,`parent_code`,`system_code`) VALUES ('SM201711181155445002845','导出','2','/export','2','admin','2017-12-12 13:56:02','','SM201711151745051751013','CD-COIN000017');
INSERT INTO `tsys_menu` (`code`,`name`,`type`,`url`,`order_no`,`updater`,`update_datetime`,`remark`,`parent_code`,`system_code`) VALUES ('SM201711181218447587419','常见问题','1','/public/question_addedit.htm','4','admin','2017-12-12 13:56:02','','COINSM2017121215543215610','CD-COIN000017');
INSERT INTO `tsys_menu` (`code`,`name`,`type`,`url`,`order_no`,`updater`,`update_datetime`,`remark`,`parent_code`,`system_code`) VALUES ('SM201711181220013316605','注册协议','1','/public/register_addedit.htm','5','admin','2017-12-12 13:56:02','','COINSM2017121215543215610','CD-COIN000017');
INSERT INTO `tsys_menu` (`code`,`name`,`type`,`url`,`order_no`,`updater`,`update_datetime`,`remark`,`parent_code`,`system_code`) VALUES ('SM201711181351035579061','仲裁管理','1','#','4','admin','2017-12-12 13:56:02','','COINSM201708241036442974134','CD-COIN000017');
INSERT INTO `tsys_menu` (`code`,`name`,`type`,`url`,`order_no`,`updater`,`update_datetime`,`remark`,`parent_code`,`system_code`) VALUES ('SM201711221916256845816','详情','2','/detail','0','admin','2017-12-12 13:56:02','','COINSM201707251148117352030','CD-COIN000017');
INSERT INTO `tsys_menu` (`code`,`name`,`type`,`url`,`order_no`,`updater`,`update_datetime`,`remark`,`parent_code`,`system_code`) VALUES ('SM201711231353203735078','购买广告说明','1','/public/buyADS.htm','6','admin','2017-12-12 13:56:02','','COINSM2017121215543215610','CD-COIN000017');
INSERT INTO `tsys_menu` (`code`,`name`,`type`,`url`,`order_no`,`updater`,`update_datetime`,`remark`,`parent_code`,`system_code`) VALUES ('SM201711231354531532054','卖币广告说明','1','/public/sellETH.htm','7','admin','2017-12-12 13:56:02','','COINSM2017121215543215610','CD-COIN000017');
INSERT INTO `tsys_menu` (`code`,`name`,`type`,`url`,`order_no`,`updater`,`update_datetime`,`remark`,`parent_code`,`system_code`) VALUES ('SM201711231426170797267','详情','2','/detail','5','admin','2017-12-12 13:56:02','','SM201711081424358887020','CD-COIN000017');
INSERT INTO `tsys_menu` (`code`,`name`,`type`,`url`,`order_no`,`updater`,`update_datetime`,`remark`,`parent_code`,`system_code`) VALUES ('SM201711232222591772487','修改','2','/edit','1','admin','2017-12-12 13:56:02','','SM201711231353203735078','CD-COIN000017');
INSERT INTO `tsys_menu` (`code`,`name`,`type`,`url`,`order_no`,`updater`,`update_datetime`,`remark`,`parent_code`,`system_code`) VALUES ('SM201711232223319261758','修改','2','/edit','1','admin','2017-12-12 13:56:02','','SM201711231354531532054','CD-COIN000017');
INSERT INTO `tsys_menu` (`code`,`name`,`type`,`url`,`order_no`,`updater`,`update_datetime`,`remark`,`parent_code`,`system_code`) VALUES ('SM201711251424527328546','BTC行情','1','/biz/quotationBTC.htm','2','admin','2017-12-12 13:56:02','','SM201711091711390371362','CD-COIN000017');
INSERT INTO `tsys_menu` (`code`,`name`,`type`,`url`,`order_no`,`updater`,`update_datetime`,`remark`,`parent_code`,`system_code`) VALUES ('SM201711251639118496237','交易提醒说明','1','/public/TransactionRemind.htm','75','admin','2017-12-12 13:56:02','','COINSM2017121215543215610','CD-COIN000017');
INSERT INTO `tsys_menu` (`code`,`name`,`type`,`url`,`order_no`,`updater`,`update_datetime`,`remark`,`parent_code`,`system_code`) VALUES ('SM201711251639362545256','修改','2','/edit','1','admin','2017-12-12 13:56:02','','SM201711251639118496237','CD-COIN000017');
INSERT INTO `tsys_menu` (`code`,`name`,`type`,`url`,`order_no`,`updater`,`update_datetime`,`remark`,`parent_code`,`system_code`) VALUES ('SM201711251744181898035','修改','2','/edit','1','admin','2017-12-12 13:56:02','','SM201711091723009493989','CD-COIN000017');
INSERT INTO `tsys_menu` (`code`,`name`,`type`,`url`,`order_no`,`updater`,`update_datetime`,`remark`,`parent_code`,`system_code`) VALUES ('SM201711272034567989636','联系客服','1','/public/service_addedit.htm','16','admin','2017-12-12 13:56:02','','COINSM2017121215543215610','CD-COIN000017');
INSERT INTO `tsys_menu` (`code`,`name`,`type`,`url`,`order_no`,`updater`,`update_datetime`,`remark`,`parent_code`,`system_code`) VALUES ('SM201711281416536405612','邀请好友活动说明','1','/biz/shareFriendDescription.htm','2','admin','2017-12-12 13:56:02','','SM201711091711202133779','CD-COIN000017');
INSERT INTO `tsys_menu` (`code`,`name`,`type`,`url`,`order_no`,`updater`,`update_datetime`,`remark`,`parent_code`,`system_code`) VALUES ('SM201711281418317701012','修改','2','/edit','1','admin','2017-12-12 13:56:02','','SM201711281416536405612','CD-COIN000017');
INSERT INTO `tsys_menu` (`code`,`name`,`type`,`url`,`order_no`,`updater`,`update_datetime`,`remark`,`parent_code`,`system_code`) VALUES ('SM201711281438072475181','版本管理','1','#','22','admin','2017-12-12 13:56:02','','COINSM201700001000000001','CD-COIN000017');
INSERT INTO `tsys_menu` (`code`,`name`,`type`,`url`,`order_no`,`updater`,`update_datetime`,`remark`,`parent_code`,`system_code`) VALUES ('SM201711281440352206679','Android版本管理','1','/edition/versionAc.htm','1','admin','2017-12-12 13:56:02','','SM201711281438072475181','CD-COIN000017');
INSERT INTO `tsys_menu` (`code`,`name`,`type`,`url`,`order_no`,`updater`,`update_datetime`,`remark`,`parent_code`,`system_code`) VALUES ('SM201711281440497751340','修改','2','/edit','1','admin','2017-12-12 13:56:02','','SM201711281440352206679','CD-COIN000017');
INSERT INTO `tsys_menu` (`code`,`name`,`type`,`url`,`order_no`,`updater`,`update_datetime`,`remark`,`parent_code`,`system_code`) VALUES ('SM201711281441276181084','IOS版本管理','1','/edition/versionIc.htm','2','admin','2017-12-12 13:56:02','','SM201711281438072475181','CD-COIN000017');
INSERT INTO `tsys_menu` (`code`,`name`,`type`,`url`,`order_no`,`updater`,`update_datetime`,`remark`,`parent_code`,`system_code`) VALUES ('SM201711281442162104491','修改','2','/edit','1','admin','2017-12-12 13:56:02','','SM201711281441276181084','CD-COIN000017');
INSERT INTO `tsys_menu` (`code`,`name`,`type`,`url`,`order_no`,`updater`,`update_datetime`,`remark`,`parent_code`,`system_code`) VALUES ('SM201712072007566346529','黑名单管理','1','/user/customerBlacklist.htm','3','admin','2017-12-12 13:56:02','','SM201711071719583941706','CD-COIN000017');
INSERT INTO `tsys_menu` (`code`,`name`,`type`,`url`,`order_no`,`updater`,`update_datetime`,`remark`,`parent_code`,`system_code`) VALUES ('SM201712072008133033263','加入黑名单','2','/add','1','admin','2017-12-12 13:56:02','','SM201712072007566346529','CD-COIN000017');
INSERT INTO `tsys_menu` (`code`,`name`,`type`,`url`,`order_no`,`updater`,`update_datetime`,`remark`,`parent_code`,`system_code`) VALUES ('SM201712072008283138630','移出黑名单','2','/delete','2','admin','2017-12-12 13:56:02','','SM201712072007566346529','CD-COIN000017');
INSERT INTO `tsys_menu` (`code`,`name`,`type`,`url`,`order_no`,`updater`,`update_datetime`,`remark`,`parent_code`,`system_code`) VALUES ('SM201712072026400753914','设为代理人','2','/setPartner','6','admin','2017-12-12 13:56:02','','SM201711071721131644746','CD-COIN000017');
INSERT INTO `tsys_menu` (`code`,`name`,`type`,`url`,`order_no`,`updater`,`update_datetime`,`remark`,`parent_code`,`system_code`) VALUES ('SM201712072027384195776','取消代理人','2','/cancelPartner','62','admin','2017-12-12 13:56:02','','SM201711071721131644746','CD-COIN000017');
INSERT INTO `tsys_menu` (`code`,`name`,`type`,`url`,`order_no`,`updater`,`update_datetime`,`remark`,`parent_code`,`system_code`) VALUES ('SM201712121458129277867','行情x值配置','1','/rules/quotationXRule.htm','5','admin','2017-12-12 13:56:02','','SM201711091711390371362','CD-COIN000017');
INSERT INTO `tsys_menu` (`code`,`name`,`type`,`url`,`order_no`,`updater`,`update_datetime`,`remark`,`parent_code`,`system_code`) VALUES ('SM201712121458250729729','修改','2','/edit','1','admin','2017-12-12 13:56:02','','SM201712121458129277867','CD-COIN000017');

/*
-- Query: SELECT `code`,`name`,`level`,'admin' as `updater`,now() as 'update_datetime',`remark`,`system_code` FROM tsys_role where system_code = 'CD-COIN000017'
LIMIT 0, 10000

-- Date: 2017-03-31 10:33
*/
INSERT INTO `tsys_role` (`code`,`name`,`level`,`updater`,`update_datetime`,`remark`,`system_code`) VALUES ('COINSR201700000000000000','超级管理员','1','admin',now(),'','CD-COIN000017');

/*
-- Query: SELECT `role_code`,`menu_code`,`updater`,now() as `update_datetime`,`remark`,`system_code` FROM tsys_menu_role where system_code = 'CD-COIN000017'
-- Date: 2017-12-12 21:57
*/
INSERT INTO `tsys_menu_role` (`role_code`,`menu_code`,`updater`,`update_datetime`,`remark`,`system_code`) VALUES ('COINSR201700000000000000','COINSM201700000000000000','admin','2017-12-12 13:57:28',NULL,'CD-COIN000017');
INSERT INTO `tsys_menu_role` (`role_code`,`menu_code`,`updater`,`update_datetime`,`remark`,`system_code`) VALUES ('COINSR201700000000000000','COINSM201612071021105964','admin','2017-12-12 13:57:28',NULL,'CD-COIN000017');
INSERT INTO `tsys_menu_role` (`role_code`,`menu_code`,`updater`,`update_datetime`,`remark`,`system_code`) VALUES ('COINSR201700000000000000','COINSM201612071022206883','admin','2017-12-12 13:57:28',NULL,'CD-COIN000017');
INSERT INTO `tsys_menu_role` (`role_code`,`menu_code`,`updater`,`update_datetime`,`remark`,`system_code`) VALUES ('COINSR201700000000000000','COINSM2016120710421392861','admin','2017-12-12 13:57:28',NULL,'CD-COIN000017');
INSERT INTO `tsys_menu_role` (`role_code`,`menu_code`,`updater`,`update_datetime`,`remark`,`system_code`) VALUES ('COINSR201700000000000000','COINSM2016120816133940523','admin','2017-12-12 13:57:28',NULL,'CD-COIN000017');
INSERT INTO `tsys_menu_role` (`role_code`,`menu_code`,`updater`,`update_datetime`,`remark`,`system_code`) VALUES ('COINSR201700000000000000','COINSM2017022413024043573','admin','2017-12-12 13:57:28',NULL,'CD-COIN000017');
INSERT INTO `tsys_menu_role` (`role_code`,`menu_code`,`updater`,`update_datetime`,`remark`,`system_code`) VALUES ('COINSR201700000000000000','COINSM2016120710443551388','admin','2017-12-12 13:57:28',NULL,'CD-COIN000017');
INSERT INTO `tsys_menu_role` (`role_code`,`menu_code`,`updater`,`update_datetime`,`remark`,`system_code`) VALUES ('COINSR201700000000000000','COINSM2016120911042060088','admin','2017-12-12 13:57:28',NULL,'CD-COIN000017');
INSERT INTO `tsys_menu_role` (`role_code`,`menu_code`,`updater`,`update_datetime`,`remark`,`system_code`) VALUES ('COINSR201700000000000000','COINSM2017022413014074915','admin','2017-12-12 13:57:28',NULL,'CD-COIN000017');
INSERT INTO `tsys_menu_role` (`role_code`,`menu_code`,`updater`,`update_datetime`,`remark`,`system_code`) VALUES ('COINSR201700000000000000','COINSM2016120710225078473','admin','2017-12-12 13:57:28',NULL,'CD-COIN000017');
INSERT INTO `tsys_menu_role` (`role_code`,`menu_code`,`updater`,`update_datetime`,`remark`,`system_code`) VALUES ('COINSR201700000000000000','COINSM2016120710470696888','admin','2017-12-12 13:57:28',NULL,'CD-COIN000017');
INSERT INTO `tsys_menu_role` (`role_code`,`menu_code`,`updater`,`update_datetime`,`remark`,`system_code`) VALUES ('COINSR201700000000000000','COINSM2016120911160661084','admin','2017-12-12 13:57:28',NULL,'CD-COIN000017');
INSERT INTO `tsys_menu_role` (`role_code`,`menu_code`,`updater`,`update_datetime`,`remark`,`system_code`) VALUES ('COINSR201700000000000000','COINSM2016122219590218515','admin','2017-12-12 13:57:28',NULL,'CD-COIN000017');
INSERT INTO `tsys_menu_role` (`role_code`,`menu_code`,`updater`,`update_datetime`,`remark`,`system_code`) VALUES ('COINSR201700000000000000','COINSM2016120710484209132','admin','2017-12-12 13:57:28',NULL,'CD-COIN000017');
INSERT INTO `tsys_menu_role` (`role_code`,`menu_code`,`updater`,`update_datetime`,`remark`,`system_code`) VALUES ('COINSR201700000000000000','COINSM2016120911301231346','admin','2017-12-12 13:57:28',NULL,'CD-COIN000017');
INSERT INTO `tsys_menu_role` (`role_code`,`menu_code`,`updater`,`update_datetime`,`remark`,`system_code`) VALUES ('COINSR201700000000000000','COINSM2016122220000572417','admin','2017-12-12 13:57:28',NULL,'CD-COIN000017');
INSERT INTO `tsys_menu_role` (`role_code`,`menu_code`,`updater`,`update_datetime`,`remark`,`system_code`) VALUES ('COINSR201700000000000000','COINSM2016120710233232137','admin','2017-12-12 13:57:28',NULL,'CD-COIN000017');
INSERT INTO `tsys_menu_role` (`role_code`,`menu_code`,`updater`,`update_datetime`,`remark`,`system_code`) VALUES ('COINSR201700000000000000','COINSM2016120710583381112','admin','2017-12-12 13:57:28',NULL,'CD-COIN000017');
INSERT INTO `tsys_menu_role` (`role_code`,`menu_code`,`updater`,`update_datetime`,`remark`,`system_code`) VALUES ('COINSR201700000000000000','COINSM2016122317590316953','admin','2017-12-12 13:57:28',NULL,'CD-COIN000017');
INSERT INTO `tsys_menu_role` (`role_code`,`menu_code`,`updater`,`update_datetime`,`remark`,`system_code`) VALUES ('COINSR201700000000000000','COINSM2016122412144574736','admin','2017-12-12 13:57:28',NULL,'CD-COIN000017');
INSERT INTO `tsys_menu_role` (`role_code`,`menu_code`,`updater`,`update_datetime`,`remark`,`system_code`) VALUES ('COINSR201700000000000000','COINSM2017022412460281492','admin','2017-12-12 13:57:28',NULL,'CD-COIN000017');
INSERT INTO `tsys_menu_role` (`role_code`,`menu_code`,`updater`,`update_datetime`,`remark`,`system_code`) VALUES ('COINSR201700000000000000','COINSM2017022412472301488','admin','2017-12-12 13:57:28',NULL,'CD-COIN000017');
INSERT INTO `tsys_menu_role` (`role_code`,`menu_code`,`updater`,`update_datetime`,`remark`,`system_code`) VALUES ('COINSR201700000000000000','COINSM2017022412482059354','admin','2017-12-12 13:57:28',NULL,'CD-COIN000017');
INSERT INTO `tsys_menu_role` (`role_code`,`menu_code`,`updater`,`update_datetime`,`remark`,`system_code`) VALUES ('COINSR201700000000000000','SM201711081111547852084','admin','2017-12-12 13:57:28',NULL,'CD-COIN000017');
INSERT INTO `tsys_menu_role` (`role_code`,`menu_code`,`updater`,`update_datetime`,`remark`,`system_code`) VALUES ('COINSR201700000000000000','SM201711081400404895487','admin','2017-12-12 13:57:28',NULL,'CD-COIN000017');
INSERT INTO `tsys_menu_role` (`role_code`,`menu_code`,`updater`,`update_datetime`,`remark`,`system_code`) VALUES ('COINSR201700000000000000','COINSM201707251143314118180','admin','2017-12-12 13:57:28',NULL,'CD-COIN000017');
INSERT INTO `tsys_menu_role` (`role_code`,`menu_code`,`updater`,`update_datetime`,`remark`,`system_code`) VALUES ('COINSR201700000000000000','COINSM2016120711021944714','admin','2017-12-12 13:57:28',NULL,'CD-COIN000017');
INSERT INTO `tsys_menu_role` (`role_code`,`menu_code`,`updater`,`update_datetime`,`remark`,`system_code`) VALUES ('COINSR201700000000000000','COINSM2016122317321369746','admin','2017-12-12 13:57:28',NULL,'CD-COIN000017');
INSERT INTO `tsys_menu_role` (`role_code`,`menu_code`,`updater`,`update_datetime`,`remark`,`system_code`) VALUES ('COINSR201700000000000000','COINSM2016122413510161245','admin','2017-12-12 13:57:28',NULL,'CD-COIN000017');
INSERT INTO `tsys_menu_role` (`role_code`,`menu_code`,`updater`,`update_datetime`,`remark`,`system_code`) VALUES ('COINSR201700000000000000','COINSM2017040616442519963','admin','2017-12-12 13:57:28',NULL,'CD-COIN000017');
INSERT INTO `tsys_menu_role` (`role_code`,`menu_code`,`updater`,`update_datetime`,`remark`,`system_code`) VALUES ('COINSR201700000000000000','COINSM201705151132544318','admin','2017-12-12 13:57:28',NULL,'CD-COIN000017');
INSERT INTO `tsys_menu_role` (`role_code`,`menu_code`,`updater`,`update_datetime`,`remark`,`system_code`) VALUES ('COINSR201700000000000000','COINSM201707251148117352030','admin','2017-12-12 13:57:28',NULL,'CD-COIN000017');
INSERT INTO `tsys_menu_role` (`role_code`,`menu_code`,`updater`,`update_datetime`,`remark`,`system_code`) VALUES ('COINSR201700000000000000','COINSM201707251331497821971','admin','2017-12-12 13:57:28',NULL,'CD-COIN000017');
INSERT INTO `tsys_menu_role` (`role_code`,`menu_code`,`updater`,`update_datetime`,`remark`,`system_code`) VALUES ('COINSR201700000000000000','SM201711221916256845816','admin','2017-12-12 13:57:28',NULL,'CD-COIN000017');
INSERT INTO `tsys_menu_role` (`role_code`,`menu_code`,`updater`,`update_datetime`,`remark`,`system_code`) VALUES ('COINSR201700000000000000','SM201711081404308124201','admin','2017-12-12 13:57:28',NULL,'CD-COIN000017');
INSERT INTO `tsys_menu_role` (`role_code`,`menu_code`,`updater`,`update_datetime`,`remark`,`system_code`) VALUES ('COINSR201700000000000000','SM201711081409307984995','admin','2017-12-12 13:57:28',NULL,'CD-COIN000017');
INSERT INTO `tsys_menu_role` (`role_code`,`menu_code`,`updater`,`update_datetime`,`remark`,`system_code`) VALUES ('COINSR201700000000000000','SM201711081410356859335','admin','2017-12-12 13:57:28',NULL,'CD-COIN000017');
INSERT INTO `tsys_menu_role` (`role_code`,`menu_code`,`updater`,`update_datetime`,`remark`,`system_code`) VALUES ('COINSR201700000000000000','SM201711081416278853402','admin','2017-12-12 13:57:28',NULL,'CD-COIN000017');
INSERT INTO `tsys_menu_role` (`role_code`,`menu_code`,`updater`,`update_datetime`,`remark`,`system_code`) VALUES ('COINSR201700000000000000','SM201711081417503013352','admin','2017-12-12 13:57:28',NULL,'CD-COIN000017');
INSERT INTO `tsys_menu_role` (`role_code`,`menu_code`,`updater`,`update_datetime`,`remark`,`system_code`) VALUES ('COINSR201700000000000000','SM201711081418173353867','admin','2017-12-12 13:57:28',NULL,'CD-COIN000017');
INSERT INTO `tsys_menu_role` (`role_code`,`menu_code`,`updater`,`update_datetime`,`remark`,`system_code`) VALUES ('COINSR201700000000000000','SM201711081421358326980','admin','2017-12-12 13:57:28',NULL,'CD-COIN000017');
INSERT INTO `tsys_menu_role` (`role_code`,`menu_code`,`updater`,`update_datetime`,`remark`,`system_code`) VALUES ('COINSR201700000000000000','SM201711081423308601904','admin','2017-12-12 13:57:28',NULL,'CD-COIN000017');
INSERT INTO `tsys_menu_role` (`role_code`,`menu_code`,`updater`,`update_datetime`,`remark`,`system_code`) VALUES ('COINSR201700000000000000','SM201711081424358887020','admin','2017-12-12 13:57:28',NULL,'CD-COIN000017');
INSERT INTO `tsys_menu_role` (`role_code`,`menu_code`,`updater`,`update_datetime`,`remark`,`system_code`) VALUES ('COINSR201700000000000000','SM201711081425019933095','admin','2017-12-12 13:57:28',NULL,'CD-COIN000017');
INSERT INTO `tsys_menu_role` (`role_code`,`menu_code`,`updater`,`update_datetime`,`remark`,`system_code`) VALUES ('COINSR201700000000000000','SM201711081426026276170','admin','2017-12-12 13:57:28',NULL,'CD-COIN000017');
INSERT INTO `tsys_menu_role` (`role_code`,`menu_code`,`updater`,`update_datetime`,`remark`,`system_code`) VALUES ('COINSR201700000000000000','SM201711081426421228978','admin','2017-12-12 13:57:28',NULL,'CD-COIN000017');
INSERT INTO `tsys_menu_role` (`role_code`,`menu_code`,`updater`,`update_datetime`,`remark`,`system_code`) VALUES ('COINSR201700000000000000','SM201711231426170797267','admin','2017-12-12 13:57:28',NULL,'CD-COIN000017');
INSERT INTO `tsys_menu_role` (`role_code`,`menu_code`,`updater`,`update_datetime`,`remark`,`system_code`) VALUES ('COINSR201700000000000000','SM201711081431005882968','admin','2017-12-12 13:57:28',NULL,'CD-COIN000017');
INSERT INTO `tsys_menu_role` (`role_code`,`menu_code`,`updater`,`update_datetime`,`remark`,`system_code`) VALUES ('COINSR201700000000000000','SM201711081431436371130','admin','2017-12-12 13:57:28',NULL,'CD-COIN000017');
INSERT INTO `tsys_menu_role` (`role_code`,`menu_code`,`updater`,`update_datetime`,`remark`,`system_code`) VALUES ('COINSR201700000000000000','SM201711081435280411458','admin','2017-12-12 13:57:28',NULL,'CD-COIN000017');
INSERT INTO `tsys_menu_role` (`role_code`,`menu_code`,`updater`,`update_datetime`,`remark`,`system_code`) VALUES ('COINSR201700000000000000','SM201711081436354534709','admin','2017-12-12 13:57:28',NULL,'CD-COIN000017');
INSERT INTO `tsys_menu_role` (`role_code`,`menu_code`,`updater`,`update_datetime`,`remark`,`system_code`) VALUES ('COINSR201700000000000000','SM201711081437069726688','admin','2017-12-12 13:57:28',NULL,'CD-COIN000017');
INSERT INTO `tsys_menu_role` (`role_code`,`menu_code`,`updater`,`update_datetime`,`remark`,`system_code`) VALUES ('COINSR201700000000000000','SM201711081437452861020','admin','2017-12-12 13:57:28',NULL,'CD-COIN000017');
INSERT INTO `tsys_menu_role` (`role_code`,`menu_code`,`updater`,`update_datetime`,`remark`,`system_code`) VALUES ('COINSR201700000000000000','SM201711081442278817722','admin','2017-12-12 13:57:28',NULL,'CD-COIN000017');
INSERT INTO `tsys_menu_role` (`role_code`,`menu_code`,`updater`,`update_datetime`,`remark`,`system_code`) VALUES ('COINSR201700000000000000','SM201711081444203473881','admin','2017-12-12 13:57:28',NULL,'CD-COIN000017');
INSERT INTO `tsys_menu_role` (`role_code`,`menu_code`,`updater`,`update_datetime`,`remark`,`system_code`) VALUES ('COINSR201700000000000000','SM201711091113070529521','admin','2017-12-12 13:57:28',NULL,'CD-COIN000017');
INSERT INTO `tsys_menu_role` (`role_code`,`menu_code`,`updater`,`update_datetime`,`remark`,`system_code`) VALUES ('COINSR201700000000000000','SM201711091346241039616','admin','2017-12-12 13:57:28',NULL,'CD-COIN000017');
INSERT INTO `tsys_menu_role` (`role_code`,`menu_code`,`updater`,`update_datetime`,`remark`,`system_code`) VALUES ('COINSR201700000000000000','SM201711091347287638130','admin','2017-12-12 13:57:28',NULL,'CD-COIN000017');
INSERT INTO `tsys_menu_role` (`role_code`,`menu_code`,`updater`,`update_datetime`,`remark`,`system_code`) VALUES ('COINSR201700000000000000','SM201711091347562977987','admin','2017-12-12 13:57:28',NULL,'CD-COIN000017');
INSERT INTO `tsys_menu_role` (`role_code`,`menu_code`,`updater`,`update_datetime`,`remark`,`system_code`) VALUES ('COINSR201700000000000000','SM201711091348223364368','admin','2017-12-12 13:57:28',NULL,'CD-COIN000017');
INSERT INTO `tsys_menu_role` (`role_code`,`menu_code`,`updater`,`update_datetime`,`remark`,`system_code`) VALUES ('COINSR201700000000000000','COINSM201700001000000001','admin','2017-12-12 13:57:28',NULL,'CD-COIN000017');
INSERT INTO `tsys_menu_role` (`role_code`,`menu_code`,`updater`,`update_datetime`,`remark`,`system_code`) VALUES ('COINSR201700000000000000','COINSM201700001000000002','admin','2017-12-12 13:57:28',NULL,'CD-COIN000017');
INSERT INTO `tsys_menu_role` (`role_code`,`menu_code`,`updater`,`update_datetime`,`remark`,`system_code`) VALUES ('COINSR201700000000000000','COINSM201700001000000003','admin','2017-12-12 13:57:28',NULL,'CD-COIN000017');
INSERT INTO `tsys_menu_role` (`role_code`,`menu_code`,`updater`,`update_datetime`,`remark`,`system_code`) VALUES ('COINSR201700000000000000','COINSM201700001000000004','admin','2017-12-12 13:57:28',NULL,'CD-COIN000017');
INSERT INTO `tsys_menu_role` (`role_code`,`menu_code`,`updater`,`update_datetime`,`remark`,`system_code`) VALUES ('COINSR201700000000000000','COINSM2017032911200961325','admin','2017-12-12 13:57:28',NULL,'CD-COIN000017');
INSERT INTO `tsys_menu_role` (`role_code`,`menu_code`,`updater`,`update_datetime`,`remark`,`system_code`) VALUES ('COINSR201700000000000000','COINSM201708241024194086655','admin','2017-12-12 13:57:28',NULL,'CD-COIN000017');
INSERT INTO `tsys_menu_role` (`role_code`,`menu_code`,`updater`,`update_datetime`,`remark`,`system_code`) VALUES ('COINSR201700000000000000','COINSM201707251006045006005','admin','2017-12-12 13:57:28',NULL,'CD-COIN000017');
INSERT INTO `tsys_menu_role` (`role_code`,`menu_code`,`updater`,`update_datetime`,`remark`,`system_code`) VALUES ('COINSR201700000000000000','COINSM2017033020005366333','admin','2017-12-12 13:57:28',NULL,'CD-COIN000017');
INSERT INTO `tsys_menu_role` (`role_code`,`menu_code`,`updater`,`update_datetime`,`remark`,`system_code`) VALUES ('COINSR201700000000000000','COINSM2017033020015631166','admin','2017-12-12 13:57:28',NULL,'CD-COIN000017');
INSERT INTO `tsys_menu_role` (`role_code`,`menu_code`,`updater`,`update_datetime`,`remark`,`system_code`) VALUES ('COINSR201700000000000000','COINSM2017033020021094115','admin','2017-12-12 13:57:28',NULL,'CD-COIN000017');
INSERT INTO `tsys_menu_role` (`role_code`,`menu_code`,`updater`,`update_datetime`,`remark`,`system_code`) VALUES ('COINSR201700000000000000','COINSM2017033020022649991','admin','2017-12-12 13:57:28',NULL,'CD-COIN000017');
INSERT INTO `tsys_menu_role` (`role_code`,`menu_code`,`updater`,`update_datetime`,`remark`,`system_code`) VALUES ('COINSR201700000000000000','COINSM2017033020024827112','admin','2017-12-12 13:57:28',NULL,'CD-COIN000017');
INSERT INTO `tsys_menu_role` (`role_code`,`menu_code`,`updater`,`update_datetime`,`remark`,`system_code`) VALUES ('COINSR201700000000000000','COINSM2017101716241339082','admin','2017-12-12 13:57:28',NULL,'CD-COIN000017');
INSERT INTO `tsys_menu_role` (`role_code`,`menu_code`,`updater`,`update_datetime`,`remark`,`system_code`) VALUES ('COINSR201700000000000000','COINSM2017101716253866426','admin','2017-12-12 13:57:28',NULL,'CD-COIN000017');
INSERT INTO `tsys_menu_role` (`role_code`,`menu_code`,`updater`,`update_datetime`,`remark`,`system_code`) VALUES ('COINSR201700000000000000','COINSM2017101716450533995','admin','2017-12-12 13:57:28',NULL,'CD-COIN000017');
INSERT INTO `tsys_menu_role` (`role_code`,`menu_code`,`updater`,`update_datetime`,`remark`,`system_code`) VALUES ('COINSR201700000000000000','COINSM2017101717551955993','admin','2017-12-12 13:57:28',NULL,'CD-COIN000017');
INSERT INTO `tsys_menu_role` (`role_code`,`menu_code`,`updater`,`update_datetime`,`remark`,`system_code`) VALUES ('COINSR201700000000000000','COINSM2017101717560118734','admin','2017-12-12 13:57:28',NULL,'CD-COIN000017');
INSERT INTO `tsys_menu_role` (`role_code`,`menu_code`,`updater`,`update_datetime`,`remark`,`system_code`) VALUES ('COINSR201700000000000000','COINSM2017101717563661357','admin','2017-12-12 13:57:28',NULL,'CD-COIN000017');
INSERT INTO `tsys_menu_role` (`role_code`,`menu_code`,`updater`,`update_datetime`,`remark`,`system_code`) VALUES ('COINSR201700000000000000','COINSM2017101716261754674','admin','2017-12-12 13:57:28',NULL,'CD-COIN000017');
INSERT INTO `tsys_menu_role` (`role_code`,`menu_code`,`updater`,`update_datetime`,`remark`,`system_code`) VALUES ('COINSR201700000000000000','COINSM2017101719082391126','admin','2017-12-12 13:57:28',NULL,'CD-COIN000017');
INSERT INTO `tsys_menu_role` (`role_code`,`menu_code`,`updater`,`update_datetime`,`remark`,`system_code`) VALUES ('COINSR201700000000000000','COINSM2017101719094151894','admin','2017-12-12 13:57:28',NULL,'CD-COIN000017');
INSERT INTO `tsys_menu_role` (`role_code`,`menu_code`,`updater`,`update_datetime`,`remark`,`system_code`) VALUES ('COINSR201700000000000000','COINSM2017101719100760088','admin','2017-12-12 13:57:28',NULL,'CD-COIN000017');
INSERT INTO `tsys_menu_role` (`role_code`,`menu_code`,`updater`,`update_datetime`,`remark`,`system_code`) VALUES ('COINSR201700000000000000','COINSM2017101719110981215','admin','2017-12-12 13:57:28',NULL,'CD-COIN000017');
INSERT INTO `tsys_menu_role` (`role_code`,`menu_code`,`updater`,`update_datetime`,`remark`,`system_code`) VALUES ('COINSR201700000000000000','COINSM2017120610552303416','admin','2017-12-12 13:57:28',NULL,'CD-COIN000017');
INSERT INTO `tsys_menu_role` (`role_code`,`menu_code`,`updater`,`update_datetime`,`remark`,`system_code`) VALUES ('COINSR201700000000000000','COINSM2017112911152991684','admin','2017-12-12 13:57:28',NULL,'CD-COIN000017');
INSERT INTO `tsys_menu_role` (`role_code`,`menu_code`,`updater`,`update_datetime`,`remark`,`system_code`) VALUES ('COINSR201700000000000000','COINSM2017112911280249973','admin','2017-12-12 13:57:28',NULL,'CD-COIN000017');
INSERT INTO `tsys_menu_role` (`role_code`,`menu_code`,`updater`,`update_datetime`,`remark`,`system_code`) VALUES ('COINSR201700000000000000','COINSM2017112914292031228','admin','2017-12-12 13:57:28',NULL,'CD-COIN000017');
INSERT INTO `tsys_menu_role` (`role_code`,`menu_code`,`updater`,`update_datetime`,`remark`,`system_code`) VALUES ('COINSR201700000000000000','COINSM2017112914295002950','admin','2017-12-12 13:57:28',NULL,'CD-COIN000017');
INSERT INTO `tsys_menu_role` (`role_code`,`menu_code`,`updater`,`update_datetime`,`remark`,`system_code`) VALUES ('COINSR201700000000000000','COINSM2017112914322481897','admin','2017-12-12 13:57:28',NULL,'CD-COIN000017');
INSERT INTO `tsys_menu_role` (`role_code`,`menu_code`,`updater`,`update_datetime`,`remark`,`system_code`) VALUES ('COINSR201700000000000000','COINSM2017112914325471772','admin','2017-12-12 13:57:28',NULL,'CD-COIN000017');
INSERT INTO `tsys_menu_role` (`role_code`,`menu_code`,`updater`,`update_datetime`,`remark`,`system_code`) VALUES ('COINSR201700000000000000','COINSM2017121215543215610','admin','2017-12-12 13:57:28',NULL,'CD-COIN000017');
INSERT INTO `tsys_menu_role` (`role_code`,`menu_code`,`updater`,`update_datetime`,`remark`,`system_code`) VALUES ('COINSR201700000000000000','COINSM2017121216045274832','admin','2017-12-12 13:57:28',NULL,'CD-COIN000017');
INSERT INTO `tsys_menu_role` (`role_code`,`menu_code`,`updater`,`update_datetime`,`remark`,`system_code`) VALUES ('COINSR201700000000000000','SM201711181218447587419','admin','2017-12-12 13:57:28',NULL,'CD-COIN000017');
INSERT INTO `tsys_menu_role` (`role_code`,`menu_code`,`updater`,`update_datetime`,`remark`,`system_code`) VALUES ('COINSR201700000000000000','SM201711181220013316605','admin','2017-12-12 13:57:28',NULL,'CD-COIN000017');
INSERT INTO `tsys_menu_role` (`role_code`,`menu_code`,`updater`,`update_datetime`,`remark`,`system_code`) VALUES ('COINSR201700000000000000','SM201711231353203735078','admin','2017-12-12 13:57:28',NULL,'CD-COIN000017');
INSERT INTO `tsys_menu_role` (`role_code`,`menu_code`,`updater`,`update_datetime`,`remark`,`system_code`) VALUES ('COINSR201700000000000000','SM201711232222591772487','admin','2017-12-12 13:57:28',NULL,'CD-COIN000017');
INSERT INTO `tsys_menu_role` (`role_code`,`menu_code`,`updater`,`update_datetime`,`remark`,`system_code`) VALUES ('COINSR201700000000000000','SM201711231354531532054','admin','2017-12-12 13:57:28',NULL,'CD-COIN000017');
INSERT INTO `tsys_menu_role` (`role_code`,`menu_code`,`updater`,`update_datetime`,`remark`,`system_code`) VALUES ('COINSR201700000000000000','SM201711232223319261758','admin','2017-12-12 13:57:28',NULL,'CD-COIN000017');
INSERT INTO `tsys_menu_role` (`role_code`,`menu_code`,`updater`,`update_datetime`,`remark`,`system_code`) VALUES ('COINSR201700000000000000','SM201711251639118496237','admin','2017-12-12 13:57:28',NULL,'CD-COIN000017');
INSERT INTO `tsys_menu_role` (`role_code`,`menu_code`,`updater`,`update_datetime`,`remark`,`system_code`) VALUES ('COINSR201700000000000000','SM201711251639362545256','admin','2017-12-12 13:57:28',NULL,'CD-COIN000017');
INSERT INTO `tsys_menu_role` (`role_code`,`menu_code`,`updater`,`update_datetime`,`remark`,`system_code`) VALUES ('COINSR201700000000000000','SM201711272034567989636','admin','2017-12-12 13:57:28',NULL,'CD-COIN000017');
INSERT INTO `tsys_menu_role` (`role_code`,`menu_code`,`updater`,`update_datetime`,`remark`,`system_code`) VALUES ('COINSR201700000000000000','SM201711281438072475181','admin','2017-12-12 13:57:28',NULL,'CD-COIN000017');
INSERT INTO `tsys_menu_role` (`role_code`,`menu_code`,`updater`,`update_datetime`,`remark`,`system_code`) VALUES ('COINSR201700000000000000','SM201711281440352206679','admin','2017-12-12 13:57:28',NULL,'CD-COIN000017');
INSERT INTO `tsys_menu_role` (`role_code`,`menu_code`,`updater`,`update_datetime`,`remark`,`system_code`) VALUES ('COINSR201700000000000000','SM201711281440497751340','admin','2017-12-12 13:57:28',NULL,'CD-COIN000017');
INSERT INTO `tsys_menu_role` (`role_code`,`menu_code`,`updater`,`update_datetime`,`remark`,`system_code`) VALUES ('COINSR201700000000000000','SM201711281441276181084','admin','2017-12-12 13:57:28',NULL,'CD-COIN000017');
INSERT INTO `tsys_menu_role` (`role_code`,`menu_code`,`updater`,`update_datetime`,`remark`,`system_code`) VALUES ('COINSR201700000000000000','SM201711281442162104491','admin','2017-12-12 13:57:28',NULL,'CD-COIN000017');
INSERT INTO `tsys_menu_role` (`role_code`,`menu_code`,`updater`,`update_datetime`,`remark`,`system_code`) VALUES ('COINSR201700000000000000','COINSM201708241036442974134','admin','2017-12-12 13:57:28',NULL,'CD-COIN000017');
INSERT INTO `tsys_menu_role` (`role_code`,`menu_code`,`updater`,`update_datetime`,`remark`,`system_code`) VALUES ('COINSR201700000000000000','SM201711071719583941706','admin','2017-12-12 13:57:28',NULL,'CD-COIN000017');
INSERT INTO `tsys_menu_role` (`role_code`,`menu_code`,`updater`,`update_datetime`,`remark`,`system_code`) VALUES ('COINSR201700000000000000','SM201711071721131644746','admin','2017-12-12 13:57:28',NULL,'CD-COIN000017');
INSERT INTO `tsys_menu_role` (`role_code`,`menu_code`,`updater`,`update_datetime`,`remark`,`system_code`) VALUES ('COINSR201700000000000000','SM201711071732196251623','admin','2017-12-12 13:57:28',NULL,'CD-COIN000017');
INSERT INTO `tsys_menu_role` (`role_code`,`menu_code`,`updater`,`update_datetime`,`remark`,`system_code`) VALUES ('COINSR201700000000000000','SM201711071741562566376','admin','2017-12-12 13:57:28',NULL,'CD-COIN000017');
INSERT INTO `tsys_menu_role` (`role_code`,`menu_code`,`updater`,`update_datetime`,`remark`,`system_code`) VALUES ('COINSR201700000000000000','SM201711071742227377285','admin','2017-12-12 13:57:28',NULL,'CD-COIN000017');
INSERT INTO `tsys_menu_role` (`role_code`,`menu_code`,`updater`,`update_datetime`,`remark`,`system_code`) VALUES ('COINSR201700000000000000','SM201711071742467608972','admin','2017-12-12 13:57:28',NULL,'CD-COIN000017');
INSERT INTO `tsys_menu_role` (`role_code`,`menu_code`,`updater`,`update_datetime`,`remark`,`system_code`) VALUES ('COINSR201700000000000000','SM201711071743219033850','admin','2017-12-12 13:57:28',NULL,'CD-COIN000017');
INSERT INTO `tsys_menu_role` (`role_code`,`menu_code`,`updater`,`update_datetime`,`remark`,`system_code`) VALUES ('COINSR201700000000000000','SM201712072026400753914','admin','2017-12-12 13:57:28',NULL,'CD-COIN000017');
INSERT INTO `tsys_menu_role` (`role_code`,`menu_code`,`updater`,`update_datetime`,`remark`,`system_code`) VALUES ('COINSR201700000000000000','SM201712072027384195776','admin','2017-12-12 13:57:28',NULL,'CD-COIN000017');
INSERT INTO `tsys_menu_role` (`role_code`,`menu_code`,`updater`,`update_datetime`,`remark`,`system_code`) VALUES ('COINSR201700000000000000','SM201711091636299534636','admin','2017-12-12 13:57:28',NULL,'CD-COIN000017');
INSERT INTO `tsys_menu_role` (`role_code`,`menu_code`,`updater`,`update_datetime`,`remark`,`system_code`) VALUES ('COINSR201700000000000000','SM201711091636598886982','admin','2017-12-12 13:57:28',NULL,'CD-COIN000017');
INSERT INTO `tsys_menu_role` (`role_code`,`menu_code`,`updater`,`update_datetime`,`remark`,`system_code`) VALUES ('COINSR201700000000000000','SM201712072007566346529','admin','2017-12-12 13:57:28',NULL,'CD-COIN000017');
INSERT INTO `tsys_menu_role` (`role_code`,`menu_code`,`updater`,`update_datetime`,`remark`,`system_code`) VALUES ('COINSR201700000000000000','SM201712072008133033263','admin','2017-12-12 13:57:28',NULL,'CD-COIN000017');
INSERT INTO `tsys_menu_role` (`role_code`,`menu_code`,`updater`,`update_datetime`,`remark`,`system_code`) VALUES ('COINSR201700000000000000','SM201712072008283138630','admin','2017-12-12 13:57:28',NULL,'CD-COIN000017');
INSERT INTO `tsys_menu_role` (`role_code`,`menu_code`,`updater`,`update_datetime`,`remark`,`system_code`) VALUES ('COINSR201700000000000000','SM201711091638097956060','admin','2017-12-12 13:57:28',NULL,'CD-COIN000017');
INSERT INTO `tsys_menu_role` (`role_code`,`menu_code`,`updater`,`update_datetime`,`remark`,`system_code`) VALUES ('COINSR201700000000000000','SM201711091639383748993','admin','2017-12-12 13:57:28',NULL,'CD-COIN000017');
INSERT INTO `tsys_menu_role` (`role_code`,`menu_code`,`updater`,`update_datetime`,`remark`,`system_code`) VALUES ('COINSR201700000000000000','SM201711091640072325860','admin','2017-12-12 13:57:28',NULL,'CD-COIN000017');
INSERT INTO `tsys_menu_role` (`role_code`,`menu_code`,`updater`,`update_datetime`,`remark`,`system_code`) VALUES ('COINSR201700000000000000','SM201711091641382614985','admin','2017-12-12 13:57:28',NULL,'CD-COIN000017');
INSERT INTO `tsys_menu_role` (`role_code`,`menu_code`,`updater`,`update_datetime`,`remark`,`system_code`) VALUES ('COINSR201700000000000000','SM201711091642028999956','admin','2017-12-12 13:57:28',NULL,'CD-COIN000017');
INSERT INTO `tsys_menu_role` (`role_code`,`menu_code`,`updater`,`update_datetime`,`remark`,`system_code`) VALUES ('COINSR201700000000000000','SM201711091710574389258','admin','2017-12-12 13:57:28',NULL,'CD-COIN000017');
INSERT INTO `tsys_menu_role` (`role_code`,`menu_code`,`updater`,`update_datetime`,`remark`,`system_code`) VALUES ('COINSR201700000000000000','SM201711091712271962290','admin','2017-12-12 13:57:28',NULL,'CD-COIN000017');
INSERT INTO `tsys_menu_role` (`role_code`,`menu_code`,`updater`,`update_datetime`,`remark`,`system_code`) VALUES ('COINSR201700000000000000','SM201711091712492468382','admin','2017-12-12 13:57:28',NULL,'CD-COIN000017');
INSERT INTO `tsys_menu_role` (`role_code`,`menu_code`,`updater`,`update_datetime`,`remark`,`system_code`) VALUES ('COINSR201700000000000000','SM201711181154357386481','admin','2017-12-12 13:57:28',NULL,'CD-COIN000017');
INSERT INTO `tsys_menu_role` (`role_code`,`menu_code`,`updater`,`update_datetime`,`remark`,`system_code`) VALUES ('COINSR201700000000000000','SM201711091719313133524','admin','2017-12-12 13:57:28',NULL,'CD-COIN000017');
INSERT INTO `tsys_menu_role` (`role_code`,`menu_code`,`updater`,`update_datetime`,`remark`,`system_code`) VALUES ('COINSR201700000000000000','SM201711091719507483488','admin','2017-12-12 13:57:28',NULL,'CD-COIN000017');
INSERT INTO `tsys_menu_role` (`role_code`,`menu_code`,`updater`,`update_datetime`,`remark`,`system_code`) VALUES ('COINSR201700000000000000','SM201711181155140535753','admin','2017-12-12 13:57:28',NULL,'CD-COIN000017');
INSERT INTO `tsys_menu_role` (`role_code`,`menu_code`,`updater`,`update_datetime`,`remark`,`system_code`) VALUES ('COINSR201700000000000000','SM201711091711202133779','admin','2017-12-12 13:57:28',NULL,'CD-COIN000017');
INSERT INTO `tsys_menu_role` (`role_code`,`menu_code`,`updater`,`update_datetime`,`remark`,`system_code`) VALUES ('COINSR201700000000000000','SM201711091723009493989','admin','2017-12-12 13:57:28',NULL,'CD-COIN000017');
INSERT INTO `tsys_menu_role` (`role_code`,`menu_code`,`updater`,`update_datetime`,`remark`,`system_code`) VALUES ('COINSR201700000000000000','SM201711251744181898035','admin','2017-12-12 13:57:28',NULL,'CD-COIN000017');
INSERT INTO `tsys_menu_role` (`role_code`,`menu_code`,`updater`,`update_datetime`,`remark`,`system_code`) VALUES ('COINSR201700000000000000','SM201711281416536405612','admin','2017-12-12 13:57:28',NULL,'CD-COIN000017');
INSERT INTO `tsys_menu_role` (`role_code`,`menu_code`,`updater`,`update_datetime`,`remark`,`system_code`) VALUES ('COINSR201700000000000000','SM201711281418317701012','admin','2017-12-12 13:57:28',NULL,'CD-COIN000017');
INSERT INTO `tsys_menu_role` (`role_code`,`menu_code`,`updater`,`update_datetime`,`remark`,`system_code`) VALUES ('COINSR201700000000000000','SM201711091711390371362','admin','2017-12-12 13:57:28',NULL,'CD-COIN000017');
INSERT INTO `tsys_menu_role` (`role_code`,`menu_code`,`updater`,`update_datetime`,`remark`,`system_code`) VALUES ('COINSR201700000000000000','SM201711091724462495772','admin','2017-12-12 13:57:28',NULL,'CD-COIN000017');
INSERT INTO `tsys_menu_role` (`role_code`,`menu_code`,`updater`,`update_datetime`,`remark`,`system_code`) VALUES ('COINSR201700000000000000','SM201711091726534627002','admin','2017-12-12 13:57:28',NULL,'CD-COIN000017');
INSERT INTO `tsys_menu_role` (`role_code`,`menu_code`,`updater`,`update_datetime`,`remark`,`system_code`) VALUES ('COINSR201700000000000000','SM201711091728365155392','admin','2017-12-12 13:57:28',NULL,'CD-COIN000017');
INSERT INTO `tsys_menu_role` (`role_code`,`menu_code`,`updater`,`update_datetime`,`remark`,`system_code`) VALUES ('COINSR201700000000000000','SM201711091729039813895','admin','2017-12-12 13:57:28',NULL,'CD-COIN000017');
INSERT INTO `tsys_menu_role` (`role_code`,`menu_code`,`updater`,`update_datetime`,`remark`,`system_code`) VALUES ('COINSR201700000000000000','SM201711091729369582783','admin','2017-12-12 13:57:28',NULL,'CD-COIN000017');
INSERT INTO `tsys_menu_role` (`role_code`,`menu_code`,`updater`,`update_datetime`,`remark`,`system_code`) VALUES ('COINSR201700000000000000','SM201711091730354633453','admin','2017-12-12 13:57:28',NULL,'CD-COIN000017');
INSERT INTO `tsys_menu_role` (`role_code`,`menu_code`,`updater`,`update_datetime`,`remark`,`system_code`) VALUES ('COINSR201700000000000000','SM201711171350455423428','admin','2017-12-12 13:57:28',NULL,'CD-COIN000017');
INSERT INTO `tsys_menu_role` (`role_code`,`menu_code`,`updater`,`update_datetime`,`remark`,`system_code`) VALUES ('COINSR201700000000000000','SM201711171351069262405','admin','2017-12-12 13:57:28',NULL,'CD-COIN000017');
INSERT INTO `tsys_menu_role` (`role_code`,`menu_code`,`updater`,`update_datetime`,`remark`,`system_code`) VALUES ('COINSR201700000000000000','SM201711251424527328546','admin','2017-12-12 13:57:28',NULL,'CD-COIN000017');
INSERT INTO `tsys_menu_role` (`role_code`,`menu_code`,`updater`,`update_datetime`,`remark`,`system_code`) VALUES ('COINSR201700000000000000','SM201712121458129277867','admin','2017-12-12 13:57:28',NULL,'CD-COIN000017');
INSERT INTO `tsys_menu_role` (`role_code`,`menu_code`,`updater`,`update_datetime`,`remark`,`system_code`) VALUES ('COINSR201700000000000000','SM201712121458250729729','admin','2017-12-12 13:57:28',NULL,'CD-COIN000017');
INSERT INTO `tsys_menu_role` (`role_code`,`menu_code`,`updater`,`update_datetime`,`remark`,`system_code`) VALUES ('COINSR201700000000000000','SM201711181351035579061','admin','2017-12-12 13:57:28',NULL,'CD-COIN000017');
INSERT INTO `tsys_menu_role` (`role_code`,`menu_code`,`updater`,`update_datetime`,`remark`,`system_code`) VALUES ('COINSR201700000000000000','SM201711151745051751013','admin','2017-12-12 13:57:28',NULL,'CD-COIN000017');
INSERT INTO `tsys_menu_role` (`role_code`,`menu_code`,`updater`,`update_datetime`,`remark`,`system_code`) VALUES ('COINSR201700000000000000','SM201711151745572859074','admin','2017-12-12 13:57:28',NULL,'CD-COIN000017');
INSERT INTO `tsys_menu_role` (`role_code`,`menu_code`,`updater`,`update_datetime`,`remark`,`system_code`) VALUES ('COINSR201700000000000000','SM201711151747477561668','admin','2017-12-12 13:57:28',NULL,'CD-COIN000017');
INSERT INTO `tsys_menu_role` (`role_code`,`menu_code`,`updater`,`update_datetime`,`remark`,`system_code`) VALUES ('COINSR201700000000000000','SM201711181155445002845','admin','2017-12-12 13:57:28',NULL,'CD-COIN000017');







