
/*
-- Query: SELECT * FROM coin_xn_coin.tstd_cnavigate
-- Date: 2017-11-30 17:00
*/
INSERT INTO `tstd_cnavigate` (`code`,`name`,`type`,`url`,`pic`,`status`,`location`,`order_no`,`belong`,`parent_code`,`remark`,`content_type`,`company_code`,`system_code`) VALUES ('DH201711271342486662078','banner','2','','交易bannner2@3x_1511771627392.png','1','trade',1,'1','0','','1','CD-COIN000017','CD-COIN000017');
INSERT INTO `tstd_cnavigate` (`code`,`name`,`type`,`url`,`pic`,`status`,`location`,`order_no`,`belong`,`parent_code`,`remark`,`content_type`,`company_code`,`system_code`) VALUES ('DH201711271344255452496','banner2','2','','c@3x_1511772301720.png','1','market',2,'1','0','','1','CD-COIN000017','CD-COIN000017');
INSERT INTO `tstd_cnavigate` (`code`,`name`,`type`,`url`,`pic`,`status`,`location`,`order_no`,`belong`,`parent_code`,`remark`,`content_type`,`company_code`,`system_code`) VALUES ('DH201711301033386606987','邀请好友','2','','邀请好友图片_1512009213139.png','1','activity',1,'1','0','','1','CD-COIN000017','CD-COIN000017');
INSERT INTO `tstd_cnavigate` (`code`,`name`,`type`,`url`,`pic`,`status`,`location`,`order_no`,`belong`,`parent_code`,`remark`,`content_type`,`company_code`,`system_code`) VALUES ('DH201712201626529747378','web首页banner1','2','','banner_1513758369977.png','1','web_banner',1,'1','0','','1','CD-COIN000017','CD-COIN000017');
INSERT INTO `tstd_cnavigate` (`code`,`name`,`type`,`url`,`pic`,`status`,`location`,`order_no`,`belong`,`parent_code`,`remark`,`content_type`,`company_code`,`system_code`) VALUES ('DH201712201627130809572','web首页banner2','2','','banner2_1513758431226.png','1','web_banner',2,'1','0','','1','CD-COIN000017','CD-COIN000017');
INSERT INTO `tstd_cnavigate` (`code`,`name`,`type`,`url`,`pic`,`status`,`location`,`order_no`,`belong`,`parent_code`,`remark`,`content_type`,`company_code`,`system_code`) VALUES ('DH201712201634317823259','web下载二维码','2','','qrcode_1513758868430.png','1','web_download',1,'1','0','','1','CD-COIN000017','CD-COIN000017');
INSERT INTO `tstd_cnavigate` (`code`,`name`,`type`,`url`,`pic`,`status`,`location`,`order_no`,`belong`,`parent_code`,`remark`,`content_type`,`company_code`,`system_code`) VALUES ('DH201712201635035413821','webqq二维码','2','','qrcode_1513758900219.png','1','web_qq',1,'1','0','','1','CD-COIN000017','CD-COIN000017');
INSERT INTO `tstd_cnavigate` (`code`,`name`,`type`,`url`,`pic`,`status`,`location`,`order_no`,`belong`,`parent_code`,`remark`,`content_type`,`company_code`,`system_code`) VALUES ('DH201712201635218014246','web微博二维码','2','','qrcode_1513758919110.png','1','web_weibo',1,'1','0','','1','CD-COIN000017','CD-COIN000017');
INSERT INTO `tstd_cnavigate` (`code`,`name`,`type`,`url`,`pic`,`status`,`location`,`order_no`,`belong`,`parent_code`,`remark`,`content_type`,`company_code`,`system_code`) VALUES ('DH201712201635404165992','web微信二维码','2','','qrcode_1513758937804.png','1','web_wechat',1,'1','0','','1','CD-COIN000017','CD-COIN000017');

INSERT INTO `tstd_user` (`user_id`,`login_name`,`login_pwd`,`login_pwd_strength`,`kind`,`level`,`role_code`,`status`,`create_datetime`,`remark`,`company_code`,`system_code`) VALUES ('UCOIN201700000000000001','admin','21218cca77804d2ba1922c33e0151105','1','P','0','COINSR201700000000000000','0',now(),'管理端系统方','CD-COIN000017','CD-COIN000017');
/*
-- Query: SELECT * FROM std_account.tstd_account where user_id = 'CD-COIN000017'
-- Date: 2016-12-29 15:08
*/
INSERT INTO `tstd_account` (`account_number`,`user_id`,`real_name`,`type`,`status`,`currency`,`amount`,`frozen_amount`,`md5`,`create_datetime`,`last_order`,`company_code`,`system_code`) VALUES ('SYS_ACOUNT_ETH','SYS_USER_ETH','平台ETH盈亏账户','P','0','ETH',0,0,'b99e0407fedc3d160f73fec8d1fa9a0c',now(),NULL,'CD-COIN000017','CD-COIN000017');
INSERT INTO `tstd_account` (`account_number`,`user_id`,`real_name`,`type`,`status`,`currency`,`amount`,`frozen_amount`,`md5`,`create_datetime`,`last_order`,`company_code`,`system_code`) VALUES ('SYS_ACOUNT_ETH_COLD','SYS_USER_ETH_COLD','平台ETH冷钱包','P','0','ETH',0,0,'b99e0407fedc3d160f73fec8d1fa9a0c',now(),NULL,'CD-COIN000017','CD-COIN000017');

/*
-- Query: SELECT * FROM coin_xn_coin_dev.tcoin_market
-- Date: 2017-11-20 10:07
*/
INSERT INTO `tcoin_market` (`coin`,`refer_currency`,`origin`,`last_price`,`bid`,`ask`,`mid`,`low`,`high`,`volume`,`update_datetime`) VALUES ('ETH','CNY','bitfinex',2364.7634,2364.7634,2366.0226,2365.3930,2275.1569,2458.8767,'334291.04556696',now());
INSERT INTO `tcoin_market` (`coin`,`refer_currency`,`origin`,`last_price`,`bid`,`ask`,`mid`,`low`,`high`,`volume`,`update_datetime`) VALUES ('BTC','CNY','bitfinex',53154.8168,53154.1540,53154.8168,53154.4854,50701.9050,53883.2010,'39982.7165797',now());
INSERT INTO `tcoin_market` (`coin`,`refer_currency`,`origin`,`last_price`,`bid`,`ask`,`mid`,`low`,`high`,`volume`,`update_datetime`) VALUES ('ETH','CNY','okex',2369.4028,2369.4028,2370.0655,2369.7341,2273.3011,2480.8807,'14841.66',now());
INSERT INTO `tcoin_market` (`coin`,`refer_currency`,`origin`,`last_price`,`bid`,`ask`,`mid`,`low`,`high`,`volume`,`update_datetime`) VALUES ('BTC','CNY','okex',53068.4578,53068.3916,53068.4578,53068.4247,50766.3262,53684.3037,'1946.88',now());

/*
-- Query: SELECT * FROM coin_xn_coin_dev.tcoin_currency_rate
-- Date: 2017-11-20 10:08
*/
INSERT INTO `tcoin_currency_rate` (`currency`,`refer_currency`,`origin`,`rate`,`update_datetime`) VALUES ('HKD','CNY','juhe',0.8487,now());
INSERT INTO `tcoin_currency_rate` (`currency`,`refer_currency`,`origin`,`rate`,`update_datetime`) VALUES ('USD','CNY','juhe',6.6277,now());

/*
-- Query: select `type`,`ckey`,`cvalue`,`updater`,`update_datetime`,`remark`,`company_code`,`system_code` from tsys_config
-- Date: 2017-08-23 10:21
*/
INSERT INTO `tsys_config` (`type`,`ckey`,`cvalue`,`updater`,`update_datetime`,`remark`,`company_code`,`system_code`) VALUES ('qiniu','qiniu_access_key','OugFobOQxavLzefKuIHCjGT6Gpsv0SCszdWrlQ39','admin',now(),'七牛云key1','CD-COIN000017','CD-COIN000017');
INSERT INTO `tsys_config` (`type`,`ckey`,`cvalue`,`updater`,`update_datetime`,`remark`,`company_code`,`system_code`) VALUES ('qiniu','qiniu_secret_key','J4RqFulrTWdRs79lM_HFde_K4gtb3FwWEYn8xHic','admin',now(),'七牛云key1','CD-COIN000017','CD-COIN000017');
INSERT INTO `tsys_config` (`type`,`ckey`,`cvalue`,`updater`,`update_datetime`,`remark`,`company_code`,`system_code`) VALUES ('qiniu','qiniu_bucket','beicoin','admin',now(),'存储空间','CD-COIN000017','CD-COIN000017');
INSERT INTO `tsys_config` (`type`,`ckey`,`cvalue`,`updater`,`update_datetime`,`remark`,`company_code`,`system_code`) VALUES ('qiniu','qiniu_domain','ozfszueqz.bkt.clouddn.com','admin',now(),'访问域名','CD-COIN000017','CD-COIN000017');

INSERT INTO `tsys_config` (`type`,`ckey`,`cvalue`,`updater`,`update_datetime`,`remark`,`company_code`,`system_code`) VALUES ('tencent_im','tx_app_code','1400050575','admin',now(),'应用编号','CD-COIN000017','CD-COIN000017');
INSERT INTO `tsys_config` (`type`,`ckey`,`cvalue`,`updater`,`update_datetime`,`remark`,`company_code`,`system_code`) VALUES ('tencent_im','tx_app_admin','admin','admin',now(),'账号管理员','CD-COIN000017','CD-COIN000017');
INSERT INTO `tsys_config` (`type`,`ckey`,`cvalue`,`updater`,`update_datetime`,`remark`,`company_code`,`system_code`) VALUES ('tencent_im','tx_access_key','-----BEGIN PUBLIC KEY-----\nMFkwEwYHKoZIzj0CAQYIKoZIzj0DAQcDQgAETVy+sF6PGdpX7iQ+fY6uheR7O02p\nVMUnX+/GDN5Bk3GGZA1wASLOhd/XyRb+FSnjMSafJSKD6FVzDtPdfy8h7w==\n-----END PUBLIC KEY-----','admin',now(),'公钥','CD-COIN000017','CD-COIN000017');
INSERT INTO `tsys_config` (`type`,`ckey`,`cvalue`,`updater`,`update_datetime`,`remark`,`company_code`,`system_code`) VALUES ('tencent_im','tx_secret_key','-----BEGIN PRIVATE KEY-----\nMIGHAgEAMBMGByqGSM49AgEGCCqGSM49AwEHBG0wawIBAQQgft/yZF5jXWYcXNbI\noHE9ftdVfC1f8SQ0mWrs6EdjW8ChRANCAARNXL6wXo8Z2lfuJD59jq6F5Hs7TalU\nxSdf78YM3kGTcYZkDXABIs6F39fJFv4VKeMxJp8lIoPoVXMO091/LyHv\n-----END PRIVATE KEY-----','admin',now(),'私钥','CD-COIN000017','CD-COIN000017');
INSERT INTO `tsys_config` (`type`,`ckey`,`cvalue`,`updater`,`update_datetime`,`remark`,`company_code`,`system_code`) VALUES ('tencent_im','tx_account_type','19287','admin',now(),'账号类型','CD-COIN000017','CD-COIN000017');

INSERT INTO `tsys_config` (`type`,`ckey`,`cvalue`,`updater`,`update_datetime`,`remark`,`company_code`,`system_code`) VALUES ('sys_txt','about_us','<p>關於倍可盈</p><p>倍可盈是個人與個人之間交易比特幣的場外交易平台。</p><p>倍可盈隸屬於香港Bcoin Limited,由專業的國際化團隊研發與運營，專注於為全球用戶提供便捷,可依賴的區塊鏈服務。 Bcoin匯聚全球用戶，致力於打造世界級的區塊鏈資產平台。</p><p>在倍可盈，來自不同國家的人們可以用本國貨幣購買到比特幣。網站的賣家發佈出售比特幣的廣告，並說明付款方式和匯率。您可根據廣告內容選擇直接在線交易。比特幣都存放在倍可盈的網絡錢包裡，您可以直接進行比特幣轉賬。</p><p>Bcoin，是一個自由買賣安全可信賴的OTC交易平台。我們希望人們交易和使用比特幣變得更加簡單。越來越多的人更願意通過場外交易方式購買和出售比特幣，因為這種方式更加快速，而且支持各種不同的付款方式。實時競價的比特幣交易所往往比較慢且麻煩。因此，我們讓使用相同付款方式的人們建立聯繫進行交易會加快資金轉移速度。</p><p>&nbsp;</p><p>為什麼選擇倍可盈</p><p>快速買賣</p><p>Bcoin是一個不涉及第三方的P2P交易平台，交易過程方便快捷。</p><p>安全可靠</p><p>冷存儲、SSL、多重加密等銀行級別安全技術，十年金融安全經驗的安全團隊。</p><p>及時掌控</p><p>WEB、APP行情及時掌握，交易隨時隨地。</p><p>·&nbsp;&nbsp;&nbsp;&nbsp;&nbsp;&nbsp;\r\n更簡單易懂的產品設計，幫助您快速和簡單地進行比特幣交易。&nbsp;</p><p>·&nbsp;&nbsp;&nbsp;&nbsp;&nbsp;&nbsp;\r\n我們安全的託管保護系統可以同時保護買家和賣家。&nbsp;</p><p>·&nbsp;&nbsp;&nbsp;&nbsp;&nbsp;&nbsp;\r\n強大的搜索功能可以幫助您找到合適的交易者。&nbsp;</p><p>·&nbsp;&nbsp;&nbsp;&nbsp;&nbsp;&nbsp;\r\n冷存儲、SSL、多重加密等銀行級別安全技術，保障您的比特幣安全存儲。&nbsp;</p><p>&nbsp;</p><p>使用Bcoin產品的相關費用說明</p><p>註冊Bcoin是完全免費的，而且您將獲得一個免費的在線比特幣錢包。不需要安裝任何應用即可使用。&nbsp; 從Bcoin市場上購買和出售比特幣完全免費。&nbsp; 發布交易廣告的Bcoin用戶每筆完成的交易需要繳納&nbsp;0.7%&nbsp;的費用。&nbsp; 與其他Bcoin用戶的錢包進行轉賬交易免費。&nbsp; 與其他比特幣錢包進行交易需要繳納比特幣網絡轉賬費。費用多少會根據比特幣區塊鏈當前的使用率有所變化，我們會根據當前網絡阻塞情況自動調整此費用，以確保您的交易能夠盡快得到確認。您發送交易後，交易費將從您的Bcoin錢包中扣除。&nbsp; 當前與其他比特幣錢包之間的網絡手續費約為&nbsp;0.0009&nbsp;BTC。網絡手續費按筆計。&nbsp;</p><p>&nbsp;</p><p>成為我們的合作夥伴</p><p>倍可盈正在尋求同樣希望看到比特幣經濟增長的合作夥伴。</p><p>您也看好比特幣嗎？倍可盈一直在尋找願意把比特幣發展到一個新的水平的加盟者和合作夥伴。無論您在哪裡，都歡迎您加入我們。</p><p>· 擁有比特幣或進行比特幣交易？&nbsp;<a href=\"http://www.bcoin.im\" target=\"_blank\">創建</a>一個出售或者購買比特幣的廣告，大額交易可以與客服團隊聯繫合作優惠。聯繫方式:<a href=\"http://www.bcoin.im\" target=\"_blank\" link5283926794106455=\"1\">&nbsp;</a><a href=\"http://www.bcoin.im\" target=\"_blank\">beicoin@foxmail.com</a></p><p>·&nbsp;<a href=\"http://www.bcoin.im\" target=\"_blank\">成為Bcoin的會員</a>可以從每一個您新帶來網站的訪問者中掙得比特幣。</p><p>&nbsp;</p><p>&nbsp;</p><p></p><p>&nbsp;</p><p><br></p>','admin',now(),'关于我们','CD-COIN000017','CD-COIN000017');
INSERT INTO `tsys_config` (`type`,`ckey`,`cvalue`,`updater`,`update_datetime`,`remark`,`company_code`,`system_code`) VALUES ('sys_txt','questions','<p>為什麼我的比特幣價格和交易廣告中的不同？</p><p>目前發布的廣告的價格是基於各大知名實時交易所的價格均衡算出的一種價格，可以大概反映出市場價，這個價格是會不斷被更新的，以便讓您的廣告保持趨於合理的範圍內。</p><p>我不慎標記付款為完成，但沒有支付</p><p>如果您沒有完成支付，請取消交易並在您準備好支付後發起一個新的交易請求。標記付款為完成的交易將導致比特幣被鎖定在託管中賣家無法出售它們。&nbsp;\r\n未付款卻不慎標記付款為完成，且不主動取消購買，將導致您的用戶帳戶得到負面的評價。 Bcoin會對此類行為的賬戶進行限製或關閉。&nbsp;</p><p>我不知道該如何支付，而且我也看不懂有關付款的說明</p><p>一般賣家會設置詳細的付款信息。有時賣家只會披露部分信息，例如接收方銀行帳戶名稱等，更詳細的信息需要下單之後賣家才會提供。如果您不知道如何按照給定信息支付，請聯繫賣家溝通以獲得進一步的指示。</p><p>我已付款，但没有按下標記“已完成付款”按鈕</p><p>如果您把錢付給了賣家，一定記得在付款期限內標記已付款。</p><p>&nbsp;</p><p>如果沒有在付款期限內標記付款為已完成， 您可以使用聊天框聯繫賣家重新開啟交易。、\r\n重新開啟的交易將再次得到託管的保護，直到賣家確認您的付款已經到達他的賬戶。</p><p>我已經下單，但無法在給定的時間期限內支付</p><p>請取消交易或留言給賣家，說明您無法及時付款。賣家可以在您準備好付款以後重新開啟交易。</p><p>&nbsp;</p><p><br></p>','admin',now(),'常见问题','CD-COIN000017','CD-COIN000017');
INSERT INTO `tsys_config` (`type`,`ckey`,`cvalue`,`updater`,`update_datetime`,`remark`,`company_code`,`system_code`) VALUES ('sys_txt','service','<p>交易流程概述</p><p>這裡將給您說明如何將比特幣出售給買家的在線出售交易。流程與在線購買比特幣的流程相似，但此示例重點在於出售比特幣，因為出售是最普遍的交易類型。&nbsp;\r\n首先，您需要創建在線出售比特幣廣告（稱為在線出售廣告）。創建廣告時，您應選擇付款方式、設置價格和限制，並以自由格式消息形式寫下交易條款。&nbsp;\r\n然後，您需要用比特幣為您的 Bcoin錢包充值。您的 Bcoin錢包中需要有比特幣，這樣客戶才能通過您的廣告發起交易請求。&nbsp;\r\n買家向您發起交易時，交易的全額比特幣會自動從您​​的錢包中扣除，保存在託管中。為買家提供付款說明並指導買家為交易付款。可以通過聊天功能直接與對方溝通更多交易細節。&nbsp;\r\n買家付款並按下標記付款完成按鈕後，您會通過站內信息或手機短信收到交易付款通知。&nbsp;\r\n確認收到付款後，您需要放行比特幣。這會將比特幣從託管轉到買家的 Bcoin 錢包中。&nbsp;\r\n最後一步是為買家留下反饋，同時鼓勵買家為您留下反饋。反饋對於獲得信譽和進行更多交易十分重要。</p><p>&nbsp;<span style=\"display: inline !important;\">由於App\r\nStore對比特幣錢包和交易類App的上架策略，目前無法在App\r\nStore中國區下載Bcoin\r\nApp，\r\n請您參照以下步驟註冊一個香港區Apple ID即可下載使用海外版Bcoin\r\nAPP</span></p><p>1.&nbsp;打開App Store，點擊進去後，在【精品推薦】頁面，下滑到最底端，點擊Apple ID，點擊註銷</p><p><img src=\"http://ozfszueqz.bkt.clouddn.com/1_1513131229431.png\" style=\"max-width:100%\"><br></p><p><img src=\"http://ozfszueqz.bkt.clouddn.com/2_1513131238856.png\" style=\"max-width:100%\"><br></p><p><span style=\"display: inline !important;\">2. 進入App Store界面之後，點擊任意一個免費的App，進入頁面後點擊「獲取」，接著選擇「安裝」（請勿選擇收費項目），在彈出框中選擇「創建新 Apple ID」</span><br></p><p><span style=\"display: inline !important;\"><img src=\"http://ozfszueqz.bkt.clouddn.com/3_1513131247278.png\" style=\"max-width:100%\"><br></span></p><p><span style=\"display: inline !important;\"><img src=\"http://ozfszueqz.bkt.clouddn.com/4_1513131256166.png\" style=\"max-width:100%\"><br></span></p><p><span style=\"display: inline !important;\"><img src=\"http://ozfszueqz.bkt.clouddn.com/5_1513131270547.png\" style=\"max-width:100%\"><br></span></p><p><span style=\"display: inline !important;\"><img src=\"http://ozfszueqz.bkt.clouddn.com/6_1513131279946.png\" style=\"max-width:100%\"><br></span></p><p><v:shape id=\"图片_x0020_8\" o:spid=\"_x0000_i1032\" type=\"#_x0000_t75\" alt=\"说明: __3_SyVwPlUiZ.jpg\" style=\"width:225pt;height:401pt;visibility:visible;\r\n mso-wrap-style:square\">\r\n <v:imagedata src=\"file://localhost/private/var/folders/sb/2yw6bwkd2jdfp4b_g8j3xz0r0000gn/T/TemporaryItems/msoclip/0/clip_image005.jpg\" o:title=\"__3_SyVwPlUiZ.jpg\">\r\n<v:shape id=\"图片_x0020_7\" o:spid=\"_x0000_i1031\" type=\"#_x0000_t75\" alt=\"说明: __4_Hyr5DeIsZ.jpg\" style=\"width:226pt;height:403pt;visibility:visible;mso-wrap-style:square\">\r\n <v:imagedata src=\"file://localhost/private/var/folders/sb/2yw6bwkd2jdfp4b_g8j3xz0r0000gn/T/TemporaryItems/msoclip/0/clip_image007.jpg\" o:title=\"__4_Hyr5DeIsZ.jpg\">\r\n</v:imagedata></v:shape></v:imagedata></v:shape></p><p><v:shape id=\"图片_x0020_6\" o:spid=\"_x0000_i1030\" type=\"#_x0000_t75\" alt=\"说明: __5_HyrN_g8sZ.jpg\" style=\"width:228pt;height:406pt;visibility:visible;\r\n mso-wrap-style:square\">\r\n <v:imagedata src=\"file://localhost/private/var/folders/sb/2yw6bwkd2jdfp4b_g8j3xz0r0000gn/T/TemporaryItems/msoclip/0/clip_image009.jpg\" o:title=\"__5_HyrN_g8sZ.jpg\">\r\n<v:shape id=\"图片_x0020_5\" o:spid=\"_x0000_i1029\" type=\"#_x0000_t75\" alt=\"说明: __6_BkEP_lLoW.jpg\" style=\"width:228pt;height:406pt;visibility:visible;mso-wrap-style:square\">\r\n <v:imagedata src=\"file://localhost/private/var/folders/sb/2yw6bwkd2jdfp4b_g8j3xz0r0000gn/T/TemporaryItems/msoclip/0/clip_image011.jpg\" o:title=\"__6_BkEP_lLoW.jpg\">\r\n</v:imagedata></v:shape></v:imagedata></v:shape></p><p><v:shape id=\"图片_x0020_4\" o:spid=\"_x0000_i1028\" type=\"#_x0000_t75\" alt=\"说明: __7_Byqs_x8oZ.jpg\" style=\"width:228pt;height:406pt;visibility:visible;\r\n mso-wrap-style:square\">\r\n <v:imagedata src=\"file://localhost/private/var/folders/sb/2yw6bwkd2jdfp4b_g8j3xz0r0000gn/T/TemporaryItems/msoclip/0/clip_image013.jpg\" o:title=\"__7_Byqs_x8oZ.jpg\">\r\n<v:shape id=\"图片_x0020_3\" o:spid=\"_x0000_i1027\" type=\"#_x0000_t75\" alt=\"说明: __8_ryr1Kx8j-.jpg\" style=\"width:228pt;height:406pt;visibility:visible;mso-wrap-style:square\">\r\n <v:imagedata src=\"file://localhost/private/var/folders/sb/2yw6bwkd2jdfp4b_g8j3xz0r0000gn/T/TemporaryItems/msoclip/0/clip_image015.jpg\" o:title=\"__8_ryr1Kx8j-.jpg\">\r\n</v:imagedata></v:shape></v:imagedata></v:shape></p><p><img src=\"http://ozfszueqz.bkt.clouddn.com/7_1513131288049.png\" style=\"max-width:100%\"><br></p><p><img src=\"http://ozfszueqz.bkt.clouddn.com/8_1513131296510.png\" style=\"max-width:100%\"><br></p><p>3. 登錄郵箱驗證新的Apple ID，驗證完成後即可下載使用Bcoin</p><p><v:shape id=\"图片_x0020_2\" o:spid=\"_x0000_i1026\" type=\"#_x0000_t75\" alt=\"说明: __9_ByqQHxLib.jpg\" style=\"width:228pt;height:406pt;visibility:visible;mso-wrap-style:square\">\r\n <v:imagedata src=\"file://localhost/private/var/folders/sb/2yw6bwkd2jdfp4b_g8j3xz0r0000gn/T/TemporaryItems/msoclip/0/clip_image017.jpg\" o:title=\"__9_ByqQHxLib.jpg\">\r\n<v:shape id=\"图片_x0020_1\" o:spid=\"_x0000_i1025\" type=\"#_x0000_t75\" alt=\"说明: __11_r1g5XrxUoZ.jpg\" style=\"width:228pt;height:406pt;visibility:visible;mso-wrap-style:square\">\r\n<v:imagedata src=\"file://localhost/private/var/folders/sb/2yw6bwkd2jdfp4b_g8j3xz0r0000gn/T/TemporaryItems/msoclip/0/clip_image019.jpg\" o:title=\"__11_r1g5XrxUoZ.jpg\"><span style=\"display: inline !important;\">&nbsp;</span></v:imagedata></v:shape></v:imagedata></v:shape><img src=\"http://ozfszueqz.bkt.clouddn.com/9_1513131304246.png\" style=\"font-size: 9pt; max-width: 100%;\"></p><p><img src=\"http://ozfszueqz.bkt.clouddn.com/10_1513131312361.png\" style=\"max-width:100%\"><br></p><h1>交易前要注意什麼？</h1><p>開始交易之前，您需要謹慎選擇自己支持的付款方式並了解其使用方式。第一次交易時，我們不建議您選擇高風險的付款方式。&nbsp;\r\n開始時，通過指定銀行轉賬是一種不錯的方式，特別是您所在國家/地區的活躍交易者較少時，我們更推薦您使用這種方式。&nbsp;\r\n如果您的新帳戶沒有交易歷史，要購買和出售比特幣，我們建議您直接在廣告列表進行交易。這將幫助您了解交易運作方式並積累一些交易記錄，增加您帳戶的可信度。反過來，良好的交易記錄也會讓您的廣告在展示中處於更好的位置。&nbsp;</p><p>&nbsp;</p><h1>比特幣是怎麼託管的？</h1><p>當一個交易請求發出後，所要購買的比特幣金額將會從賣家的錢包中扣除，並鎖定在Bcoin的託管保護中。在賣家確認已經收到付款之前，比特幣將不會被放行。託管程序將鎖定比特幣，直至賣家確認收到付款。如果出現問題，Bcoin客服將處理申訴。</p><p><br></p>','admin',now(),'联系客服','CD-COIN000017','CD-COIN000017');
INSERT INTO `tsys_config` (`type`,`ckey`,`cvalue`,`updater`,`update_datetime`,`remark`,`company_code`,`system_code`) VALUES ('sys_txt','reg_protocol','<p>倍可盈（BCOIN.IM）服務條款</p><p>【首部及導言】</p><p>歡迎“您”（以下或稱“用戶”）與“倍可盈（BCOIN.IM）”（下稱“倍可盈”）共同簽署本《倍可盈（BCOIN.IM）服務條款》協定（下稱“本協定”），本協定闡述之條款和條件適用於您使用倍可盈基於互聯網，以包含倍可盈網站、用戶端等在內的各種形態（包括未來技術發展出現的新的服務行態）向您提供的各項服務。&nbsp;</p><p>本協定為《倍可盈（BCOIN.IM）服務條款》修訂版本，自本協議發佈之日起，倍可盈網站各處所稱“倍可盈（BCOIN.IM）服務條款”均指本協議。</p><p>【交易數位元資產的風險】</p><p>數位元資產交易涉及重大風險。交易或持有數位元資產很有可能會造成您的損失。因此，您應該根據自己的財務狀況，仔細考慮是否要交易數位元資產或相關衍生品及使用杠杆。</p><p>&nbsp;</p><p>一、&nbsp;&nbsp;&nbsp;&nbsp;&nbsp;&nbsp;&nbsp;&nbsp;&nbsp;\r\n協議的範圍</p><p>1.1本協議是您與倍可盈之間關於用戶使用倍可盈相關服務所訂立的協定。“倍可盈”是指倍可盈公司及其相關服務可能存在的運營關聯單位。“使用者”是指使用倍可盈相關服務的使用人，在本協定中更多地稱為“您”。\r\n1.2本協定項下的服務是指倍可盈向用戶提供的包括但不限於通過本網站獲取數位資產資訊、尋找交易方、就數位元資產的交易等陣列資產相關服務（以下簡稱“本服務”）。</p><p>1.3您在使用倍可盈某一特定服務時，該服務可能會另有單獨的協定、相關業務規則等（以下統稱為“單獨協議”）。上述內容一經正式發佈，即為本協議不可分割的組成部分，您同樣應當遵守。您對前述任何業務規則、單獨協定的接受，即視為您對本協定全部的接受。</p><p>&nbsp;</p><p>二、帳戶註冊與使用&nbsp;</p><p>2.1帳戶註冊</p><p>2.1.1在您按照註冊頁面提示填寫資訊、閱讀並同意本協定且完成全部註冊程式後，或在您按照啟動頁面提示填寫資訊、閱讀並同意本協定且完成全部啟動程式後，或您以其他倍可盈允許的方式實際使用倍可盈服務時，您即受本協定的約束。您可以使用您提供或確認的郵箱、手機號碼或者倍可盈允許的其它方式作為登錄手段進入倍可盈網站。</p><p>2.1.2您瞭解並同意，如您系在倍可盈網站完成的註冊程式，只要您註冊成功，您即可以獲得您的倍可盈網站登錄名（以下或稱“帳戶”）。您可以通過您的倍可盈網站登錄名直接登錄倍可盈網站。</p><p>2.1.3由於您的帳戶關聯您的資訊及倍可盈網站商業資訊，您的帳戶僅限您本人使用。未經倍可盈同意，您直接或間接授權協力廠商使用您帳戶或獲取您帳戶項下資訊的行為無效。如倍可盈根據您帳戶的使用行為等情況判斷您帳戶的使用可能危及您的帳戶安全及/倍可盈網站資訊安全的，倍可盈可拒絕提供相應服務或終止本協定。</p><p>2.2帳戶轉讓</p><p>由於使用者帳戶關聯使用者信用資訊，僅當有法律明文規定、司法裁定或經倍可盈同意，並符合倍可盈網站規則規定的帳戶轉讓流程的情況下，您可進行帳戶的轉讓。您的帳戶一經轉讓，該帳戶項下權利義務一併轉移。除此外，您的帳戶不得以任何方式轉讓，否則倍可盈有權追究您的違約責任，且由此產生的一切責任均由您承擔。</p><p>2.3註冊資訊</p><p>2.3.1在完成註冊或啟動流程時，您應當按倍可盈網站相應頁面的提示準確完整地提供並及時更新您的資訊，以使之真實、及時，完整和準確。</p><p>2.3.2如倍可盈按您最後一次提供的資訊與您聯繫未果、您未按倍可盈的要求及時提供資訊、您提供的資訊存在明顯不實或行政司法機關核實您提供的資訊無效的，您將承擔因此對您自身、他人及倍可盈造成的全部損失與不利後果。倍可盈可向您發出詢問或要求整改的通知，並要求您進行重新認證，直至中止、終止對您提供部分或全部倍可盈服務，倍可盈對此不承擔責任。</p><p>2.4帳戶安全&nbsp;</p><p>2.4.1您的帳戶為您自行設置並由您保管，倍可盈任何時候均不會主動要求您提供您的帳戶密碼。因此，建議您務必保管好您的帳戶，並確保您在每個上網時段結束時退出登錄並以正確步驟離開倍可盈網站。帳戶因您主動洩露或因您遭受他人攻擊、詐騙等行為導致的損失及後果，倍可盈並不承擔責任，您應通過司法、行政等救濟途徑向侵權行為人追償。</p><p>2.4.2除倍可盈存在過錯外，您應對您帳戶項下的所有行為結果（包括但不限於線上簽署各類協定、訂購服務及披露資訊等）負責。</p><p>2.4.3如發現任何未經授權使用您帳戶登錄倍可盈網站或其他可能導致您帳戶遭竊、遺失的情況，建議您立即通知倍可盈。您理解倍可盈對您的任何請求採取行動均需要合理時間，且倍可盈應您請求而採取的行動可能無法避免或阻止侵害後果的形成或擴大，除倍可盈存在法定過錯外，倍可盈不承擔責任。</p><p>&nbsp;</p><p>三、 服務內容</p><p>倍可盈網站只為您通過倍可盈網站進行數位元資產交易活動（包括但不限於數位元資產交易等服務）提供網路交易平臺服務，倍可盈網站並不作為買家或賣家參與買賣數字資產行為本身；倍可盈網站不提供任何國家法定貨幣充入和提取的相關服務。</p><p>&nbsp;3.1 權利</p><p>&nbsp;3.1.1 您有權在倍可盈網站流覽數位資產各項產品的即時行情及交易資訊、有權通過本網站提交數位元資產交易指令並完成數位元資產交易。</p><p>&nbsp;3.1.2 您有權在倍可盈網站查看其本網站會員帳號下的資訊，有權應用本網站提供的功能進行操作。</p><p>&nbsp;3.1.3 您有權按照倍可盈網站發佈的活動規則參與本網站組織的網站活動。</p><p>&nbsp;3.1.4 倍可盈網站承諾為您提供的其他服務。</p><p>&nbsp;3.2.服務規則</p><p>&nbsp;您承諾遵守下列本網站服務規則：</p><p>&nbsp;3.2.3 您同意您對您的倍可盈網站的帳號、密碼下發生的所有活動（包括但不限於資訊披露、發佈資訊、網上點擊同意或提交各類規則協定、網上續簽協定或購買服務等）承擔責任。</p><p>&nbsp;3.2.4 您在倍可盈網站進行數位元資產交易時不得惡意幹擾數位元資產交易的正常進行、破壞交易秩序；不得以任何技術手段或其他方式幹擾倍可盈網站的正常運行或幹擾其他使用者對本網站服務的使用；不得以虛構事實等方式惡意詆毀倍可盈網站的商譽。</p><p>&nbsp;3.2.5 如您因網上交易與其他使用者產生糾紛的，不得通過司法或行政以外的途徑要求倍可盈網站提供相關資料。</p><p>&nbsp;3.2.6 您在使用倍可盈網站提供的服務過程中，所產生的應納稅賦，以及一切硬體、軟體、服務及其它方面的費用，均由您獨自承擔。</p><p>&nbsp;3.2.7 您應當遵守倍可盈網站不時發佈和更新的本協定以及其他服務條款和操作規則，有權隨時終止使用本網站提供的服務。</p><p>&nbsp;3.3.產品規則</p><p>&nbsp;3.3.1 幣幣交易產品規則</p><p>&nbsp;您承諾在其進入倍可盈網站交易，通過倍可盈網站與其他使用者進行幣幣交易的過程中良好遵守如下交易規則。</p><p>&nbsp;3.3.1.1 流覽交易資訊</p><p>&nbsp;您在本網站流覽幣幣交易資訊時，應當仔細閱讀交易資訊中包含的全部內容，包括但不限於價格、委託量、手續費、買入或賣出方向，您完全接受交易資訊中包含的全部內容後方可點擊按鈕進行交易。</p><p>&nbsp;3.3.1.2 提交委託</p><p>&nbsp;在流覽完交易資訊確認無誤之後您可以提交交易委託。您提交交易委託後，即您授權倍可盈網站代理您進行相應的交易撮合，本網站在有滿足您委託價格的交易時將會自動完成撮合交易而無需提前通知您。</p><p>&nbsp;3.3.1.3 查看交易明細</p><p>&nbsp;您可以通過管理中心的交易明細中查看相應的成交記錄，確認自己的詳情交易記錄。</p><p>&nbsp;3.3.1.4 撤銷/修改委託，在委託未達成交易之前，您有權隨時撤銷或修改委託。</p><p>&nbsp;3.4意外風險</p><p>系統平臺因下列狀況無法正常運作，使使用者無法使用各項服務或不能正常委託時，倍可盈不承擔損害賠償責任，該狀況包括但不限於：</p><p>(1)&nbsp;&nbsp;&nbsp;\r\n倍可盈平臺公告之系統停機維護期間；</p><p>(2)&nbsp;&nbsp;&nbsp;\r\n電信設備出現故障不能進行資料傳輸的；</p><p>(3)&nbsp;&nbsp;&nbsp;\r\n因颱風、地震、海嘯、洪水、停電、戰爭、恐怖襲擊等不可抗力之因素，造成倍可盈平臺系統障礙不能執行業務的；</p><p>(4)&nbsp;&nbsp;&nbsp;\r\n由於駭客攻擊、電腦病毒侵入或發作、電信部門技術調整或故障、網站升級、銀行方面的問題、因政府管制而造成的暫時性關閉等影響網路正常經營的原因而造成的服務中斷或者延遲；</p><p>(5)&nbsp;&nbsp;&nbsp;\r\n因為行業現有技術力量無法預測或無法解決的技術問題而造成的損失；</p><p>(6)&nbsp;&nbsp;&nbsp;\r\n因協力廠商的過錯或者延誤而給用戶或者其他協力廠商造成的損失。</p><p>由於系統故障，網路原因，DDos等駭客攻擊等意外因素可能導致的異常成交，行情中斷，以及其他可能的異常情況，倍可盈有權根據實際情況取消異常成交結果，以及回滾某一段時間的所有成交。</p><p>&nbsp;</p><p>四、服務費用</p><p>在使用者使用本服務時，倍可盈有權按相應規則向使用者收取服務費用。倍可盈擁有制訂及調整服務費之權利，具體服務費用以使用者使用本服務時倍可盈網站上所列之收費方式公告或使用者與倍可盈網站達成的其他書面協定為准。</p><p>除非另有說明或約定，用戶同意倍可盈有權自用戶帳戶的資產中中直接扣除上述服務費用。</p><p>&nbsp;</p><p>五、智慧財產權 </p><p>倍可盈擁有本協定所規定的產品、商標權、專利權、專利申請權、專有技術、商業秘密以及其他相關的智慧財產權。其它本協議中未經提及的權利亦由許可方保留。 未經倍可盈事先書面同意，客戶不得為任何營利性或非營利性的目的自行實施、利用、轉讓或許可任何協力廠商實施、利用、轉讓上述智慧財產權。</p><p>&nbsp;</p><p>六、終止 </p><p>出現下列情況之一的，倍可盈有權在不經事先通知的情況下，立即終止客戶使用軟體的權利，而無需承擔任何責任： </p><p>(1)&nbsp;&nbsp;&nbsp;\r\n您違反本協定有關保證、同意、承諾條款的約定，且自倍可盈通知其糾正後仍未糾正的；</p><p>(2)&nbsp;&nbsp;&nbsp;\r\n倍可盈依單方判斷認為應該立即終止客戶使用軟體的情形。</p><p>&nbsp;</p><p>七、 免責及責任的限制與排除 </p><p>7.1免責聲明</p><p>倍可盈不保證網站在操作上不會中斷或沒有錯誤，不保證其所有缺陷，亦不保證倍可盈網站功能能滿足客戶的所有要求。客戶承擔所有關於令人滿意的品質、性能、準確性的風險。 </p><p>7.2責任的限制與排除</p><p>7.2.1在所適用的法律允許的範圍內，倍可盈不做任何明示的或默示的聲明，也不給予任何明示的或默示的保證或條件，包括但不限於： </p><p>A. 關於適銷性、特定用途適用性、準確性和無侵權行為的任何保證或條件； </p><p>B. 在交易過程或行業慣例中產生的任何保證或條件； </p><p>C. 在訪問或使用倍可盈網站功能時不受幹擾、沒有錯誤的任何保證或條件。 </p><p>7.2.2雙方承認本條款反映了雙方就協商談判達成的一致意見。雙方均完全瞭解本條款的後果並進一步承認本條款的合理性。</p><p>&nbsp;</p><p>八、關於協議</p><p>8.1協議法律補充</p><p>8.1.1本協議是倍可盈網站與用戶註冊成為倍可盈用戶，使用倍可盈服務之間的重要法律文件，倍可盈或者用戶的任何其他書面或者口頭意思表示與本協議不一致的，均應當以本協議為準。</p><p>8.1.2如果本協議的任何條款被視為不合法、無效或因任何原因而無法執行，則此等規定應視為可分割，不影響任何其它條款的法律效力。</p><p>8.1.3因用戶使用倍可盈而引起或與之相關的一切爭議、權利主張或其它事項，均受中華人民共和國法律的管轄。</p><p>8.1.4用戶和倍可盈發生爭議的，應首先本著誠信原則通過協商加以解決。如果協商不成，則應向倍可盈所在地人民法院提起訴訟。</p><p>8.1.5本協議於用戶勾選倍可盈註冊頁面的網絡服務條款並完成註冊程式、獲得倍可盈賬號和密碼時生效，對倍可盈和用戶均具有約束力。</p><p>&nbsp;</p><p>&nbsp;</p><p><br></p>','admin',now(),'注册协议','CD-COIN000017','CD-COIN000017');
INSERT INTO `tsys_config` (`type`,`ckey`,`cvalue`,`updater`,`update_datetime`,`remark`,`company_code`,`system_code`) VALUES ('sys_txt','trade_remind','1.交易前请详细了解卖家的交易信息\r\n2.请通过平台进行沟通约定，并保存好相关聊天记录\r\n3.如遇到交易纠纷，请通过平台“帮助”解决问题\r\n','admin',now(),'交易提醒','CD-COIN000017','CD-COIN000017');
INSERT INTO `tsys_config` (`type`,`ckey`,`cvalue`,`updater`,`update_datetime`,`remark`,`company_code`,`system_code`) VALUES ('sys_txt','activity_rule','1.分享好友，并通过链接注册成功；\r\n2.注册之后每一笔成功交易，您都将获得一笔提成，金额为交易广告费的0.1%\r\n3.倍可盈保留对活动的解释权。\r\n','admin',now(),'活动规则','CD-COIN000017','CD-COIN000017');
INSERT INTO `tsys_config` (`type`,`ckey`,`cvalue`,`updater`,`update_datetime`,`remark`,`company_code`,`system_code`) VALUES ('sys_txt','reg_url','http://mtest.bcoin.hichengdai.com','admin',now(),'注册链接','CD-COIN000017','CD-COIN000017');
INSERT INTO `tsys_config` (`type`,`ckey`,`cvalue`,`updater`,`update_datetime`,`remark`,`company_code`,`system_code`) VALUES ('sys_txt','telephone','0571-89000000','admin',now(),'服务热线','CD-COIN000017','CD-COIN000017');
INSERT INTO `tsys_config` (`type`,`ckey`,`cvalue`,`updater`,`update_datetime`,`remark`,`company_code`,`system_code`) VALUES ('sys_txt','privacy','<p>隱私政策</p><p>本應用尊重並保護所有使用服務用戶的個人隱私權。為了給您提供更準確、更有個性化的服務，本應用會按照本隱私權政策的規定使用和披露您的個人信息。但本應用將以高度的勤勉、審慎義務對待這些信息。除本隱私權政策另有規定外，在未徵得您事先許可的情況下，本應用不會將這些信息對外披露或向第三方提供。本應用會不時更新本隱私權政策。&nbsp;您在同意本應用服務使用協議之時，即視為您已經同意本隱私權政策全部內容。本隱私權政策屬於本應用服務使用協議不可分割的一部分。</p><p>1.&nbsp;適用範圍</p><p>(a)&nbsp;在您註冊本應用帳號時，您根據本應用要求提供的個人註冊信息；</p><p>(b)&nbsp;在您使用本應用網絡服務，或訪問本應用平台網頁時，本應用自動接收並記錄的您的瀏覽器和計算機上的信息，包括但不限於您的IP地址、瀏覽器的類型、使用的語言、訪問日期和時間、軟硬件特徵信息及您需求的網頁記錄等數據；</p><p>(c)&nbsp;本應用通過合法途徑從商業夥伴處取得的用戶個人數據。</p><p>您了解並同意，以下信息不適用本隱私權政策：</p><p>(a)&nbsp;您在使用本應用平台提供的搜索服務時輸入的關鍵字信息；</p><p>(b)&nbsp;本應用收集到的您在本應用發布的有關信息數據，包括但不限於參與活動、成交信息及評價詳情；</p><p>(c)&nbsp;違反法律規定或違反本應用規則行為及本應用已對您採取的措施。</p><p>2.&nbsp;信息使用</p><p>(a)本應用不會向任何無關第三方提供、出售、出租、分享或交易您的個人信息，除非事先得到您的許可，或該第三方和本應用（含本應用關聯公司）單獨或共同為您提供服務，且在該服務結束後，其將被禁止訪問包括其以前能夠訪問的所有這些資料。</p><p>(b)&nbsp;本應用亦不允許任何第三方以任何手段收集、編輯、出售或者無償傳播您的個人信息。任何本應用平台用戶如從事上述活動，一經發現，本應用有權立即終止與該用戶的服務協議。</p><p>(c)&nbsp;為服務用戶的目的，本應用可能通過使用您的個人信息，向您提供您感興趣的信息，包括但不限於向您發出產品和服務信息，或者與本應用合作夥伴共享信息以便他們向您發送有關其產品和服務的信息（後者需要您的事先同意）。</p><p>3.&nbsp;信息披露</p><p>在如下情況下，本應用將依據您的個人意願或法律的規定全部或部分的披露您的個人信息：</p><p>(a)&nbsp;經您事先同意，向第三方披露；</p><p>(b)為提供您所要求的產品和服務，而必須和第三方分享您的個人信息；</p><p>(c)&nbsp;根據法律的有關規定，或者行政或司法機構的要求，向第三方或者行政、司法機構披露；</p><p>(d)&nbsp;如您出現違反中國有關法律、法規或者本應用服務協議或相關規則的情況，需要向第三方披露；</p><p>(e)&nbsp;如您是適格的知識產權投訴人並已提起投訴，應被投訴人要求，向被投訴人披露，以便雙方處理可能的權利糾紛；</p><p>(f)&nbsp;在本應用平台上創建的某一交易中，如交易任何一方履行或部分履行了交易義務並提出信息披露請求的，本應用有權決定向該用戶提供其交易對方的聯絡方式等必要信息，以促成交易的完成或糾紛的解決。</p><p>(g)&nbsp;其它本應用根據法律、法規或者網站政策認為合適的披露。</p><p>4.&nbsp;信息存儲和交換</p><p>本應用收集的有關您的信息和資料將保存在本應用及（或）其關聯公司的服務器上，這些信息和資料可能傳送至您所在國家、地區或本應用收集信息和資料所在地的境外並在境外被訪問、存儲和展示。</p><p>5.&nbsp;Cookie的使用</p><p>(a)&nbsp;在您未拒絕接受cookies的情況下，本應用會在您的計算機上設定或取用cookies&nbsp;，以便您能登錄或使用依賴於cookies的本應用平台服務或功能。本應用使用cookies可為您提供更加周到的個性化服務，包括推廣服務。</p><p>(b)&nbsp;您有權選擇接受或拒絕接受cookies。您可以通過修改瀏覽器設置的方式拒絕接受cookies。但如果您選擇拒絕接受cookies，則您可能無法登錄或使用依賴於cookies的本應用網絡服務或功能。</p><p>(c)&nbsp;通過本應用所設cookies所取得的有關信息，將適用本政策。</p><p>6.&nbsp;信息安全</p><p>(a)&nbsp;本應用帳號均有安全保護功能，請妥善保管您的用戶名及密碼信息。本應用將通過對用戶密碼進行加密等安全措施確保您的信息不丟失，不被濫用和變造。儘管有前述安全措施，但同時也請您注意在信息網絡上不存在“完善的安全措施”。</p><p>(b)&nbsp;在使用本應用網絡服務進行網上交易時，您不可避免的要向交易對方或潛在的交易對</p><p>7.本隱私政策的更改</p><p>(a)如果決定更改隱私政策，我們會在本政策中、本公司網站中以及我們認為適當的位置發布這些更改，以便您了解我們如何收集、使用您的個人信息，哪些人可以訪問這些信息，以及在什麼情況下我們會透露這些信息。</p><p>(b)本公司保留隨時修改本政策的權利，因此請經常查看。如對本政策作出重大更改，本公司會通過網站通知的形式告知。</p><p></p><p>方披露自己的個人信息，如聯絡方式或者郵政地址。請您妥善保護自己的個人信息，僅在必要的情形下向他人提供。如您發現自己的個人信息泄密，尤其是本應用用戶名及密碼發生泄露，請您立即聯絡本應用客服，以便本應用採取相應措施。</p><p><br></p>','admin',now(),'隐私政策','CD-COIN000017','CD-COIN000017');
INSERT INTO `tsys_config` (`type`,`ckey`,`cvalue`,`updater`,`update_datetime`,`remark`,`company_code`,`system_code`) VALUES ('sys_txt','time','09:00:00 - 17:30:00','admin',now(),'服务时间','CD-COIN000017','CD-COIN000017');

INSERT INTO `tsys_config` (`type`,`ckey`,`cvalue`,`updater`,`update_datetime`,`remark`,`company_code`,`system_code`) VALUES ('collection_rule','collection_limit','1','admin',now(),'当账户达到该数量时进行自动归集','CD-COIN000017','CD-COIN000017');
INSERT INTO `tsys_config` (`type`,`ckey`,`cvalue`,`updater`,`update_datetime`,`remark`,`company_code`,`system_code`) VALUES ('withdraw_rule','withdraw_fee','0.01','admin',now(),'取现手续费','CD-COIN000017','CD-COIN000017');
INSERT INTO `tsys_config` (`type`,`ckey`,`cvalue`,`updater`,`update_datetime`,`remark`,`company_code`,`system_code`) VALUES ('trade_rule','trade_fee_rate','0.01','admin',now(),'注册使用默认交易广告费率','CD-COIN000017','CD-COIN000017');
INSERT INTO `tsys_config` (`type`,`ckey`,`cvalue`,`updater`,`update_datetime`,`remark`,`company_code`,`system_code`) VALUES ('trade_rule','activity_trade_fee_rate','-1','admin',now(),'活动期间交易广告费率','CD-COIN000017','CD-COIN000017');

INSERT INTO `tsys_config` (`type`,`ckey`,`cvalue`,`updater`,`update_datetime`,`remark`,`company_code`,`system_code`) VALUES ('fen_cheng_rule','fen_cheng_fee','0.001','admin',now(),'注册使用默认普通交易者分佣比例','CD-COIN000017','CD-COIN000017');
INSERT INTO `tsys_config` (`type`,`ckey`,`cvalue`,`updater`,`update_datetime`,`remark`,`company_code`,`system_code`) VALUES ('coin_price_x','eth_coin_price_x','10','admin',now(),'eth价格计算x','CD-COIN000017','CD-COIN000017');
INSERT INTO `tsys_config` (`type`,`ckey`,`cvalue`,`updater`,`update_datetime`,`remark`,`company_code`,`system_code`) VALUES ('fen_cheng_rule','agent_fen_cheng_fee','0.001','admin',now(),'注册使用默认代理人分佣比例','CD-COIN000017','CD-COIN000017');

INSERT INTO `tsys_config` (`type`,`ckey`,`cvalue`,`updater`,`update_datetime`,`remark`,`company_code`,`system_code`) VALUES ('buy_ads_hint','premiumRate','基于市场价的溢出比例，市场价是根据部分大型交易所实时价格得出的，确保您的报价趋于一个相对合理的范围，比如当前价格为8000，溢价比例为10%，那么价格为8800。','admin',now(),'买币溢价率说明','CD-COIN000017','CD-COIN000017');
INSERT INTO `tsys_config` (`type`,`ckey`,`cvalue`,`updater`,`update_datetime`,`remark`,`company_code`,`system_code`) VALUES ('buy_ads_hint','price','基于比例得出的报价，每10分钟更新一次。','admin',now(),'买币价格说明','CD-COIN000017','CD-COIN000017');
INSERT INTO `tsys_config` (`type`,`ckey`,`cvalue`,`updater`,`update_datetime`,`remark`,`company_code`,`system_code`) VALUES ('buy_ads_hint','minTrade','一次交易最低的交易限制','admin',now(),'买币最小交易额说明','CD-COIN000017','CD-COIN000017');
INSERT INTO `tsys_config` (`type`,`ckey`,`cvalue`,`updater`,`update_datetime`,`remark`,`company_code`,`system_code`) VALUES ('buy_ads_hint','maxTrade','一次交易中的最大交易限制，您的钱包余额也会影响最大量的设置。','admin',now(),'买币最大交易额说明','CD-COIN000017','CD-COIN000017');
INSERT INTO `tsys_config` (`type`,`ckey`,`cvalue`,`updater`,`update_datetime`,`remark`,`company_code`,`system_code`) VALUES ('buy_ads_hint','payType','您需指定最有效的付款方式，帮助对方更快的与你达成交易。','admin',now(),'买币支付方式说明','CD-COIN000017','CD-COIN000017');
INSERT INTO `tsys_config` (`type`,`ckey`,`cvalue`,`updater`,`update_datetime`,`remark`,`company_code`,`system_code`) VALUES ('buy_ads_hint','payLimit','您希望对方在此期限内付款。','admin',now(),'买币付款期限说明','CD-COIN000017','CD-COIN000017');
INSERT INTO `tsys_config` (`type`,`ckey`,`cvalue`,`updater`,`update_datetime`,`remark`,`company_code`,`system_code`) VALUES ('buy_ads_hint','totalCount','广告想要购买的数字货币的总量。','admin',now(),'买币交易总量说明','CD-COIN000017','CD-COIN000017');
INSERT INTO `tsys_config` (`type`,`ckey`,`cvalue`,`updater`,`update_datetime`,`remark`,`company_code`,`system_code`) VALUES ('buy_ads_hint','protectPrice','广告最高可成交的价格，可帮助您在价格剧烈波动时保持稳定的盈利，比如最高为5000时，市场价高于5000以下时，您的广告依旧以5000的价格展示。','admin',now(),'买币保护价说明','CD-COIN000017','CD-COIN000017');
INSERT INTO `tsys_config` (`type`,`ckey`,`cvalue`,`updater`,`update_datetime`,`remark`,`company_code`,`system_code`) VALUES ('buy_ads_hint','displayTime','您希望广告自动显示和隐藏的天数和小时数。','admin',now(),'广告展示时间','CD-COIN000017','CD-COIN000017');
INSERT INTO `tsys_config` (`type`,`ckey`,`cvalue`,`updater`,`update_datetime`,`remark`,`company_code`,`system_code`) VALUES ('buy_ads_hint','trust','开启后，仅限与自己信任的用户与本广告交易','admin',now(),'仅限受信任的交易者','CD-COIN000017','CD-COIN000017');

INSERT INTO `tsys_config` (`type`,`ckey`,`cvalue`,`updater`,`update_datetime`,`remark`,`company_code`,`system_code`) VALUES ('sell_ads_hint','premiumRate','基于市场价的溢出比例，市场价是根据部分大型交易所实时价格得出的，确保您的报价趋于一个相对合理的范围，比如当前价格为8000，溢价比例为10%，那么价格为8800。','admin',now(),'卖币溢价率说明','CD-COIN000017','CD-COIN000017');
INSERT INTO `tsys_config` (`type`,`ckey`,`cvalue`,`updater`,`update_datetime`,`remark`,`company_code`,`system_code`) VALUES ('sell_ads_hint','price','基于比例得出的报价，每10分钟更新一次。','admin',now(),'卖币价格说明','CD-COIN000017','CD-COIN000017');
INSERT INTO `tsys_config` (`type`,`ckey`,`cvalue`,`updater`,`update_datetime`,`remark`,`company_code`,`system_code`) VALUES ('sell_ads_hint','minTrade','一次交易最低的交易限制','admin',now(),'卖币最小交易说明','CD-COIN000017','CD-COIN000017');
INSERT INTO `tsys_config` (`type`,`ckey`,`cvalue`,`updater`,`update_datetime`,`remark`,`company_code`,`system_code`) VALUES ('sell_ads_hint','maxTrade','一次交易中的最大交易限制，您的钱包余额也会影响最大量的设置。','admin',now(),'卖币最大交易说明','CD-COIN000017','CD-COIN000017');
INSERT INTO `tsys_config` (`type`,`ckey`,`cvalue`,`updater`,`update_datetime`,`remark`,`company_code`,`system_code`) VALUES ('sell_ads_hint','payType','您需指定最有效的付款方式，帮助对方更快的与你达成交易。','admin',now(),'卖币支付方式说明','CD-COIN000017','CD-COIN000017');
INSERT INTO `tsys_config` (`type`,`ckey`,`cvalue`,`updater`,`update_datetime`,`remark`,`company_code`,`system_code`) VALUES ('sell_ads_hint','payLimit','您希望对方在此期限内付款。','admin',now(),'卖币支付超时说明','CD-COIN000017','CD-COIN000017');
INSERT INTO `tsys_config` (`type`,`ckey`,`cvalue`,`updater`,`update_datetime`,`remark`,`company_code`,`system_code`) VALUES ('sell_ads_hint','totalCount','您想出售的货币数量，发布的时候会被冻结。','admin',now(),'卖币总额说明','CD-COIN000017','CD-COIN000017');
INSERT INTO `tsys_config` (`type`,`ckey`,`cvalue`,`updater`,`update_datetime`,`remark`,`company_code`,`system_code`) VALUES ('sell_ads_hint','protectPrice','广告最低可成交的价格，可帮助您在价格剧烈波动时保持稳定的盈利，比如最低为5000时，市场价处于5000以下时，您的广告依旧以5000的价格展示。','admin',now(),'卖币最低价格说明','CD-COIN000017','CD-COIN000017');
INSERT INTO `tsys_config` (`type`,`ckey`,`cvalue`,`updater`,`update_datetime`,`remark`,`company_code`,`system_code`) VALUES ('sell_ads_hint','displayTime','您希望广告自动显示和隐藏的天数和小时数。','admin',now(),'广告展示时间','CD-COIN000017','CD-COIN000017');
INSERT INTO `tsys_config` (`type`,`ckey`,`cvalue`,`updater`,`update_datetime`,`remark`,`company_code`,`system_code`) VALUES ('sell_ads_hint','trust','开启后，仅限与自己信任的用户与本广告交易','admin',now(),'仅限受信任的交易者','CD-COIN000017','CD-COIN000017');

INSERT INTO `tsys_config` (`type`,`ckey`,`cvalue`,`updater`,`update_datetime`,`remark`,`company_code`,`system_code`) VALUES ('android-c','version','1.1.1','admin',now(),'最新版本号','CD-COIN000017','CD-COIN000017');
INSERT INTO `tsys_config` (`type`,`ckey`,`cvalue`,`updater`,`update_datetime`,`remark`,`company_code`,`system_code`) VALUES ('android-c','forceUpdate','0','admin',now(),'是否强制更新','CD-COIN000017','CD-COIN000017');
INSERT INTO `tsys_config` (`type`,`ckey`,`cvalue`,`updater`,`update_datetime`,`remark`,`company_code`,`system_code`) VALUES ('android-c','note','v111版本更新说明','admin',now(),'更新说明','CD-COIN000017','CD-COIN000017');
INSERT INTO `tsys_config` (`type`,`ckey`,`cvalue`,`updater`,`update_datetime`,`remark`,`company_code`,`system_code`) VALUES ('android-c','downloadUrl','http://apktest.bcoin.hichengdai.com/v111/1st/app-debug.apk','admin',now(),'Android下载地址','CD-COIN000017','CD-COIN000017');
INSERT INTO `tsys_config` (`type`,`ckey`,`cvalue`,`updater`,`update_datetime`,`remark`,`company_code`,`system_code`) VALUES ('ios-c','version','1.1.1','admin',now(),'最新版本号','CD-COIN000017','CD-COIN000017');
INSERT INTO `tsys_config` (`type`,`ckey`,`cvalue`,`updater`,`update_datetime`,`remark`,`company_code`,`system_code`) VALUES ('ios-c','forceUpdate','0','admin',now(),'是否强制更新','CD-COIN000017','CD-COIN000017');
INSERT INTO `tsys_config` (`type`,`ckey`,`cvalue`,`updater`,`update_datetime`,`remark`,`company_code`,`system_code`) VALUES ('ios-c','note','v111版本更新说明','admin',now(),'更新说明','CD-COIN000017','CD-COIN000017');
INSERT INTO `tsys_config` (`type`,`ckey`,`cvalue`,`updater`,`update_datetime`,`remark`,`company_code`,`system_code`) VALUES ('ios-c','downloadUrl','https://itunes.apple.com/us/app/%E5%80%8D%E5%8F%AF%E7%9B%88/id1321457016?l=zh&ls=1&mt=8','admin',now(),'iOS下载地址','CD-COIN000017','CD-COIN000017');

INSERT INTO `tsys_dict` (`type`,`parent_key`,`dkey`,`dvalue`,`updater`,`update_datetime`,`remark`,`company_code`,`system_code`) VALUES ('0',NULL,'user_status','用户状态','admin',now(),NULL,'CD-COIN000017','CD-COIN000017');
INSERT INTO `tsys_dict` (`type`,`parent_key`,`dkey`,`dvalue`,`updater`,`update_datetime`,`remark`,`company_code`,`system_code`) VALUES ('1','user_status','0','正常','admin',now(),NULL,'CD-COIN000017','CD-COIN000017');
INSERT INTO `tsys_dict` (`type`,`parent_key`,`dkey`,`dvalue`,`updater`,`update_datetime`,`remark`,`company_code`,`system_code`) VALUES ('1','user_status','1','程序锁定','admin',now(),NULL,'CD-COIN000017','CD-COIN000017');
INSERT INTO `tsys_dict` (`type`,`parent_key`,`dkey`,`dvalue`,`updater`,`update_datetime`,`remark`,`company_code`,`system_code`) VALUES ('1','user_status','2','人工锁定','admin',now(),NULL,'CD-COIN000017','CD-COIN000017');

INSERT INTO `tsys_dict` (`type`,`parent_key`,`dkey`,`dvalue`,`updater`,`update_datetime`,`remark`,`company_code`,`system_code`) VALUES ('0',NULL,'id_kind','证件类型','admin',now(),NULL,'CD-COIN000017','CD-COIN000017');
INSERT INTO `tsys_dict` (`type`,`parent_key`,`dkey`,`dvalue`,`updater`,`update_datetime`,`remark`,`company_code`,`system_code`) VALUES ('1','id_kind','1','身份证','admin',now(),NULL,'CD-COIN000017','CD-COIN000017');

INSERT INTO `tsys_dict` (`type`,`parent_key`,`dkey`,`dvalue`,`updater`,`update_datetime`,`remark`,`company_code`,`system_code`) VALUES ('0',NULL,'role_level','角色等级','admin',now(),NULL,'CD-COIN000017','CD-COIN000017');
INSERT INTO `tsys_dict` (`type`,`parent_key`,`dkey`,`dvalue`,`updater`,`update_datetime`,`remark`,`company_code`,`system_code`) VALUES ('1','role_level','1','运维','admin',now(),NULL,'CD-COIN000017','CD-COIN000017');
INSERT INTO `tsys_dict` (`type`,`parent_key`,`dkey`,`dvalue`,`updater`,`update_datetime`,`remark`,`company_code`,`system_code`) VALUES ('1','role_level','2','运营','admin',now(),NULL,'CD-COIN000017','CD-COIN000017');
INSERT INTO `tsys_dict` (`type`,`parent_key`,`dkey`,`dvalue`,`updater`,`update_datetime`,`remark`,`company_code`,`system_code`) VALUES ('1','role_level','3','客户','admin',now(),NULL,'CD-COIN000017','CD-COIN000017');

INSERT INTO `tsys_dict` (`type`,`parent_key`,`dkey`,`dvalue`,`updater`,`update_datetime`,`remark`,`company_code`,`system_code`) VALUES ('0',NULL,'res_type','资源类型','admin',now(),NULL,'CD-COIN000017','CD-COIN000017');
INSERT INTO `tsys_dict` (`type`,`parent_key`,`dkey`,`dvalue`,`updater`,`update_datetime`,`remark`,`company_code`,`system_code`) VALUES ('1','res_type','1','菜单','admin',now(),NULL,'CD-COIN000017','CD-COIN000017');
INSERT INTO `tsys_dict` (`type`,`parent_key`,`dkey`,`dvalue`,`updater`,`update_datetime`,`remark`,`company_code`,`system_code`) VALUES ('1','res_type','2','按钮','admin',now(),NULL,'CD-COIN000017','CD-COIN000017');

INSERT INTO `tsys_dict` (`type`,`parent_key`,`dkey`,`dvalue`,`updater`,`update_datetime`,`remark`,`company_code`,`system_code`) VALUES ('0',NULL,'user_level','用户等级','admin',now(),NULL,'CD-COIN000017','CD-COIN000017');
INSERT INTO `tsys_dict` (`type`,`parent_key`,`dkey`,`dvalue`,`updater`,`update_datetime`,`remark`,`company_code`,`system_code`) VALUES ('1','user_level','1','普通交易者','admin',now(),NULL,'CD-COIN000017','CD-COIN000017');
INSERT INTO `tsys_dict` (`type`,`parent_key`,`dkey`,`dvalue`,`updater`,`update_datetime`,`remark`,`company_code`,`system_code`) VALUES ('1','user_level','2','代理人','admin',now(),NULL,'CD-COIN000017','CD-COIN000017');

INSERT INTO `tsys_dict` (`type`,`parent_key`,`dkey`,`dvalue`,`updater`,`update_datetime`,`remark`,`company_code`,`system_code`) VALUES ('0',NULL,'lock_direction','锁定方向','admin',now(),NULL,'CD-COIN000017','CD-COIN000017');
INSERT INTO `tsys_dict` (`type`,`parent_key`,`dkey`,`dvalue`,`updater`,`update_datetime`,`remark`,`company_code`,`system_code`) VALUES ('1','lock_direction','1','锁定','admin',now(),NULL,'CD-COIN000017','CD-COIN000017');
INSERT INTO `tsys_dict` (`type`,`parent_key`,`dkey`,`dvalue`,`updater`,`update_datetime`,`remark`,`company_code`,`system_code`) VALUES ('1','lock_direction','2','解锁','admin',now(),NULL,'CD-COIN000017','CD-COIN000017');

INSERT INTO `tsys_dict` (`type`,`parent_key`,`dkey`,`dvalue`,`updater`,`update_datetime`,`remark`,`company_code`,`system_code`) VALUES ('0',NULL,'user_kind','针对人群','admin',now(),NULL,'CD-COIN000017','CD-COIN000017');
INSERT INTO `tsys_dict` (`type`,`parent_key`,`dkey`,`dvalue`,`updater`,`update_datetime`,`remark`,`company_code`,`system_code`) VALUES ('1','user_kind','C','C端用户','admin',now(),NULL,'CD-COIN000017','CD-COIN000017');

INSERT INTO `tsys_dict` (`type`,`parent_key`,`dkey`,`dvalue`,`updater`,`update_datetime`,`remark`,`company_code`,`system_code`) VALUES ('0',NULL,'notice_status','公告状态','admin',now(),NULL,'CD-COIN000017','CD-COIN000017');
INSERT INTO `tsys_dict` (`type`,`parent_key`,`dkey`,`dvalue`,`updater`,`update_datetime`,`remark`,`company_code`,`system_code`) VALUES ('1','notice_status','0','未发布','admin',now(),NULL,'CD-COIN000017','CD-COIN000017');
INSERT INTO `tsys_dict` (`type`,`parent_key`,`dkey`,`dvalue`,`updater`,`update_datetime`,`remark`,`company_code`,`system_code`) VALUES ('1','notice_status','1','已发布','admin',now(),NULL,'CD-COIN000017','CD-COIN000017');
INSERT INTO `tsys_dict` (`type`,`parent_key`,`dkey`,`dvalue`,`updater`,`update_datetime`,`remark`,`company_code`,`system_code`) VALUES ('1','notice_status','2','已下架','admin',now(),NULL,'CD-COIN000017','CD-COIN000017');

INSERT INTO `tsys_dict` (`type`,`parent_key`,`dkey`,`dvalue`,`updater`,`update_datetime`,`remark`,`company_code`,`system_code`) VALUES ('0','','banner_location','banner位置','admin',now(),NULL,'CD-COIN000017','CD-COIN000017');
INSERT INTO `tsys_dict` (`type`,`parent_key`,`dkey`,`dvalue`,`updater`,`update_datetime`,`remark`,`company_code`,`system_code`) VALUES ('1','banner_location','trade','APP交易首页','admin',now(),NULL,'CD-COIN000017','CD-COIN000017');
INSERT INTO `tsys_dict` (`type`,`parent_key`,`dkey`,`dvalue`,`updater`,`update_datetime`,`remark`,`company_code`,`system_code`) VALUES ('1','banner_location','market','APP行情首页','admin',now(),NULL,'CD-COIN000017','CD-COIN000017');
INSERT INTO `tsys_dict` (`type`,`parent_key`,`dkey`,`dvalue`,`updater`,`update_datetime`,`remark`,`company_code`,`system_code`) VALUES ('1','banner_location','activity','APP邀请好友','admin',now(),NULL,'CD-COIN000017','CD-COIN000017');
INSERT INTO `tsys_dict` (`type`,`parent_key`,`dkey`,`dvalue`,`updater`,`update_datetime`,`remark`,`company_code`,`system_code`) VALUES ('1','banner_location','web_banner','WEB首页广告','admin',now(),NULL,'CD-COIN000017','CD-COIN000017');
INSERT INTO `tsys_dict` (`type`,`parent_key`,`dkey`,`dvalue`,`updater`,`update_datetime`,`remark`,`company_code`,`system_code`) VALUES ('1','banner_location','web_download','WEB下载二维码','admin',now(),NULL,'CD-COIN000017','CD-COIN000017');
INSERT INTO `tsys_dict` (`type`,`parent_key`,`dkey`,`dvalue`,`updater`,`update_datetime`,`remark`,`company_code`,`system_code`) VALUES ('1','banner_location','web_qq','WEBQQ二维码','admin',now(),NULL,'CD-COIN000017','CD-COIN000017');
INSERT INTO `tsys_dict` (`type`,`parent_key`,`dkey`,`dvalue`,`updater`,`update_datetime`,`remark`,`company_code`,`system_code`) VALUES ('1','banner_location','web_weibo','WEB微博二维码','admin',now(),NULL,'CD-COIN000017','CD-COIN000017');
INSERT INTO `tsys_dict` (`type`,`parent_key`,`dkey`,`dvalue`,`updater`,`update_datetime`,`remark`,`company_code`,`system_code`) VALUES ('1','banner_location','web_wechat','WEB微信二维码','admin',now(),NULL,'CD-COIN000017','CD-COIN000017');

INSERT INTO `tsys_dict` (`type`,`parent_key`,`dkey`,`dvalue`,`updater`,`update_datetime`,`remark`,`company_code`,`system_code`) VALUES ('0',NULL,'currency','货币','admin',now(),'','CD-COIN000017','CD-COIN000017');
INSERT INTO `tsys_dict` (`type`,`parent_key`,`dkey`,`dvalue`,`updater`,`update_datetime`,`remark`,`company_code`,`system_code`) VALUES ('1','currency','CNY','人民币','admin',now(),'','CD-COIN000017','CD-COIN000017');
INSERT INTO `tsys_dict` (`type`,`parent_key`,`dkey`,`dvalue`,`updater`,`update_datetime`,`remark`,`company_code`,`system_code`) VALUES ('1','currency','USD','美元','admin',now(),'','CD-COIN000017','CD-COIN000017');
INSERT INTO `tsys_dict` (`type`,`parent_key`,`dkey`,`dvalue`,`updater`,`update_datetime`,`remark`,`company_code`,`system_code`) VALUES ('1','currency','HKD','港币','admin',now(),'','CD-COIN000017','CD-COIN000017');

INSERT INTO `tsys_dict` (`type`,`parent_key`,`dkey`,`dvalue`,`updater`,`update_datetime`,`remark`,`company_code`,`system_code`) VALUES ('0',NULL,'coin','货币','admin',now(),'','CD-COIN000017','CD-COIN000017');
INSERT INTO `tsys_dict` (`type`,`parent_key`,`dkey`,`dvalue`,`updater`,`update_datetime`,`remark`,`company_code`,`system_code`) VALUES ('1','coin','BTC','比特币','admin',now(),'','CD-COIN000017','CD-COIN000017');
INSERT INTO `tsys_dict` (`type`,`parent_key`,`dkey`,`dvalue`,`updater`,`update_datetime`,`remark`,`company_code`,`system_code`) VALUES ('1','coin','ETH','以太币','admin',now(),'','CD-COIN000017','CD-COIN000017');

INSERT INTO `tsys_dict` (`type`,`parent_key`,`dkey`,`dvalue`,`updater`,`update_datetime`,`remark`,`company_code`,`system_code`) VALUES ('0',NULL,'account_type','账户类型','admin',now(),'','CD-COIN000017','CD-COIN000017');
INSERT INTO `tsys_dict` (`type`,`parent_key`,`dkey`,`dvalue`,`updater`,`update_datetime`,`remark`,`company_code`,`system_code`) VALUES ('1','account_type','C','C端用户','admin',now(),'','CD-COIN000017','CD-COIN000017');
INSERT INTO `tsys_dict` (`type`,`parent_key`,`dkey`,`dvalue`,`updater`,`update_datetime`,`remark`,`company_code`,`system_code`) VALUES ('1','account_type','P','平台用户','admin',now(),'','CD-COIN000017','CD-COIN000017');

INSERT INTO `tsys_dict` (`type`,`parent_key`,`dkey`,`dvalue`,`updater`,`update_datetime`,`remark`,`company_code`,`system_code`) VALUES ('0',NULL,'account_status','账户状态','admin',now(),'','CD-COIN000017','CD-COIN000017');
INSERT INTO `tsys_dict` (`type`,`parent_key`,`dkey`,`dvalue`,`updater`,`update_datetime`,`remark`,`company_code`,`system_code`) VALUES ('1','account_status','0','正常','admin',now(),'','CD-COIN000017','CD-COIN000017');
INSERT INTO `tsys_dict` (`type`,`parent_key`,`dkey`,`dvalue`,`updater`,`update_datetime`,`remark`,`company_code`,`system_code`) VALUES ('1','account_status','1','程序锁定','admin',now(),'','CD-COIN000017','CD-COIN000017');
INSERT INTO `tsys_dict` (`type`,`parent_key`,`dkey`,`dvalue`,`updater`,`update_datetime`,`remark`,`company_code`,`system_code`) VALUES ('1','account_status','2','人工锁定','admin',now(),'','CD-COIN000017','CD-COIN000017');

INSERT INTO `tsys_dict` (`type`,`parent_key`,`dkey`,`dvalue`,`updater`,`update_datetime`,`remark`,`company_code`,`system_code`) VALUES ('0',NULL,'jour_status','流水状态','admin',now(),'','CD-COIN000017','CD-COIN000017');
INSERT INTO `tsys_dict` (`type`,`parent_key`,`dkey`,`dvalue`,`updater`,`update_datetime`,`remark`,`company_code`,`system_code`) VALUES ('1','jour_status','1','待对账','admin',now(),'','CD-COIN000017','CD-COIN000017');
INSERT INTO `tsys_dict` (`type`,`parent_key`,`dkey`,`dvalue`,`updater`,`update_datetime`,`remark`,`company_code`,`system_code`) VALUES ('1','jour_status','3','已对账且账已平','admin',now(),'','CD-COIN000017','CD-COIN000017');
INSERT INTO `tsys_dict` (`type`,`parent_key`,`dkey`,`dvalue`,`updater`,`update_datetime`,`remark`,`company_code`,`system_code`) VALUES ('1','jour_status','4','帐不平待调账审批','admin',now(),'','CD-COIN000017','CD-COIN000017');
INSERT INTO `tsys_dict` (`type`,`parent_key`,`dkey`,`dvalue`,`updater`,`update_datetime`,`remark`,`company_code`,`system_code`) VALUES ('1','jour_status','5','已对账且账不平','admin',now(),'','CD-COIN000017','CD-COIN000017');
INSERT INTO `tsys_dict` (`type`,`parent_key`,`dkey`,`dvalue`,`updater`,`update_datetime`,`remark`,`company_code`,`system_code`) VALUES ('1','jour_status','6','无需对账','admin',now(),'','CD-COIN000017','CD-COIN000017');

INSERT INTO `tsys_dict` (`type`,`parent_key`,`dkey`,`dvalue`,`updater`,`update_datetime`,`remark`,`company_code`,`system_code`) VALUES ('0',NULL,'channel_type','渠道类型','admin',now(),'','CD-COIN000017','CD-COIN000017');
INSERT INTO `tsys_dict` (`type`,`parent_key`,`dkey`,`dvalue`,`updater`,`update_datetime`,`remark`,`company_code`,`system_code`) VALUES ('1','channel_type','ETH','以太坊','admin',now(),'','CD-COIN000017','CD-COIN000017');
INSERT INTO `tsys_dict` (`type`,`parent_key`,`dkey`,`dvalue`,`updater`,`update_datetime`,`remark`,`company_code`,`system_code`) VALUES ('1','channel_type','0','内部账','admin',now(),'','CD-COIN000017','CD-COIN000017');
INSERT INTO `tsys_dict` (`type`,`parent_key`,`dkey`,`dvalue`,`updater`,`update_datetime`,`remark`,`company_code`,`system_code`) VALUES ('1','channel_type','90','人工线下','admin',now(),'','CD-COIN000017','CD-COIN000017');

INSERT INTO `tsys_dict` (`type`,`parent_key`,`dkey`,`dvalue`,`updater`,`update_datetime`,`remark`,`company_code`,`system_code`) VALUES ('0',NULL,'jour_biz_type_user','用户流水业务类型','admin',now(),'','CD-COIN000017','CD-COIN000017');
INSERT INTO `tsys_dict` (`type`,`parent_key`,`dkey`,`dvalue`,`updater`,`update_datetime`,`remark`,`company_code`,`system_code`) VALUES ('1','jour_biz_type_user','charge','充值','admin',now(),'','CD-COIN000017','CD-COIN000017');
INSERT INTO `tsys_dict` (`type`,`parent_key`,`dkey`,`dvalue`,`updater`,`update_datetime`,`remark`,`company_code`,`system_code`) VALUES ('1','jour_biz_type_user','withdraw','取现','admin',now(),'','CD-COIN000017','CD-COIN000017');
INSERT INTO `tsys_dict` (`type`,`parent_key`,`dkey`,`dvalue`,`updater`,`update_datetime`,`remark`,`company_code`,`system_code`) VALUES ('1','jour_biz_type_user','buy','交易买入','admin',now(),'','CD-COIN000017','CD-COIN000017');
INSERT INTO `tsys_dict` (`type`,`parent_key`,`dkey`,`dvalue`,`updater`,`update_datetime`,`remark`,`company_code`,`system_code`) VALUES ('1','jour_biz_type_user','sell','交易卖出','admin',now(),'','CD-COIN000017','CD-COIN000017');
INSERT INTO `tsys_dict` (`type`,`parent_key`,`dkey`,`dvalue`,`updater`,`update_datetime`,`remark`,`company_code`,`system_code`) VALUES ('1','jour_biz_type_user','tradefee','交易广告费','admin',now(),'','CD-COIN000017','CD-COIN000017');
INSERT INTO `tsys_dict` (`type`,`parent_key`,`dkey`,`dvalue`,`updater`,`update_datetime`,`remark`,`company_code`,`system_code`) VALUES ('1','jour_biz_type_user','withdrawfee','取现手续费','admin',now(),'','CD-COIN000017','CD-COIN000017');
INSERT INTO `tsys_dict` (`type`,`parent_key`,`dkey`,`dvalue`,`updater`,`update_datetime`,`remark`,`company_code`,`system_code`) VALUES ('1','jour_biz_type_user','invite','推荐好友分成','admin',now(),'','CD-COIN000017','CD-COIN000017');
INSERT INTO `tsys_dict` (`type`,`parent_key`,`dkey`,`dvalue`,`updater`,`update_datetime`,`remark`,`company_code`,`system_code`) VALUES ('1','jour_biz_type_user','hc','红冲','admin',now(),'','CD-COIN000017','CD-COIN000017');
INSERT INTO `tsys_dict` (`type`,`parent_key`,`dkey`,`dvalue`,`updater`,`update_datetime`,`remark`,`company_code`,`system_code`) VALUES ('1','jour_biz_type_user','lb','蓝补','admin',now(),'','CD-COIN000017','CD-COIN000017');

INSERT INTO `tsys_dict` (`type`,`parent_key`,`dkey`,`dvalue`,`updater`,`update_datetime`,`remark`,`company_code`,`system_code`) VALUES ('0',NULL,'frezon_jour_biz_type_user','用户冻结流水业务类型','admin',now(),'','CD-COIN000017','CD-COIN000017');
INSERT INTO `tsys_dict` (`type`,`parent_key`,`dkey`,`dvalue`,`updater`,`update_datetime`,`remark`,`company_code`,`system_code`) VALUES ('1','frezon_jour_biz_type_user','withdrawfrozen','取现冻结','admin',now(),'','CD-COIN000017','CD-COIN000017');
INSERT INTO `tsys_dict` (`type`,`parent_key`,`dkey`,`dvalue`,`updater`,`update_datetime`,`remark`,`company_code`,`system_code`) VALUES ('1','frezon_jour_biz_type_user','withdrawunfrozen','取现解冻','admin',now(),'','CD-COIN000017','CD-COIN000017');
INSERT INTO `tsys_dict` (`type`,`parent_key`,`dkey`,`dvalue`,`updater`,`update_datetime`,`remark`,`company_code`,`system_code`) VALUES ('1','frezon_jour_biz_type_user','tradefrozen','交易冻结','admin',now(),'','CD-COIN000017','CD-COIN000017');
INSERT INTO `tsys_dict` (`type`,`parent_key`,`dkey`,`dvalue`,`updater`,`update_datetime`,`remark`,`company_code`,`system_code`) VALUES ('1','frezon_jour_biz_type_user','tradeunfrozen','交易解冻','admin',now(),'','CD-COIN000017','CD-COIN000017');

INSERT INTO `tsys_dict` (`type`,`parent_key`,`dkey`,`dvalue`,`updater`,`update_datetime`,`remark`,`company_code`,`system_code`) VALUES ('0',NULL,'jour_biz_type_cold','冷钱包流水业务类型','admin',now(),'','CD-COIN000017','CD-COIN000017');
INSERT INTO `tsys_dict` (`type`,`parent_key`,`dkey`,`dvalue`,`updater`,`update_datetime`,`remark`,`company_code`,`system_code`) VALUES ('1','jour_biz_type_cold','income','收入','admin',now(),'','CD-COIN000017','CD-COIN000017');
INSERT INTO `tsys_dict` (`type`,`parent_key`,`dkey`,`dvalue`,`updater`,`update_datetime`,`remark`,`company_code`,`system_code`) VALUES ('1','jour_biz_type_cold','pay','支出','admin',now(),'','CD-COIN000017','CD-COIN000017');
INSERT INTO `tsys_dict` (`type`,`parent_key`,`dkey`,`dvalue`,`updater`,`update_datetime`,`remark`,`company_code`,`system_code`) VALUES ('1','jour_biz_type_cold','hc','红冲','admin',now(),'','CD-COIN000017','CD-COIN000017');
INSERT INTO `tsys_dict` (`type`,`parent_key`,`dkey`,`dvalue`,`updater`,`update_datetime`,`remark`,`company_code`,`system_code`) VALUES ('1','jour_biz_type_cold','lb','蓝补','admin',now(),'','CD-COIN000017','CD-COIN000017');

INSERT INTO `tsys_dict` (`type`,`parent_key`,`dkey`,`dvalue`,`updater`,`update_datetime`,`remark`,`company_code`,`system_code`) VALUES ('0',NULL,'jour_biz_type_plat','盈亏账户流水业务类型','admin',now(),'','CD-COIN000017','CD-COIN000017');
INSERT INTO `tsys_dict` (`type`,`parent_key`,`dkey`,`dvalue`,`updater`,`update_datetime`,`remark`,`company_code`,`system_code`) VALUES ('1','jour_biz_type_plat','tradefee','交易广告费收入','admin',now(),'','CD-COIN000017','CD-COIN000017');
INSERT INTO `tsys_dict` (`type`,`parent_key`,`dkey`,`dvalue`,`updater`,`update_datetime`,`remark`,`company_code`,`system_code`) VALUES ('1','jour_biz_type_plat','withdrawfee','取现手续费收入','admin',now(),'','CD-COIN000017','CD-COIN000017');
INSERT INTO `tsys_dict` (`type`,`parent_key`,`dkey`,`dvalue`,`updater`,`update_datetime`,`remark`,`company_code`,`system_code`) VALUES ('1','jour_biz_type_plat','mfee','取现矿工费','admin',now(),'','CD-COIN000017','CD-COIN000017');
INSERT INTO `tsys_dict` (`type`,`parent_key`,`dkey`,`dvalue`,`updater`,`update_datetime`,`remark`,`company_code`,`system_code`) VALUES ('1','jour_biz_type_plat','wfee','归集矿工费','admin',now(),'','CD-COIN000017','CD-COIN000017');
INSERT INTO `tsys_dict` (`type`,`parent_key`,`dkey`,`dvalue`,`updater`,`update_datetime`,`remark`,`company_code`,`system_code`) VALUES ('1','jour_biz_type_plat','invite','推荐好友分成支出','admin',now(),'','CD-COIN000017','CD-COIN000017');
INSERT INTO `tsys_dict` (`type`,`parent_key`,`dkey`,`dvalue`,`updater`,`update_datetime`,`remark`,`company_code`,`system_code`) VALUES ('1','jour_biz_type_plat','hc','红冲','admin',now(),'','CD-COIN000017','CD-COIN000017');
INSERT INTO `tsys_dict` (`type`,`parent_key`,`dkey`,`dvalue`,`updater`,`update_datetime`,`remark`,`company_code`,`system_code`) VALUES ('1','jour_biz_type_plat','lb','蓝补','admin',now(),'','CD-COIN000017','CD-COIN000017');

INSERT INTO `tsys_dict` (`type`,`parent_key`,`dkey`,`dvalue`,`updater`,`update_datetime`,`remark`,`company_code`,`system_code`) VALUES ('0',NULL,'jour_biz_type','用户流水业务类型','admin',now(),'','CD-COIN000017','CD-COIN000017');
INSERT INTO `tsys_dict` (`type`,`parent_key`,`dkey`,`dvalue`,`updater`,`update_datetime`,`remark`,`company_code`,`system_code`) VALUES ('1','jour_biz_type','charge','充值','admin',now(),'','CD-COIN000017','CD-COIN000017');
INSERT INTO `tsys_dict` (`type`,`parent_key`,`dkey`,`dvalue`,`updater`,`update_datetime`,`remark`,`company_code`,`system_code`) VALUES ('1','jour_biz_type','withdraw','取现','admin',now(),'','CD-COIN000017','CD-COIN000017');
INSERT INTO `tsys_dict` (`type`,`parent_key`,`dkey`,`dvalue`,`updater`,`update_datetime`,`remark`,`company_code`,`system_code`) VALUES ('1','jour_biz_type','buy','交易买入','admin',now(),'','CD-COIN000017','CD-COIN000017');
INSERT INTO `tsys_dict` (`type`,`parent_key`,`dkey`,`dvalue`,`updater`,`update_datetime`,`remark`,`company_code`,`system_code`) VALUES ('1','jour_biz_type','sell','交易卖出','admin',now(),'','CD-COIN000017','CD-COIN000017');
INSERT INTO `tsys_dict` (`type`,`parent_key`,`dkey`,`dvalue`,`updater`,`update_datetime`,`remark`,`company_code`,`system_code`) VALUES ('1','jour_biz_type','tradefee','交易广告费','admin',now(),'','CD-COIN000017','CD-COIN000017');
INSERT INTO `tsys_dict` (`type`,`parent_key`,`dkey`,`dvalue`,`updater`,`update_datetime`,`remark`,`company_code`,`system_code`) VALUES ('1','jour_biz_type','withdrawfee','取现手续费','admin',now(),'','CD-COIN000017','CD-COIN000017');
INSERT INTO `tsys_dict` (`type`,`parent_key`,`dkey`,`dvalue`,`updater`,`update_datetime`,`remark`,`company_code`,`system_code`) VALUES ('1','jour_biz_type','invite','推荐好友分成','admin',now(),'','CD-COIN000017','CD-COIN000017');
INSERT INTO `tsys_dict` (`type`,`parent_key`,`dkey`,`dvalue`,`updater`,`update_datetime`,`remark`,`company_code`,`system_code`) VALUES ('1','jour_biz_type','income','收入','admin',now(),'','CD-COIN000017','CD-COIN000017');
INSERT INTO `tsys_dict` (`type`,`parent_key`,`dkey`,`dvalue`,`updater`,`update_datetime`,`remark`,`company_code`,`system_code`) VALUES ('1','jour_biz_type','pay','支出','admin',now(),'','CD-COIN000017','CD-COIN000017');
INSERT INTO `tsys_dict` (`type`,`parent_key`,`dkey`,`dvalue`,`updater`,`update_datetime`,`remark`,`company_code`,`system_code`) VALUES ('1','jour_biz_type','mfee','取现矿工费','admin',now(),'','CD-COIN000017','CD-COIN000017');
INSERT INTO `tsys_dict` (`type`,`parent_key`,`dkey`,`dvalue`,`updater`,`update_datetime`,`remark`,`company_code`,`system_code`) VALUES ('1','jour_biz_type','wfee','归集矿工费','admin',now(),'','CD-COIN000017','CD-COIN000017');
INSERT INTO `tsys_dict` (`type`,`parent_key`,`dkey`,`dvalue`,`updater`,`update_datetime`,`remark`,`company_code`,`system_code`) VALUES ('1','jour_biz_type','hc','红冲','admin',now(),'','CD-COIN000017','CD-COIN000017');
INSERT INTO `tsys_dict` (`type`,`parent_key`,`dkey`,`dvalue`,`updater`,`update_datetime`,`remark`,`company_code`,`system_code`) VALUES ('1','jour_biz_type','lb','蓝补','admin',now(),'','CD-COIN000017','CD-COIN000017');

INSERT INTO `tsys_dict` (`type`,`parent_key`,`dkey`,`dvalue`,`updater`,`update_datetime`,`remark`,`company_code`,`system_code`) VALUES ('0',NULL,'charge_status','充值状态','admin',now(),'','CD-COIN000017','CD-COIN000017');
INSERT INTO `tsys_dict` (`type`,`parent_key`,`dkey`,`dvalue`,`updater`,`update_datetime`,`remark`,`company_code`,`system_code`) VALUES ('1','charge_status','1','待支付','admin',now(),'','CD-COIN000017','CD-COIN000017');
INSERT INTO `tsys_dict` (`type`,`parent_key`,`dkey`,`dvalue`,`updater`,`update_datetime`,`remark`,`company_code`,`system_code`) VALUES ('1','charge_status','2','支付失败','admin',now(),'','CD-COIN000017','CD-COIN000017');
INSERT INTO `tsys_dict` (`type`,`parent_key`,`dkey`,`dvalue`,`updater`,`update_datetime`,`remark`,`company_code`,`system_code`) VALUES ('1','charge_status','3','支付成功','admin',now(),'','CD-COIN000017','CD-COIN000017');

INSERT INTO `tsys_dict` (`type`,`parent_key`,`dkey`,`dvalue`,`updater`,`update_datetime`,`remark`,`company_code`,`system_code`) VALUES ('0',NULL,'withdraw_status','取现状态','admin',now(),'','CD-COIN000017','CD-COIN000017');
INSERT INTO `tsys_dict` (`type`,`parent_key`,`dkey`,`dvalue`,`updater`,`update_datetime`,`remark`,`company_code`,`system_code`) VALUES ('1','withdraw_status','1','待审批','admin',now(),'','CD-COIN000017','CD-COIN000017');
INSERT INTO `tsys_dict` (`type`,`parent_key`,`dkey`,`dvalue`,`updater`,`update_datetime`,`remark`,`company_code`,`system_code`) VALUES ('1','withdraw_status','2','审批不通过','admin',now(),'','CD-COIN000017','CD-COIN000017');
INSERT INTO `tsys_dict` (`type`,`parent_key`,`dkey`,`dvalue`,`updater`,`update_datetime`,`remark`,`company_code`,`system_code`) VALUES ('1','withdraw_status','3','审批通过待广播','admin',now(),'','CD-COIN000017','CD-COIN000017');
INSERT INTO `tsys_dict` (`type`,`parent_key`,`dkey`,`dvalue`,`updater`,`update_datetime`,`remark`,`company_code`,`system_code`) VALUES ('1','withdraw_status','4','广播中','admin',now(),'','CD-COIN000017','CD-COIN000017');
INSERT INTO `tsys_dict` (`type`,`parent_key`,`dkey`,`dvalue`,`updater`,`update_datetime`,`remark`,`company_code`,`system_code`) VALUES ('1','withdraw_status','5','广播失败','admin',now(),'','CD-COIN000017','CD-COIN000017');
INSERT INTO `tsys_dict` (`type`,`parent_key`,`dkey`,`dvalue`,`updater`,`update_datetime`,`remark`,`company_code`,`system_code`) VALUES ('1','withdraw_status','6','广播成功','admin',now(),'','CD-COIN000017','CD-COIN000017');

INSERT INTO `tsys_dict` (`type`,`parent_key`,`dkey`,`dvalue`,`updater`,`update_datetime`,`remark`,`company_code`,`system_code`) VALUES ('0',NULL,'collection_status','归集状态','admin',now(),'','CD-COIN000017','CD-COIN000017');
INSERT INTO `tsys_dict` (`type`,`parent_key`,`dkey`,`dvalue`,`updater`,`update_datetime`,`remark`,`company_code`,`system_code`) VALUES ('1','collection_status','0','广播中','admin',now(),'','CD-COIN000017','CD-COIN000017');
INSERT INTO `tsys_dict` (`type`,`parent_key`,`dkey`,`dvalue`,`updater`,`update_datetime`,`remark`,`company_code`,`system_code`) VALUES ('1','collection_status','1','广播成功','admin',now(),'','CD-COIN000017','CD-COIN000017');
INSERT INTO `tsys_dict` (`type`,`parent_key`,`dkey`,`dvalue`,`updater`,`update_datetime`,`remark`,`company_code`,`system_code`) VALUES ('1','collection_status','2','广播失败','admin',now(),'','CD-COIN000017','CD-COIN000017');

INSERT INTO `tsys_dict` (`type`,`parent_key`,`dkey`,`dvalue`,`updater`,`update_datetime`,`remark`,`company_code`,`system_code`) VALUES ('0',NULL,'pay_type','支付方式','admin',now(),'','CD-COIN000017','CD-COIN000017');
INSERT INTO `tsys_dict` (`type`,`parent_key`,`dkey`,`dvalue`,`updater`,`update_datetime`,`remark`,`company_code`,`system_code`) VALUES ('1','pay_type','0','支付宝','admin',now(),'','CD-COIN000017','CD-COIN000017');
INSERT INTO `tsys_dict` (`type`,`parent_key`,`dkey`,`dvalue`,`updater`,`update_datetime`,`remark`,`company_code`,`system_code`) VALUES ('1','pay_type','1','微信','admin',now(),'','CD-COIN000017','CD-COIN000017');
INSERT INTO `tsys_dict` (`type`,`parent_key`,`dkey`,`dvalue`,`updater`,`update_datetime`,`remark`,`company_code`,`system_code`) VALUES ('1','pay_type','2','银联转账','admin',now(),'','CD-COIN000017','CD-COIN000017');

INSERT INTO `tsys_dict` (`type`,`parent_key`,`dkey`,`dvalue`,`updater`,`update_datetime`,`remark`,`company_code`,`system_code`) VALUES ('0',NULL,'trade_order_status','交易订单状态','admin',now(),'','CD-COIN000017','CD-COIN000017');
INSERT INTO `tsys_dict` (`type`,`parent_key`,`dkey`,`dvalue`,`updater`,`update_datetime`,`remark`,`company_code`,`system_code`) VALUES ('1','trade_order_status','-1','待下单','admin',now(),'','CD-COIN000017','CD-COIN000017');
INSERT INTO `tsys_dict` (`type`,`parent_key`,`dkey`,`dvalue`,`updater`,`update_datetime`,`remark`,`company_code`,`system_code`) VALUES ('1','trade_order_status','0','待支付','admin',now(),'','CD-COIN000017','CD-COIN000017');
INSERT INTO `tsys_dict` (`type`,`parent_key`,`dkey`,`dvalue`,`updater`,`update_datetime`,`remark`,`company_code`,`system_code`) VALUES ('1','trade_order_status','1','已支付待释放','admin',now(),'','CD-COIN000017','CD-COIN000017');
INSERT INTO `tsys_dict` (`type`,`parent_key`,`dkey`,`dvalue`,`updater`,`update_datetime`,`remark`,`company_code`,`system_code`) VALUES ('1','trade_order_status','2','已释放待评价','admin',now(),'','CD-COIN000017','CD-COIN000017');
INSERT INTO `tsys_dict` (`type`,`parent_key`,`dkey`,`dvalue`,`updater`,`update_datetime`,`remark`,`company_code`,`system_code`) VALUES ('1','trade_order_status','3','已完成','admin',now(),'','CD-COIN000017','CD-COIN000017');
INSERT INTO `tsys_dict` (`type`,`parent_key`,`dkey`,`dvalue`,`updater`,`update_datetime`,`remark`,`company_code`,`system_code`) VALUES ('1','trade_order_status','4','已取消','admin',now(),'','CD-COIN000017','CD-COIN000017');
INSERT INTO `tsys_dict` (`type`,`parent_key`,`dkey`,`dvalue`,`updater`,`update_datetime`,`remark`,`company_code`,`system_code`) VALUES ('1','trade_order_status','5','仲裁中','admin',now(),'','CD-COIN000017','CD-COIN000017');

INSERT INTO `tsys_dict` (`type`,`parent_key`,`dkey`,`dvalue`,`updater`,`update_datetime`,`remark`,`company_code`,`system_code`) VALUES ('0',NULL,'trade_order_type','交易订单类型','admin',now(),'','CD-COIN000017','CD-COIN000017');
INSERT INTO `tsys_dict` (`type`,`parent_key`,`dkey`,`dvalue`,`updater`,`update_datetime`,`remark`,`company_code`,`system_code`) VALUES ('1','trade_order_type','buy','购买订单','admin',now(),'','CD-COIN000017','CD-COIN000017');
INSERT INTO `tsys_dict` (`type`,`parent_key`,`dkey`,`dvalue`,`updater`,`update_datetime`,`remark`,`company_code`,`system_code`) VALUES ('1','trade_order_type','sell','出售订单','admin',now(),'','CD-COIN000017','CD-COIN000017');

INSERT INTO `tsys_dict` (`type`,`parent_key`,`dkey`,`dvalue`,`updater`,`update_datetime`,`remark`,`company_code`,`system_code`) VALUES ('0',NULL,'ads_status','广告状态','admin',now(),'','CD-COIN000017','CD-COIN000017');
INSERT INTO `tsys_dict` (`type`,`parent_key`,`dkey`,`dvalue`,`updater`,`update_datetime`,`remark`,`company_code`,`system_code`) VALUES ('1','ads_status','0','草稿','admin',now(),'','CD-COIN000017','CD-COIN000017');
INSERT INTO `tsys_dict` (`type`,`parent_key`,`dkey`,`dvalue`,`updater`,`update_datetime`,`remark`,`company_code`,`system_code`) VALUES ('1','ads_status','1','已上架','admin',now(),'','CD-COIN000017','CD-COIN000017');
INSERT INTO `tsys_dict` (`type`,`parent_key`,`dkey`,`dvalue`,`updater`,`update_datetime`,`remark`,`company_code`,`system_code`) VALUES ('1','ads_status','2','已下架','admin',now(),'','CD-COIN000017','CD-COIN000017');

INSERT INTO `tsys_dict` (`type`,`parent_key`,`dkey`,`dvalue`,`updater`,`update_datetime`,`remark`,`company_code`,`system_code`) VALUES ('0',NULL,'arbitrate_status','仲裁订单状态','admin',now(),'','CD-COIN000017','CD-COIN000017');
INSERT INTO `tsys_dict` (`type`,`parent_key`,`dkey`,`dvalue`,`updater`,`update_datetime`,`remark`,`company_code`,`system_code`) VALUES ('1','arbitrate_status','0','待处理','admin',now(),'','CD-COIN000017','CD-COIN000017');
INSERT INTO `tsys_dict` (`type`,`parent_key`,`dkey`,`dvalue`,`updater`,`update_datetime`,`remark`,`company_code`,`system_code`) VALUES ('1','arbitrate_status','1','已处理','admin',now(),'','CD-COIN000017','CD-COIN000017');
INSERT INTO `tsys_dict` (`type`,`parent_key`,`dkey`,`dvalue`,`updater`,`update_datetime`,`remark`,`company_code`,`system_code`) VALUES ('1','arbitrate_status','2','已取消','admin',now(),'','CD-COIN000017','CD-COIN000017');

INSERT INTO `tsys_dict` (`type`,`parent_key`,`dkey`,`dvalue`,`updater`,`update_datetime`,`remark`,`company_code`,`system_code`) VALUES ('0',NULL,'trade_time_out','交易超时时间','admin',now(),'','CD-COIN000017','CD-COIN000017');
INSERT INTO `tsys_dict` (`type`,`parent_key`,`dkey`,`dvalue`,`updater`,`update_datetime`,`remark`,`company_code`,`system_code`) VALUES ('1','trade_time_out','10','10','admin',now(),'','CD-COIN000017','CD-COIN000017');
INSERT INTO `tsys_dict` (`type`,`parent_key`,`dkey`,`dvalue`,`updater`,`update_datetime`,`remark`,`company_code`,`system_code`) VALUES ('1','trade_time_out','15','15','admin',now(),'','CD-COIN000017','CD-COIN000017');
INSERT INTO `tsys_dict` (`type`,`parent_key`,`dkey`,`dvalue`,`updater`,`update_datetime`,`remark`,`company_code`,`system_code`) VALUES ('1','trade_time_out','20','20','admin',now(),'','CD-COIN000017','CD-COIN000017');

INSERT INTO `tsys_dict` (`type`,`parent_key`,`dkey`,`dvalue`,`updater`,`update_datetime`,`remark`,`company_code`,`system_code`) VALUES ('0',NULL,'comment_result','评价结果','admin',now(),'','CD-COIN000017','CD-COIN000017');
INSERT INTO `tsys_dict` (`type`,`parent_key`,`dkey`,`dvalue`,`updater`,`update_datetime`,`remark`,`company_code`,`system_code`) VALUES ('1','comment_result','0','差评','admin',now(),'','CD-COIN000017','CD-COIN000017');
INSERT INTO `tsys_dict` (`type`,`parent_key`,`dkey`,`dvalue`,`updater`,`update_datetime`,`remark`,`company_code`,`system_code`) VALUES ('1','comment_result','1','中评','admin',now(),'','CD-COIN000017','CD-COIN000017');
INSERT INTO `tsys_dict` (`type`,`parent_key`,`dkey`,`dvalue`,`updater`,`update_datetime`,`remark`,`company_code`,`system_code`) VALUES ('1','comment_result','2','好评','admin',now(),'','CD-COIN000017','CD-COIN000017');

/*
-- Query: SELECT code,name,type,url,order_no,'admin' updater, now() as update_datetime,remark,parent_code,system_code FROM tsys_menu
-- Date: 2017-12-13 20:10
*/
INSERT INTO `tsys_menu` (`code`,`name`,`type`,`url`,`order_no`,`updater`,`update_datetime`,`remark`,`parent_code`,`system_code`) VALUES ('COINSM201612071021105964','财务管理','1','#','3','admin','2017-12-13 12:10:01','','COINSM201700000000000000','CD-COIN000017');
INSERT INTO `tsys_menu` (`code`,`name`,`type`,`url`,`order_no`,`updater`,`update_datetime`,`remark`,`parent_code`,`system_code`) VALUES ('COINSM201612071022206883','外部账对账','1','#','5','admin','2017-12-13 12:10:01','','COINSM201612071021105964','CD-COIN000017');
INSERT INTO `tsys_menu` (`code`,`name`,`type`,`url`,`order_no`,`updater`,`update_datetime`,`remark`,`parent_code`,`system_code`) VALUES ('COINSM2016120710225078473','内部账对账','1','#','6','admin','2017-12-13 12:10:01','','COINSM201612071021105964','CD-COIN000017');
INSERT INTO `tsys_menu` (`code`,`name`,`type`,`url`,`order_no`,`updater`,`update_datetime`,`remark`,`parent_code`,`system_code`) VALUES ('COINSM2016120710233232137','平台账户','1','#','2','admin','2017-12-13 12:10:01','','COINSM201612071021105964','CD-COIN000017');
INSERT INTO `tsys_menu` (`code`,`name`,`type`,`url`,`order_no`,`updater`,`update_datetime`,`remark`,`parent_code`,`system_code`) VALUES ('COINSM2016120710421392861','充币对账','1','/finance/autoReconControl.htm','1','admin','2017-12-13 12:10:01','','COINSM201612071022206883','CD-COIN000017');
INSERT INTO `tsys_menu` (`code`,`name`,`type`,`url`,`order_no`,`updater`,`update_datetime`,`remark`,`parent_code`,`system_code`) VALUES ('COINSM2016120710443551388','提币对账','1','/finance/roughHand.htm','2','admin','2017-12-13 12:10:01','','COINSM201612071022206883','CD-COIN000017');
INSERT INTO `tsys_menu` (`code`,`name`,`type`,`url`,`order_no`,`updater`,`update_datetime`,`remark`,`parent_code`,`system_code`) VALUES ('COINSM2016120710470696888','买入对账','1','/finance/twoRoll.htm','1','admin','2017-12-13 12:10:01','','COINSM2016120710225078473','CD-COIN000017');
INSERT INTO `tsys_menu` (`code`,`name`,`type`,`url`,`order_no`,`updater`,`update_datetime`,`remark`,`parent_code`,`system_code`) VALUES ('COINSM2016120710484209132','卖出对账','1','/finance/inRoughHand.htm','2','admin','2017-12-13 12:10:01','','COINSM2016120710225078473','CD-COIN000017');
INSERT INTO `tsys_menu` (`code`,`name`,`type`,`url`,`order_no`,`updater`,`update_datetime`,`remark`,`parent_code`,`system_code`) VALUES ('COINSM2016120710583381112','平台账户','1','/finance/breakBalance.htm','1','admin','2017-12-13 12:10:01','','COINSM2016120710233232137','CD-COIN000017');
INSERT INTO `tsys_menu` (`code`,`name`,`type`,`url`,`order_no`,`updater`,`update_datetime`,`remark`,`parent_code`,`system_code`) VALUES ('COINSM2016120711021944714','线下充值','1','/finance/offlineRecharge.htm','1','admin','2017-12-13 12:10:01','','COINSM201707251143314118180','CD-COIN000017');
INSERT INTO `tsys_menu` (`code`,`name`,`type`,`url`,`order_no`,`updater`,`update_datetime`,`remark`,`parent_code`,`system_code`) VALUES ('COINSM2016120816125733948','对账','2','/edit','1','admin','2017-12-13 12:10:01','','COINSM2016120710421392861','CD-COIN000017');
INSERT INTO `tsys_menu` (`code`,`name`,`type`,`url`,`order_no`,`updater`,`update_datetime`,`remark`,`parent_code`,`system_code`) VALUES ('COINSM2016120816133940523','详情','2','/detail','2','admin','2017-12-13 12:10:01','','COINSM2016120710421392861','CD-COIN000017');
INSERT INTO `tsys_menu` (`code`,`name`,`type`,`url`,`order_no`,`updater`,`update_datetime`,`remark`,`parent_code`,`system_code`) VALUES ('COINSM2016120911033945882','对账','2','/edit','1','admin','2017-12-13 12:10:01','','COINSM2016120710443551388','CD-COIN000017');
INSERT INTO `tsys_menu` (`code`,`name`,`type`,`url`,`order_no`,`updater`,`update_datetime`,`remark`,`parent_code`,`system_code`) VALUES ('COINSM2016120911042060088','详情','2','/detail','2','admin','2017-12-13 12:10:01','','COINSM2016120710443551388','CD-COIN000017');
INSERT INTO `tsys_menu` (`code`,`name`,`type`,`url`,`order_no`,`updater`,`update_datetime`,`remark`,`parent_code`,`system_code`) VALUES ('COINSM201612091114505291','对账','2','/edit','1','admin','2017-12-13 12:10:01','','COINSM2016120710470696888','CD-COIN000017');
INSERT INTO `tsys_menu` (`code`,`name`,`type`,`url`,`order_no`,`updater`,`update_datetime`,`remark`,`parent_code`,`system_code`) VALUES ('COINSM2016120911160661084','详情','2','/detail','2','admin','2017-12-13 12:10:01','','COINSM2016120710470696888','CD-COIN000017');
INSERT INTO `tsys_menu` (`code`,`name`,`type`,`url`,`order_no`,`updater`,`update_datetime`,`remark`,`parent_code`,`system_code`) VALUES ('COINSM2016120911293120195','对账','2','/edit','1','admin','2017-12-13 12:10:01','','COINSM2016120710484209132','CD-COIN000017');
INSERT INTO `tsys_menu` (`code`,`name`,`type`,`url`,`order_no`,`updater`,`update_datetime`,`remark`,`parent_code`,`system_code`) VALUES ('COINSM2016120911301231346','详情','2','/detail','2','admin','2017-12-13 12:10:01','','COINSM2016120710484209132','CD-COIN000017');
INSERT INTO `tsys_menu` (`code`,`name`,`type`,`url`,`order_no`,`updater`,`update_datetime`,`remark`,`parent_code`,`system_code`) VALUES ('COINSM2016122219590218515','导出','2','/export','9','admin','2017-12-13 12:10:01','','COINSM2016120710470696888','CD-COIN000017');
INSERT INTO `tsys_menu` (`code`,`name`,`type`,`url`,`order_no`,`updater`,`update_datetime`,`remark`,`parent_code`,`system_code`) VALUES ('COINSM2016122220000572417','导出','2','/export','9','admin','2017-12-13 12:10:01','','COINSM2016120710484209132','CD-COIN000017');
INSERT INTO `tsys_menu` (`code`,`name`,`type`,`url`,`order_no`,`updater`,`update_datetime`,`remark`,`parent_code`,`system_code`) VALUES ('COINSM2016122317321369746','代申请','2','/add','1','admin','2017-12-13 12:10:01','','COINSM2016120711021944714','CD-COIN000017');
INSERT INTO `tsys_menu` (`code`,`name`,`type`,`url`,`order_no`,`updater`,`update_datetime`,`remark`,`parent_code`,`system_code`) VALUES ('COINSM2016122317590316953','流水','2','/flow','1','admin','2017-12-13 12:10:01','','COINSM2016120710583381112','CD-COIN000017');
INSERT INTO `tsys_menu` (`code`,`name`,`type`,`url`,`order_no`,`updater`,`update_datetime`,`remark`,`parent_code`,`system_code`) VALUES ('COINSM2016122412144574736','导出','2','export','9','admin','2017-12-13 12:10:01','','COINSM2016120710583381112','CD-COIN000017');
INSERT INTO `tsys_menu` (`code`,`name`,`type`,`url`,`order_no`,`updater`,`update_datetime`,`remark`,`parent_code`,`system_code`) VALUES ('COINSM2016122413510161245','审核','2','/examine','2','admin','2017-12-13 12:10:01','','COINSM2016120711021944714','CD-COIN000017');
INSERT INTO `tsys_menu` (`code`,`name`,`type`,`url`,`order_no`,`updater`,`update_datetime`,`remark`,`parent_code`,`system_code`) VALUES ('COINSM201700000000000000','根目录','1','#','1','admin','2017-12-13 12:10:01','','','CD-COIN000017');
INSERT INTO `tsys_menu` (`code`,`name`,`type`,`url`,`order_no`,`updater`,`update_datetime`,`remark`,`parent_code`,`system_code`) VALUES ('COINSM201700001000000001','系统管理','1','#','1','admin','2017-12-13 12:10:01','','COINSM201700000000000000','CD-COIN000017');
INSERT INTO `tsys_menu` (`code`,`name`,`type`,`url`,`order_no`,`updater`,`update_datetime`,`remark`,`parent_code`,`system_code`) VALUES ('COINSM201700001000000002','运维管理','1','#','2','admin','2017-12-13 12:10:01',NULL,'COINSM201700001000000001','CD-COIN000017');
INSERT INTO `tsys_menu` (`code`,`name`,`type`,`url`,`order_no`,`updater`,`update_datetime`,`remark`,`parent_code`,`system_code`) VALUES ('COINSM201700001000000003','菜单管理','1','/system/menu.htm','1','admin','2017-12-13 12:10:01',NULL,'COINSM201700001000000002','CD-COIN000017');
INSERT INTO `tsys_menu` (`code`,`name`,`type`,`url`,`order_no`,`updater`,`update_datetime`,`remark`,`parent_code`,`system_code`) VALUES ('COINSM201700001000000004','新增','2','/add','1','admin','2017-12-13 12:10:01','','COINSM201700001000000003','CD-COIN000017');
INSERT INTO `tsys_menu` (`code`,`name`,`type`,`url`,`order_no`,`updater`,`update_datetime`,`remark`,`parent_code`,`system_code`) VALUES ('COINSM2017022412460281492','平台流水','1','/finance/platform_ledger.htm','2','admin','2017-12-13 12:10:01','','COINSM2016120710233232137','CD-COIN000017');
INSERT INTO `tsys_menu` (`code`,`name`,`type`,`url`,`order_no`,`updater`,`update_datetime`,`remark`,`parent_code`,`system_code`) VALUES ('COINSM2017022412472301488','详情','2','/detail','1','admin','2017-12-13 12:10:01','','COINSM2017022412460281492','CD-COIN000017');
INSERT INTO `tsys_menu` (`code`,`name`,`type`,`url`,`order_no`,`updater`,`update_datetime`,`remark`,`parent_code`,`system_code`) VALUES ('COINSM2017022412482059354','导出','2','/export','2','admin','2017-12-13 12:10:01','','COINSM2017022412460281492','CD-COIN000017');
INSERT INTO `tsys_menu` (`code`,`name`,`type`,`url`,`order_no`,`updater`,`update_datetime`,`remark`,`parent_code`,`system_code`) VALUES ('COINSM2017022413014074915','导出','2','/export','3','admin','2017-12-13 12:10:01','','COINSM2016120710443551388','CD-COIN000017');
INSERT INTO `tsys_menu` (`code`,`name`,`type`,`url`,`order_no`,`updater`,`update_datetime`,`remark`,`parent_code`,`system_code`) VALUES ('COINSM2017022413024043573','导出','2','/export','3','admin','2017-12-13 12:10:01','','COINSM2016120710421392861','CD-COIN000017');
INSERT INTO `tsys_menu` (`code`,`name`,`type`,`url`,`order_no`,`updater`,`update_datetime`,`remark`,`parent_code`,`system_code`) VALUES ('COINSM2017032911200961325','修改','2','/edit','2','admin','2017-12-13 12:10:01','','COINSM201700001000000003','CD-COIN000017');
INSERT INTO `tsys_menu` (`code`,`name`,`type`,`url`,`order_no`,`updater`,`update_datetime`,`remark`,`parent_code`,`system_code`) VALUES ('COINSM2017033020005366333','banner管理','1','/public/banner.htm','1','admin','2017-12-13 12:10:01','','COINSM201707251006045006005','CD-COIN000017');
INSERT INTO `tsys_menu` (`code`,`name`,`type`,`url`,`order_no`,`updater`,`update_datetime`,`remark`,`parent_code`,`system_code`) VALUES ('COINSM2017033020015631166','新增','2','/add','1','admin','2017-12-13 12:10:01','','COINSM2017033020005366333','CD-COIN000017');
INSERT INTO `tsys_menu` (`code`,`name`,`type`,`url`,`order_no`,`updater`,`update_datetime`,`remark`,`parent_code`,`system_code`) VALUES ('COINSM2017033020021094115','修改','2','/edit','2','admin','2017-12-13 12:10:01','','COINSM2017033020005366333','CD-COIN000017');
INSERT INTO `tsys_menu` (`code`,`name`,`type`,`url`,`order_no`,`updater`,`update_datetime`,`remark`,`parent_code`,`system_code`) VALUES ('COINSM2017033020022649991','删除','2','/delete','3','admin','2017-12-13 12:10:01','','COINSM2017033020005366333','CD-COIN000017');
INSERT INTO `tsys_menu` (`code`,`name`,`type`,`url`,`order_no`,`updater`,`update_datetime`,`remark`,`parent_code`,`system_code`) VALUES ('COINSM2017033020024827112','详情','2','/detail','4','admin','2017-12-13 12:10:01','','COINSM2017033020005366333','CD-COIN000017');
INSERT INTO `tsys_menu` (`code`,`name`,`type`,`url`,`order_no`,`updater`,`update_datetime`,`remark`,`parent_code`,`system_code`) VALUES ('COINSM2017040616442519963','详情','2','/detail','3','admin','2017-12-13 12:10:01','','COINSM2016120711021944714','CD-COIN000017');
INSERT INTO `tsys_menu` (`code`,`name`,`type`,`url`,`order_no`,`updater`,`update_datetime`,`remark`,`parent_code`,`system_code`) VALUES ('COINSM201705151132544318','导出','2','/export','5','admin','2017-12-13 12:10:01','','COINSM2016120711021944714','CD-COIN000017');
INSERT INTO `tsys_menu` (`code`,`name`,`type`,`url`,`order_no`,`updater`,`update_datetime`,`remark`,`parent_code`,`system_code`) VALUES ('COINSM201707251006045006005','广告位管理','1','#','5','admin','2017-12-13 12:10:01','','COINSM201700001000000001','CD-COIN000017');
INSERT INTO `tsys_menu` (`code`,`name`,`type`,`url`,`order_no`,`updater`,`update_datetime`,`remark`,`parent_code`,`system_code`) VALUES ('COINSM201707251143314118180','充币管理','1','#','3','admin','2017-12-13 12:10:01','','COINSM201612071021105964','CD-COIN000017');
INSERT INTO `tsys_menu` (`code`,`name`,`type`,`url`,`order_no`,`updater`,`update_datetime`,`remark`,`parent_code`,`system_code`) VALUES ('COINSM201707251148117352030','充值查询','1','/finance/offlineRechargeQuery.htm','2','admin','2017-12-13 12:10:01','','COINSM201707251143314118180','CD-COIN000017');
INSERT INTO `tsys_menu` (`code`,`name`,`type`,`url`,`order_no`,`updater`,`update_datetime`,`remark`,`parent_code`,`system_code`) VALUES ('COINSM201707251331497821971','导出','2','/export','5','admin','2017-12-13 12:10:01','','COINSM201707251148117352030','CD-COIN000017');
INSERT INTO `tsys_menu` (`code`,`name`,`type`,`url`,`order_no`,`updater`,`update_datetime`,`remark`,`parent_code`,`system_code`) VALUES ('COINSM201708241024194086655','删除','2','/delete','3','admin','2017-12-13 12:10:01','','COINSM201700001000000003','CD-COIN000017');
INSERT INTO `tsys_menu` (`code`,`name`,`type`,`url`,`order_no`,`updater`,`update_datetime`,`remark`,`parent_code`,`system_code`) VALUES ('COINSM201708241036442974134','业务管理','1','#','2','admin','2017-12-13 12:10:01','','COINSM201700000000000000','CD-COIN000017');
INSERT INTO `tsys_menu` (`code`,`name`,`type`,`url`,`order_no`,`updater`,`update_datetime`,`remark`,`parent_code`,`system_code`) VALUES ('COINSM201708241037322072730','统计分析','1','#','4','admin','2017-12-13 12:10:01','','COINSM201700000000000000','CD-COIN000017');
INSERT INTO `tsys_menu` (`code`,`name`,`type`,`url`,`order_no`,`updater`,`update_datetime`,`remark`,`parent_code`,`system_code`) VALUES ('COINSM2017101716241339082','运营管理','1','#','1','admin','2017-12-13 12:10:01','','COINSM201700001000000001','CD-COIN000017');
INSERT INTO `tsys_menu` (`code`,`name`,`type`,`url`,`order_no`,`updater`,`update_datetime`,`remark`,`parent_code`,`system_code`) VALUES ('COINSM2017101716253866426','角色管理','1','/system/role.htm','1','admin','2017-12-13 12:10:01','','COINSM2017101716241339082','CD-COIN000017');
INSERT INTO `tsys_menu` (`code`,`name`,`type`,`url`,`order_no`,`updater`,`update_datetime`,`remark`,`parent_code`,`system_code`) VALUES ('COINSM2017101716261754674','会员查询','1','/system/user.htm','2','admin','2017-12-13 12:10:01','','COINSM2017101716241339082','CD-COIN000017');
INSERT INTO `tsys_menu` (`code`,`name`,`type`,`url`,`order_no`,`updater`,`update_datetime`,`remark`,`parent_code`,`system_code`) VALUES ('COINSM2017101716450533995','分配菜单','2','/change','4','admin','2017-12-13 12:10:01','','COINSM2017101716253866426','CD-COIN000017');
INSERT INTO `tsys_menu` (`code`,`name`,`type`,`url`,`order_no`,`updater`,`update_datetime`,`remark`,`parent_code`,`system_code`) VALUES ('COINSM2017101717551955993','新增','2','/add','1','admin','2017-12-13 12:10:01','','COINSM2017101716253866426','CD-COIN000017');
INSERT INTO `tsys_menu` (`code`,`name`,`type`,`url`,`order_no`,`updater`,`update_datetime`,`remark`,`parent_code`,`system_code`) VALUES ('COINSM2017101717560118734','修改','2','/edit','2','admin','2017-12-13 12:10:01','','COINSM2017101716253866426','CD-COIN000017');
INSERT INTO `tsys_menu` (`code`,`name`,`type`,`url`,`order_no`,`updater`,`update_datetime`,`remark`,`parent_code`,`system_code`) VALUES ('COINSM2017101717563661357','删除','2','/delete','3','admin','2017-12-13 12:10:01','','COINSM2017101716253866426','CD-COIN000017');
INSERT INTO `tsys_menu` (`code`,`name`,`type`,`url`,`order_no`,`updater`,`update_datetime`,`remark`,`parent_code`,`system_code`) VALUES ('COINSM2017101719082391126','新增','2','/add','1','admin','2017-12-13 12:10:01','','COINSM2017101716261754674','CD-COIN000017');
INSERT INTO `tsys_menu` (`code`,`name`,`type`,`url`,`order_no`,`updater`,`update_datetime`,`remark`,`parent_code`,`system_code`) VALUES ('COINSM2017101719094151894','重置密码','2','/reset','2','admin','2017-12-13 12:10:01','','COINSM2017101716261754674','CD-COIN000017');
INSERT INTO `tsys_menu` (`code`,`name`,`type`,`url`,`order_no`,`updater`,`update_datetime`,`remark`,`parent_code`,`system_code`) VALUES ('COINSM2017101719100760088','注销','2','/rock','4','admin','2017-12-13 12:10:01','','COINSM2017101716261754674','CD-COIN000017');
INSERT INTO `tsys_menu` (`code`,`name`,`type`,`url`,`order_no`,`updater`,`update_datetime`,`remark`,`parent_code`,`system_code`) VALUES ('COINSM2017101719110981215','设置角色','2','/assign','5','admin','2017-12-13 12:10:01','','COINSM2017101716261754674','CD-COIN000017');
INSERT INTO `tsys_menu` (`code`,`name`,`type`,`url`,`order_no`,`updater`,`update_datetime`,`remark`,`parent_code`,`system_code`) VALUES ('COINSM2017112911152991684','消息推送','1','#','3','admin','2017-12-13 12:10:01','','COINSM201700001000000001','CD-COIN000017');
INSERT INTO `tsys_menu` (`code`,`name`,`type`,`url`,`order_no`,`updater`,`update_datetime`,`remark`,`parent_code`,`system_code`) VALUES ('COINSM2017112911280249973','公告管理','1','/public/notice.htm','1','admin','2017-12-13 12:10:01','','COINSM2017112911152991684','CD-COIN000017');
INSERT INTO `tsys_menu` (`code`,`name`,`type`,`url`,`order_no`,`updater`,`update_datetime`,`remark`,`parent_code`,`system_code`) VALUES ('COINSM2017112914292031228','新增','2','/add','1','admin','2017-12-13 12:10:01','','COINSM2017112911280249973','CD-COIN000017');
INSERT INTO `tsys_menu` (`code`,`name`,`type`,`url`,`order_no`,`updater`,`update_datetime`,`remark`,`parent_code`,`system_code`) VALUES ('COINSM2017112914295002950','修改','2','/edit2','2','admin','2017-12-13 12:10:01','','COINSM2017112911280249973','CD-COIN000017');
INSERT INTO `tsys_menu` (`code`,`name`,`type`,`url`,`order_no`,`updater`,`update_datetime`,`remark`,`parent_code`,`system_code`) VALUES ('COINSM2017112914322481897','发布/撤下','2','/push','3','admin','2017-12-13 12:10:01','','COINSM2017112911280249973','CD-COIN000017');
INSERT INTO `tsys_menu` (`code`,`name`,`type`,`url`,`order_no`,`updater`,`update_datetime`,`remark`,`parent_code`,`system_code`) VALUES ('COINSM2017112914325471772','详情','2','/detail','5','admin','2017-12-13 12:10:01','','COINSM2017112911280249973','CD-COIN000017');
INSERT INTO `tsys_menu` (`code`,`name`,`type`,`url`,`order_no`,`updater`,`update_datetime`,`remark`,`parent_code`,`system_code`) VALUES ('COINSM2017120610552303416','激活','2','/active','3','admin','2017-12-13 12:10:01','','COINSM2017101716261754674','CD-COIN000017');
INSERT INTO `tsys_menu` (`code`,`name`,`type`,`url`,`order_no`,`updater`,`update_datetime`,`remark`,`parent_code`,`system_code`) VALUES ('COINSM2017121215543215610','文章管理','1','#','4','admin','2017-12-13 12:10:01','','COINSM201700001000000001','CD-COIN000017');
INSERT INTO `tsys_menu` (`code`,`name`,`type`,`url`,`order_no`,`updater`,`update_datetime`,`remark`,`parent_code`,`system_code`) VALUES ('COINSM2017121216045274832','关于我们','1','/public/aboutus_addedit.htm','1','admin','2017-12-13 12:10:01','','COINSM2017121215543215610','CD-COIN000017');
INSERT INTO `tsys_menu` (`code`,`name`,`type`,`url`,`order_no`,`updater`,`update_datetime`,`remark`,`parent_code`,`system_code`) VALUES ('SM201711071719583941706','客户管理','1','#','1','admin','2017-12-13 12:10:01','','COINSM201708241036442974134','CD-COIN000017');
INSERT INTO `tsys_menu` (`code`,`name`,`type`,`url`,`order_no`,`updater`,`update_datetime`,`remark`,`parent_code`,`system_code`) VALUES ('SM201711071721131644746','用户管理','1','/user/customer.htm','1','admin','2017-12-13 12:10:01','','SM201711071719583941706','CD-COIN000017');
INSERT INTO `tsys_menu` (`code`,`name`,`type`,`url`,`order_no`,`updater`,`update_datetime`,`remark`,`parent_code`,`system_code`) VALUES ('SM201711071732196251623','账户查询','2','/account','1','admin','2017-12-13 12:10:01','','SM201711071721131644746','CD-COIN000017');
INSERT INTO `tsys_menu` (`code`,`name`,`type`,`url`,`order_no`,`updater`,`update_datetime`,`remark`,`parent_code`,`system_code`) VALUES ('SM201711071741562566376','禁止登录','2','/rock','2','admin','2017-12-13 12:10:01','','SM201711071721131644746','CD-COIN000017');
INSERT INTO `tsys_menu` (`code`,`name`,`type`,`url`,`order_no`,`updater`,`update_datetime`,`remark`,`parent_code`,`system_code`) VALUES ('SM201711071742227377285','允许登录','2','/active','3','admin','2017-12-13 12:10:01','','SM201711071721131644746','CD-COIN000017');
INSERT INTO `tsys_menu` (`code`,`name`,`type`,`url`,`order_no`,`updater`,`update_datetime`,`remark`,`parent_code`,`system_code`) VALUES ('SM201711071742467608972','详情','2','/detail','4','admin','2017-12-13 12:10:01','','SM201711071721131644746','CD-COIN000017');
INSERT INTO `tsys_menu` (`code`,`name`,`type`,`url`,`order_no`,`updater`,`update_datetime`,`remark`,`parent_code`,`system_code`) VALUES ('SM201711071743219033850','添加备注','2','/remark','5','admin','2017-12-13 12:10:01','','SM201711071721131644746','CD-COIN000017');
INSERT INTO `tsys_menu` (`code`,`name`,`type`,`url`,`order_no`,`updater`,`update_datetime`,`remark`,`parent_code`,`system_code`) VALUES ('SM201711081111547852084','手续费管理','1','/rules/handsFee.htm','3','admin','2017-12-13 12:10:01','','COINSM2016120710233232137','CD-COIN000017');
INSERT INTO `tsys_menu` (`code`,`name`,`type`,`url`,`order_no`,`updater`,`update_datetime`,`remark`,`parent_code`,`system_code`) VALUES ('SM201711081400404895487','修改','2','/edit','1','admin','2017-12-13 12:10:01','','SM201711081111547852084','CD-COIN000017');
INSERT INTO `tsys_menu` (`code`,`name`,`type`,`url`,`order_no`,`updater`,`update_datetime`,`remark`,`parent_code`,`system_code`) VALUES ('SM201711081404308124201','会员账户','1','#','2','admin','2017-12-13 12:10:01','','COINSM201612071021105964','CD-COIN000017');
INSERT INTO `tsys_menu` (`code`,`name`,`type`,`url`,`order_no`,`updater`,`update_datetime`,`remark`,`parent_code`,`system_code`) VALUES ('SM201711081409307984995','分发地址','1','/finance/diviAddress.htm','1','admin','2017-12-13 12:10:01','','SM201711081404308124201','CD-COIN000017');
INSERT INTO `tsys_menu` (`code`,`name`,`type`,`url`,`order_no`,`updater`,`update_datetime`,`remark`,`parent_code`,`system_code`) VALUES ('SM201711081410356859335','流水查询','2','/diviLedger','1','admin','2017-12-13 12:10:01','','SM201711081409307984995','CD-COIN000017');
INSERT INTO `tsys_menu` (`code`,`name`,`type`,`url`,`order_no`,`updater`,`update_datetime`,`remark`,`parent_code`,`system_code`) VALUES ('SM201711081416278853402','提币管理','1','#','3','admin','2017-12-13 12:10:01','','COINSM201612071021105964','CD-COIN000017');
INSERT INTO `tsys_menu` (`code`,`name`,`type`,`url`,`order_no`,`updater`,`update_datetime`,`remark`,`parent_code`,`system_code`) VALUES ('SM201711081417503013352','提币规则','1','/rules/TBRule.htm','1','admin','2017-12-13 12:10:01','','SM201711081416278853402','CD-COIN000017');
INSERT INTO `tsys_menu` (`code`,`name`,`type`,`url`,`order_no`,`updater`,`update_datetime`,`remark`,`parent_code`,`system_code`) VALUES ('SM201711081418173353867','修改','2','/edit','1','admin','2017-12-13 12:10:01','','SM201711081417503013352','CD-COIN000017');
INSERT INTO `tsys_menu` (`code`,`name`,`type`,`url`,`order_no`,`updater`,`update_datetime`,`remark`,`parent_code`,`system_code`) VALUES ('SM201711081421358326980','提币地址','1','/finance/TBAddress.htm','2','admin','2017-12-13 12:10:01','','SM201711081416278853402','CD-COIN000017');
INSERT INTO `tsys_menu` (`code`,`name`,`type`,`url`,`order_no`,`updater`,`update_datetime`,`remark`,`parent_code`,`system_code`) VALUES ('SM201711081423308601904','生成','2','/add','1','admin','2017-12-13 12:10:01','','SM201711081421358326980','CD-COIN000017');
INSERT INTO `tsys_menu` (`code`,`name`,`type`,`url`,`order_no`,`updater`,`update_datetime`,`remark`,`parent_code`,`system_code`) VALUES ('SM201711081424358887020','线下提币','1','/finance/TBunderline.htm','3','admin','2017-12-13 12:10:01','','SM201711081416278853402','CD-COIN000017');
INSERT INTO `tsys_menu` (`code`,`name`,`type`,`url`,`order_no`,`updater`,`update_datetime`,`remark`,`parent_code`,`system_code`) VALUES ('SM201711081425019933095','代申请','2','/add','1','admin','2017-12-13 12:10:01','','SM201711081424358887020','CD-COIN000017');
INSERT INTO `tsys_menu` (`code`,`name`,`type`,`url`,`order_no`,`updater`,`update_datetime`,`remark`,`parent_code`,`system_code`) VALUES ('SM201711081426026276170','批量审核','2','/multiCheck','2','admin','2017-12-13 12:10:01','','SM201711081424358887020','CD-COIN000017');
INSERT INTO `tsys_menu` (`code`,`name`,`type`,`url`,`order_no`,`updater`,`update_datetime`,`remark`,`parent_code`,`system_code`) VALUES ('SM201711081426421228978','提币广播','2','/sp','3','admin','2017-12-13 12:10:01','','SM201711081424358887020','CD-COIN000017');
INSERT INTO `tsys_menu` (`code`,`name`,`type`,`url`,`order_no`,`updater`,`update_datetime`,`remark`,`parent_code`,`system_code`) VALUES ('SM201711081431005882968','归集管理','1','#','4','admin','2017-12-13 12:10:01','','COINSM201612071021105964','CD-COIN000017');
INSERT INTO `tsys_menu` (`code`,`name`,`type`,`url`,`order_no`,`updater`,`update_datetime`,`remark`,`parent_code`,`system_code`) VALUES ('SM201711081431436371130','归集规则','1','/rules/GJRule.htm','1','admin','2017-12-13 12:10:01','','SM201711081431005882968','CD-COIN000017');
INSERT INTO `tsys_menu` (`code`,`name`,`type`,`url`,`order_no`,`updater`,`update_datetime`,`remark`,`parent_code`,`system_code`) VALUES ('SM201711081435280411458','修改','2','/edit','1','admin','2017-12-13 12:10:01','','SM201711081431436371130','CD-COIN000017');
INSERT INTO `tsys_menu` (`code`,`name`,`type`,`url`,`order_no`,`updater`,`update_datetime`,`remark`,`parent_code`,`system_code`) VALUES ('SM201711081436354534709','归集地址','1','/finance/GJAddress.htm','2','admin','2017-12-13 12:10:01','','SM201711081431005882968','CD-COIN000017');
INSERT INTO `tsys_menu` (`code`,`name`,`type`,`url`,`order_no`,`updater`,`update_datetime`,`remark`,`parent_code`,`system_code`) VALUES ('SM201711081437069726688','导入','2','/import','1','admin','2017-12-13 12:10:01','','SM201711081436354534709','CD-COIN000017');
INSERT INTO `tsys_menu` (`code`,`name`,`type`,`url`,`order_no`,`updater`,`update_datetime`,`remark`,`parent_code`,`system_code`) VALUES ('SM201711081437452861020','弃用','2','/dele','2','admin','2017-12-13 12:10:01','','SM201711081436354534709','CD-COIN000017');
INSERT INTO `tsys_menu` (`code`,`name`,`type`,`url`,`order_no`,`updater`,`update_datetime`,`remark`,`parent_code`,`system_code`) VALUES ('SM201711081442278817722','归集查询','1','/finance/GJQuery.htm','3','admin','2017-12-13 12:10:01','','SM201711081431005882968','CD-COIN000017');
INSERT INTO `tsys_menu` (`code`,`name`,`type`,`url`,`order_no`,`updater`,`update_datetime`,`remark`,`parent_code`,`system_code`) VALUES ('SM201711081444203473881','详情','2','/detail','2','admin','2017-12-13 12:10:01','','SM201711081442278817722','CD-COIN000017');
INSERT INTO `tsys_menu` (`code`,`name`,`type`,`url`,`order_no`,`updater`,`update_datetime`,`remark`,`parent_code`,`system_code`) VALUES ('SM201711091113070529521','不平账处理','1','#','6','admin','2017-12-13 12:10:01','','COINSM201612071021105964','CD-COIN000017');
INSERT INTO `tsys_menu` (`code`,`name`,`type`,`url`,`order_no`,`updater`,`update_datetime`,`remark`,`parent_code`,`system_code`) VALUES ('SM201711091346241039616','不平账处理','1','/finance/unfairOutAccount.htm','1','admin','2017-12-13 12:10:01','','SM201711091113070529521','CD-COIN000017');
INSERT INTO `tsys_menu` (`code`,`name`,`type`,`url`,`order_no`,`updater`,`update_datetime`,`remark`,`parent_code`,`system_code`) VALUES ('SM201711091347287638130','审核','2','/exam','1','admin','2017-12-13 12:10:01','','SM201711091346241039616','CD-COIN000017');
INSERT INTO `tsys_menu` (`code`,`name`,`type`,`url`,`order_no`,`updater`,`update_datetime`,`remark`,`parent_code`,`system_code`) VALUES ('SM201711091347562977987','详情','2','/detail','2','admin','2017-12-13 12:10:01','','SM201711091346241039616','CD-COIN000017');
INSERT INTO `tsys_menu` (`code`,`name`,`type`,`url`,`order_no`,`updater`,`update_datetime`,`remark`,`parent_code`,`system_code`) VALUES ('SM201711091348223364368','导出','2','/export','3','admin','2017-12-13 12:10:01','','SM201711091346241039616','CD-COIN000017');
INSERT INTO `tsys_menu` (`code`,`name`,`type`,`url`,`order_no`,`updater`,`update_datetime`,`remark`,`parent_code`,`system_code`) VALUES ('SM201711091636299534636','本地账户','1','/biz/locationAccount.htm','2','admin','2017-12-13 12:10:01','','SM201711071719583941706','CD-COIN000017');
INSERT INTO `tsys_menu` (`code`,`name`,`type`,`url`,`order_no`,`updater`,`update_datetime`,`remark`,`parent_code`,`system_code`) VALUES ('SM201711091636598886982','流水查询','2','/ledger','1','admin','2017-12-13 12:10:01','','SM201711091636299534636','CD-COIN000017');
INSERT INTO `tsys_menu` (`code`,`name`,`type`,`url`,`order_no`,`updater`,`update_datetime`,`remark`,`parent_code`,`system_code`) VALUES ('SM201711091638097956060','交易管理','1','#','2','admin','2017-12-13 12:10:01','','COINSM201708241036442974134','CD-COIN000017');
INSERT INTO `tsys_menu` (`code`,`name`,`type`,`url`,`order_no`,`updater`,`update_datetime`,`remark`,`parent_code`,`system_code`) VALUES ('SM201711091639383748993','购买交易','1','/biz/buyTrade.htm','1','admin','2017-12-13 12:10:01','','SM201711091638097956060','CD-COIN000017');
INSERT INTO `tsys_menu` (`code`,`name`,`type`,`url`,`order_no`,`updater`,`update_datetime`,`remark`,`parent_code`,`system_code`) VALUES ('SM201711091640072325860','详情','2','/detail','1','admin','2017-12-13 12:10:01','','SM201711091639383748993','CD-COIN000017');
INSERT INTO `tsys_menu` (`code`,`name`,`type`,`url`,`order_no`,`updater`,`update_datetime`,`remark`,`parent_code`,`system_code`) VALUES ('SM201711091641382614985','出售交易','1','/biz/soleTrade.htm','2','admin','2017-12-13 12:10:01','','SM201711091638097956060','CD-COIN000017');
INSERT INTO `tsys_menu` (`code`,`name`,`type`,`url`,`order_no`,`updater`,`update_datetime`,`remark`,`parent_code`,`system_code`) VALUES ('SM201711091642028999956','详情','2','/detail','1','admin','2017-12-13 12:10:01','','SM201711091641382614985','CD-COIN000017');
INSERT INTO `tsys_menu` (`code`,`name`,`type`,`url`,`order_no`,`updater`,`update_datetime`,`remark`,`parent_code`,`system_code`) VALUES ('SM201711091710574389258','订单管理','1','#','3','admin','2017-12-13 12:10:01','','COINSM201708241036442974134','CD-COIN000017');
INSERT INTO `tsys_menu` (`code`,`name`,`type`,`url`,`order_no`,`updater`,`update_datetime`,`remark`,`parent_code`,`system_code`) VALUES ('SM201711091711202133779','活动管理','1','#','5','admin','2017-12-13 12:10:01','','COINSM201708241036442974134','CD-COIN000017');
INSERT INTO `tsys_menu` (`code`,`name`,`type`,`url`,`order_no`,`updater`,`update_datetime`,`remark`,`parent_code`,`system_code`) VALUES ('SM201711091711390371362','行情资讯','1','#','6','admin','2017-12-13 12:10:01','','COINSM201708241036442974134','CD-COIN000017');
INSERT INTO `tsys_menu` (`code`,`name`,`type`,`url`,`order_no`,`updater`,`update_datetime`,`remark`,`parent_code`,`system_code`) VALUES ('SM201711091712271962290','进行中订单','1','/biz/order.htm','1','admin','2017-12-13 12:10:01','','SM201711091710574389258','CD-COIN000017');
INSERT INTO `tsys_menu` (`code`,`name`,`type`,`url`,`order_no`,`updater`,`update_datetime`,`remark`,`parent_code`,`system_code`) VALUES ('SM201711091712492468382','详情','2','/detail','1','admin','2017-12-13 12:10:01','','SM201711091712271962290','CD-COIN000017');
INSERT INTO `tsys_menu` (`code`,`name`,`type`,`url`,`order_no`,`updater`,`update_datetime`,`remark`,`parent_code`,`system_code`) VALUES ('SM201711091719313133524','已完成订单','1','/biz/finishOrder.htm','2','admin','2017-12-13 12:10:01','','SM201711091710574389258','CD-COIN000017');
INSERT INTO `tsys_menu` (`code`,`name`,`type`,`url`,`order_no`,`updater`,`update_datetime`,`remark`,`parent_code`,`system_code`) VALUES ('SM201711091719507483488','详情','2','/detail','1','admin','2017-12-13 12:10:01','','SM201711091719313133524','CD-COIN000017');
INSERT INTO `tsys_menu` (`code`,`name`,`type`,`url`,`order_no`,`updater`,`update_datetime`,`remark`,`parent_code`,`system_code`) VALUES ('SM201711091723009493989','邀请好友','1','/biz/shareFriend.htm','1','admin','2017-12-13 12:10:01','','SM201711091711202133779','CD-COIN000017');
INSERT INTO `tsys_menu` (`code`,`name`,`type`,`url`,`order_no`,`updater`,`update_datetime`,`remark`,`parent_code`,`system_code`) VALUES ('SM201711091724462495772','ETH行情','1','/biz/quotationETH.htm','1','admin','2017-12-13 12:10:01','','SM201711091711390371362','CD-COIN000017');
INSERT INTO `tsys_menu` (`code`,`name`,`type`,`url`,`order_no`,`updater`,`update_datetime`,`remark`,`parent_code`,`system_code`) VALUES ('SM201711091726534627002','法币汇率','1','/biz/fbRate.htm','3','admin','2017-12-13 12:10:01','','SM201711091711390371362','CD-COIN000017');
INSERT INTO `tsys_menu` (`code`,`name`,`type`,`url`,`order_no`,`updater`,`update_datetime`,`remark`,`parent_code`,`system_code`) VALUES ('SM201711091727245016992','修改','2','/edit','1','admin','2017-12-13 12:10:01','','SM201711091726534627002','CD-COIN000017');
INSERT INTO `tsys_menu` (`code`,`name`,`type`,`url`,`order_no`,`updater`,`update_datetime`,`remark`,`parent_code`,`system_code`) VALUES ('SM201711091728365155392','资讯管理','1','/biz/information.htm','4','admin','2017-12-13 12:10:01','','SM201711091711390371362','CD-COIN000017');
INSERT INTO `tsys_menu` (`code`,`name`,`type`,`url`,`order_no`,`updater`,`update_datetime`,`remark`,`parent_code`,`system_code`) VALUES ('SM201711091729039813895','新增','2','/add','1','admin','2017-12-13 12:10:01','','SM201711091728365155392','CD-COIN000017');
INSERT INTO `tsys_menu` (`code`,`name`,`type`,`url`,`order_no`,`updater`,`update_datetime`,`remark`,`parent_code`,`system_code`) VALUES ('SM201711091729369582783','修改','2','/edit','2','admin','2017-12-13 12:10:01','','SM201711091728365155392','CD-COIN000017');
INSERT INTO `tsys_menu` (`code`,`name`,`type`,`url`,`order_no`,`updater`,`update_datetime`,`remark`,`parent_code`,`system_code`) VALUES ('SM201711091730354633453','详情','2','/detail','6','admin','2017-12-13 12:10:01','','SM201711091728365155392','CD-COIN000017');
INSERT INTO `tsys_menu` (`code`,`name`,`type`,`url`,`order_no`,`updater`,`update_datetime`,`remark`,`parent_code`,`system_code`) VALUES ('SM201711151745051751013','仲裁订单','1','/biz/zcOrder.htm','2','admin','2017-12-13 12:10:01','','SM201711181351035579061','CD-COIN000017');
INSERT INTO `tsys_menu` (`code`,`name`,`type`,`url`,`order_no`,`updater`,`update_datetime`,`remark`,`parent_code`,`system_code`) VALUES ('SM201711151745572859074','详情','2','/detail','1','admin','2017-12-13 12:10:01','','SM201711151745051751013','CD-COIN000017');
INSERT INTO `tsys_menu` (`code`,`name`,`type`,`url`,`order_no`,`updater`,`update_datetime`,`remark`,`parent_code`,`system_code`) VALUES ('SM201711151747477561668','处理订单','2','/resolve','2','admin','2017-12-13 12:10:01','','SM201711151745051751013','CD-COIN000017');
INSERT INTO `tsys_menu` (`code`,`name`,`type`,`url`,`order_no`,`updater`,`update_datetime`,`remark`,`parent_code`,`system_code`) VALUES ('SM201711171350455423428','上架','2','/up','3','admin','2017-12-13 12:10:01','','SM201711091728365155392','CD-COIN000017');
INSERT INTO `tsys_menu` (`code`,`name`,`type`,`url`,`order_no`,`updater`,`update_datetime`,`remark`,`parent_code`,`system_code`) VALUES ('SM201711171351069262405','下架','2','/down','4','admin','2017-12-13 12:10:01','','SM201711091728365155392','CD-COIN000017');
INSERT INTO `tsys_menu` (`code`,`name`,`type`,`url`,`order_no`,`updater`,`update_datetime`,`remark`,`parent_code`,`system_code`) VALUES ('SM201711181154357386481','导出','2','/export','2','admin','2017-12-13 12:10:01','','SM201711091712271962290','CD-COIN000017');
INSERT INTO `tsys_menu` (`code`,`name`,`type`,`url`,`order_no`,`updater`,`update_datetime`,`remark`,`parent_code`,`system_code`) VALUES ('SM201711181155140535753','导出','2','/export','2','admin','2017-12-13 12:10:01','','SM201711091719313133524','CD-COIN000017');
INSERT INTO `tsys_menu` (`code`,`name`,`type`,`url`,`order_no`,`updater`,`update_datetime`,`remark`,`parent_code`,`system_code`) VALUES ('SM201711181155445002845','导出','2','/export','2','admin','2017-12-13 12:10:01','','SM201711151745051751013','CD-COIN000017');
INSERT INTO `tsys_menu` (`code`,`name`,`type`,`url`,`order_no`,`updater`,`update_datetime`,`remark`,`parent_code`,`system_code`) VALUES ('SM201711181218447587419','常见问题','1','/public/question_addedit.htm','4','admin','2017-12-13 12:10:01','','COINSM2017121215543215610','CD-COIN000017');
INSERT INTO `tsys_menu` (`code`,`name`,`type`,`url`,`order_no`,`updater`,`update_datetime`,`remark`,`parent_code`,`system_code`) VALUES ('SM201711181220013316605','注册协议','1','/public/register_addedit.htm','5','admin','2017-12-13 12:10:01','','COINSM2017121215543215610','CD-COIN000017');
INSERT INTO `tsys_menu` (`code`,`name`,`type`,`url`,`order_no`,`updater`,`update_datetime`,`remark`,`parent_code`,`system_code`) VALUES ('SM201711181351035579061','仲裁管理','1','#','4','admin','2017-12-13 12:10:01','','COINSM201708241036442974134','CD-COIN000017');
INSERT INTO `tsys_menu` (`code`,`name`,`type`,`url`,`order_no`,`updater`,`update_datetime`,`remark`,`parent_code`,`system_code`) VALUES ('SM201711221916256845816','详情','2','/detail','0','admin','2017-12-13 12:10:01','','COINSM201707251148117352030','CD-COIN000017');
INSERT INTO `tsys_menu` (`code`,`name`,`type`,`url`,`order_no`,`updater`,`update_datetime`,`remark`,`parent_code`,`system_code`) VALUES ('SM201711231353203735078','购买广告说明','1','/public/buyADS.htm','6','admin','2017-12-13 12:10:01','','COINSM2017121215543215610','CD-COIN000017');
INSERT INTO `tsys_menu` (`code`,`name`,`type`,`url`,`order_no`,`updater`,`update_datetime`,`remark`,`parent_code`,`system_code`) VALUES ('SM201711231354531532054','卖币广告说明','1','/public/sellETH.htm','7','admin','2017-12-13 12:10:01','','COINSM2017121215543215610','CD-COIN000017');
INSERT INTO `tsys_menu` (`code`,`name`,`type`,`url`,`order_no`,`updater`,`update_datetime`,`remark`,`parent_code`,`system_code`) VALUES ('SM201711231426170797267','详情','2','/detail','5','admin','2017-12-13 12:10:01','','SM201711081424358887020','CD-COIN000017');
INSERT INTO `tsys_menu` (`code`,`name`,`type`,`url`,`order_no`,`updater`,`update_datetime`,`remark`,`parent_code`,`system_code`) VALUES ('SM201711232222591772487','修改','2','/edit','1','admin','2017-12-13 12:10:01','','SM201711231353203735078','CD-COIN000017');
INSERT INTO `tsys_menu` (`code`,`name`,`type`,`url`,`order_no`,`updater`,`update_datetime`,`remark`,`parent_code`,`system_code`) VALUES ('SM201711232223319261758','修改','2','/edit','1','admin','2017-12-13 12:10:01','','SM201711231354531532054','CD-COIN000017');
INSERT INTO `tsys_menu` (`code`,`name`,`type`,`url`,`order_no`,`updater`,`update_datetime`,`remark`,`parent_code`,`system_code`) VALUES ('SM201711251424527328546','BTC行情','1','/biz/quotationBTC.htm','2','admin','2017-12-13 12:10:01','','SM201711091711390371362','CD-COIN000017');
INSERT INTO `tsys_menu` (`code`,`name`,`type`,`url`,`order_no`,`updater`,`update_datetime`,`remark`,`parent_code`,`system_code`) VALUES ('SM201711251639118496237','交易提醒说明','1','/public/TransactionRemind.htm','75','admin','2017-12-13 12:10:01','','COINSM2017121215543215610','CD-COIN000017');
INSERT INTO `tsys_menu` (`code`,`name`,`type`,`url`,`order_no`,`updater`,`update_datetime`,`remark`,`parent_code`,`system_code`) VALUES ('SM201711251639362545256','修改','2','/edit','1','admin','2017-12-13 12:10:01','','SM201711251639118496237','CD-COIN000017');
INSERT INTO `tsys_menu` (`code`,`name`,`type`,`url`,`order_no`,`updater`,`update_datetime`,`remark`,`parent_code`,`system_code`) VALUES ('SM201711251744181898035','修改','2','/edit','1','admin','2017-12-13 12:10:01','','SM201711091723009493989','CD-COIN000017');
INSERT INTO `tsys_menu` (`code`,`name`,`type`,`url`,`order_no`,`updater`,`update_datetime`,`remark`,`parent_code`,`system_code`) VALUES ('SM201711272034567989636','联系客服','1','/public/service_addedit.htm','16','admin','2017-12-13 12:10:01','','COINSM2017121215543215610','CD-COIN000017');
INSERT INTO `tsys_menu` (`code`,`name`,`type`,`url`,`order_no`,`updater`,`update_datetime`,`remark`,`parent_code`,`system_code`) VALUES ('SM201711281416536405612','邀请好友活动说明','1','/biz/shareFriendDescription.htm','2','admin','2017-12-13 12:10:01','','SM201711091711202133779','CD-COIN000017');
INSERT INTO `tsys_menu` (`code`,`name`,`type`,`url`,`order_no`,`updater`,`update_datetime`,`remark`,`parent_code`,`system_code`) VALUES ('SM201711281418317701012','修改','2','/edit','1','admin','2017-12-13 12:10:01','','SM201711281416536405612','CD-COIN000017');
INSERT INTO `tsys_menu` (`code`,`name`,`type`,`url`,`order_no`,`updater`,`update_datetime`,`remark`,`parent_code`,`system_code`) VALUES ('SM201711281438072475181','版本管理','1','#','22','admin','2017-12-13 12:10:01','','COINSM201700001000000001','CD-COIN000017');
INSERT INTO `tsys_menu` (`code`,`name`,`type`,`url`,`order_no`,`updater`,`update_datetime`,`remark`,`parent_code`,`system_code`) VALUES ('SM201711281440352206679','Android版本管理','1','/edition/versionAc.htm','1','admin','2017-12-13 12:10:01','','SM201711281438072475181','CD-COIN000017');
INSERT INTO `tsys_menu` (`code`,`name`,`type`,`url`,`order_no`,`updater`,`update_datetime`,`remark`,`parent_code`,`system_code`) VALUES ('SM201711281440497751340','修改','2','/edit','1','admin','2017-12-13 12:10:01','','SM201711281440352206679','CD-COIN000017');
INSERT INTO `tsys_menu` (`code`,`name`,`type`,`url`,`order_no`,`updater`,`update_datetime`,`remark`,`parent_code`,`system_code`) VALUES ('SM201711281441276181084','IOS版本管理','1','/edition/versionIc.htm','2','admin','2017-12-13 12:10:01','','SM201711281438072475181','CD-COIN000017');
INSERT INTO `tsys_menu` (`code`,`name`,`type`,`url`,`order_no`,`updater`,`update_datetime`,`remark`,`parent_code`,`system_code`) VALUES ('SM201711281442162104491','修改','2','/edit','1','admin','2017-12-13 12:10:01','','SM201711281441276181084','CD-COIN000017');
INSERT INTO `tsys_menu` (`code`,`name`,`type`,`url`,`order_no`,`updater`,`update_datetime`,`remark`,`parent_code`,`system_code`) VALUES ('SM201712072007566346529','黑名单管理','1','/user/customerBlacklist.htm','3','admin','2017-12-13 12:10:01','','SM201711071719583941706','CD-COIN000017');
INSERT INTO `tsys_menu` (`code`,`name`,`type`,`url`,`order_no`,`updater`,`update_datetime`,`remark`,`parent_code`,`system_code`) VALUES ('SM201712072008133033263','加入黑名单','2','/add','1','admin','2017-12-13 12:10:01','','SM201712072007566346529','CD-COIN000017');
INSERT INTO `tsys_menu` (`code`,`name`,`type`,`url`,`order_no`,`updater`,`update_datetime`,`remark`,`parent_code`,`system_code`) VALUES ('SM201712072008283138630','移出黑名单','2','/delete','2','admin','2017-12-13 12:10:01','','SM201712072007566346529','CD-COIN000017');
INSERT INTO `tsys_menu` (`code`,`name`,`type`,`url`,`order_no`,`updater`,`update_datetime`,`remark`,`parent_code`,`system_code`) VALUES ('SM201712072026400753914','设为代理人','2','/setPartner','6','admin','2017-12-13 12:10:01','','SM201711071721131644746','CD-COIN000017');
INSERT INTO `tsys_menu` (`code`,`name`,`type`,`url`,`order_no`,`updater`,`update_datetime`,`remark`,`parent_code`,`system_code`) VALUES ('SM201712072027384195776','取消代理人','2','/cancelPartner','62','admin','2017-12-13 12:10:01','','SM201711071721131644746','CD-COIN000017');
INSERT INTO `tsys_menu` (`code`,`name`,`type`,`url`,`order_no`,`updater`,`update_datetime`,`remark`,`parent_code`,`system_code`) VALUES ('SM201712121458129277867','行情x值配置','1','/rules/quotationXRule.htm','5','admin','2017-12-13 12:10:01','','SM201711091711390371362','CD-COIN000017');
INSERT INTO `tsys_menu` (`code`,`name`,`type`,`url`,`order_no`,`updater`,`update_datetime`,`remark`,`parent_code`,`system_code`) VALUES ('SM201712121458250729729','修改','2','/edit','1','admin','2017-12-13 12:10:01','','SM201712121458129277867','CD-COIN000017');
INSERT INTO `tsys_menu` (`code`,`name`,`type`,`url`,`order_no`,`updater`,`update_datetime`,`remark`,`parent_code`,`system_code`) VALUES ('SM201712211119209061370','设置分成比例','2','/setDivRate','7','admin','2017-12-21 03:29:25','','SM201711071721131644746','CD-COIN000017');
INSERT INTO `tsys_menu` (`code`,`name`,`type`,`url`,`order_no`,`updater`,`update_datetime`,`remark`,`parent_code`,`system_code`) VALUES ('SM201801020529137343821','隐私政策','1','/public/privacy_addedit.htm','2','admin','2017-12-29 03:30:48','','COINSM2017121215543215610','CD-COIN000017');
INSERT INTO `tsys_menu` (`code`,`name`,`type`,`url`,`order_no`,`updater`,`update_datetime`,`remark`,`parent_code`,`system_code`) VALUES ('SM201801141807484495478','设置广告费率','2','/setTradeRate','72','admin','2017-12-29 03:30:48','','SM201711071721131644746','CD-COIN000017');

/*
-- Query: SELECT `code`,`name`,`level`,'admin' as `updater`,now() as 'update_datetime',`remark`,`system_code` FROM tsys_role where system_code = 'CD-COIN000017'
LIMIT 0, 10000

-- Date: 2017-03-31 10:33
*/
INSERT INTO `tsys_role` (`code`,`name`,`level`,`updater`,`update_datetime`,`remark`,`system_code`) VALUES ('COINSR201700000000000000','超级管理员','1','admin',now(),'','CD-COIN000017');

/*
-- Query: SELECT `role_code`,`menu_code`,`updater`,now() as `update_datetime`,`remark`,`system_code` FROM tsys_menu_role where system_code = 'CD-COIN000017'
-- Date: 2017-12-13 20:11
*/
INSERT INTO `tsys_menu_role` (`role_code`,`menu_code`,`updater`,`update_datetime`,`remark`,`system_code`) VALUES ('COINSR201700000000000000','COINSM201700000000000000','admin','2017-12-13 12:11:07',NULL,'CD-COIN000017');
INSERT INTO `tsys_menu_role` (`role_code`,`menu_code`,`updater`,`update_datetime`,`remark`,`system_code`) VALUES ('COINSR201700000000000000','COINSM201612071021105964','admin','2017-12-13 12:11:07',NULL,'CD-COIN000017');
INSERT INTO `tsys_menu_role` (`role_code`,`menu_code`,`updater`,`update_datetime`,`remark`,`system_code`) VALUES ('COINSR201700000000000000','COINSM201612071022206883','admin','2017-12-13 12:11:07',NULL,'CD-COIN000017');
INSERT INTO `tsys_menu_role` (`role_code`,`menu_code`,`updater`,`update_datetime`,`remark`,`system_code`) VALUES ('COINSR201700000000000000','COINSM2016120710421392861','admin','2017-12-13 12:11:07',NULL,'CD-COIN000017');
INSERT INTO `tsys_menu_role` (`role_code`,`menu_code`,`updater`,`update_datetime`,`remark`,`system_code`) VALUES ('COINSR201700000000000000','COINSM2016120816133940523','admin','2017-12-13 12:11:07',NULL,'CD-COIN000017');
INSERT INTO `tsys_menu_role` (`role_code`,`menu_code`,`updater`,`update_datetime`,`remark`,`system_code`) VALUES ('COINSR201700000000000000','COINSM2017022413024043573','admin','2017-12-13 12:11:07',NULL,'CD-COIN000017');
INSERT INTO `tsys_menu_role` (`role_code`,`menu_code`,`updater`,`update_datetime`,`remark`,`system_code`) VALUES ('COINSR201700000000000000','COINSM2016120710443551388','admin','2017-12-13 12:11:07',NULL,'CD-COIN000017');
INSERT INTO `tsys_menu_role` (`role_code`,`menu_code`,`updater`,`update_datetime`,`remark`,`system_code`) VALUES ('COINSR201700000000000000','COINSM2016120911042060088','admin','2017-12-13 12:11:07',NULL,'CD-COIN000017');
INSERT INTO `tsys_menu_role` (`role_code`,`menu_code`,`updater`,`update_datetime`,`remark`,`system_code`) VALUES ('COINSR201700000000000000','COINSM2017022413014074915','admin','2017-12-13 12:11:07',NULL,'CD-COIN000017');
INSERT INTO `tsys_menu_role` (`role_code`,`menu_code`,`updater`,`update_datetime`,`remark`,`system_code`) VALUES ('COINSR201700000000000000','COINSM2016120710225078473','admin','2017-12-13 12:11:07',NULL,'CD-COIN000017');
INSERT INTO `tsys_menu_role` (`role_code`,`menu_code`,`updater`,`update_datetime`,`remark`,`system_code`) VALUES ('COINSR201700000000000000','COINSM2016120710470696888','admin','2017-12-13 12:11:07',NULL,'CD-COIN000017');
INSERT INTO `tsys_menu_role` (`role_code`,`menu_code`,`updater`,`update_datetime`,`remark`,`system_code`) VALUES ('COINSR201700000000000000','COINSM2016120911160661084','admin','2017-12-13 12:11:07',NULL,'CD-COIN000017');
INSERT INTO `tsys_menu_role` (`role_code`,`menu_code`,`updater`,`update_datetime`,`remark`,`system_code`) VALUES ('COINSR201700000000000000','COINSM2016122219590218515','admin','2017-12-13 12:11:07',NULL,'CD-COIN000017');
INSERT INTO `tsys_menu_role` (`role_code`,`menu_code`,`updater`,`update_datetime`,`remark`,`system_code`) VALUES ('COINSR201700000000000000','COINSM2016120710484209132','admin','2017-12-13 12:11:07',NULL,'CD-COIN000017');
INSERT INTO `tsys_menu_role` (`role_code`,`menu_code`,`updater`,`update_datetime`,`remark`,`system_code`) VALUES ('COINSR201700000000000000','COINSM2016120911301231346','admin','2017-12-13 12:11:07',NULL,'CD-COIN000017');
INSERT INTO `tsys_menu_role` (`role_code`,`menu_code`,`updater`,`update_datetime`,`remark`,`system_code`) VALUES ('COINSR201700000000000000','COINSM2016122220000572417','admin','2017-12-13 12:11:07',NULL,'CD-COIN000017');
INSERT INTO `tsys_menu_role` (`role_code`,`menu_code`,`updater`,`update_datetime`,`remark`,`system_code`) VALUES ('COINSR201700000000000000','COINSM2016120710233232137','admin','2017-12-13 12:11:07',NULL,'CD-COIN000017');
INSERT INTO `tsys_menu_role` (`role_code`,`menu_code`,`updater`,`update_datetime`,`remark`,`system_code`) VALUES ('COINSR201700000000000000','COINSM2016120710583381112','admin','2017-12-13 12:11:07',NULL,'CD-COIN000017');
INSERT INTO `tsys_menu_role` (`role_code`,`menu_code`,`updater`,`update_datetime`,`remark`,`system_code`) VALUES ('COINSR201700000000000000','COINSM2016122317590316953','admin','2017-12-13 12:11:07',NULL,'CD-COIN000017');
INSERT INTO `tsys_menu_role` (`role_code`,`menu_code`,`updater`,`update_datetime`,`remark`,`system_code`) VALUES ('COINSR201700000000000000','COINSM2016122412144574736','admin','2017-12-13 12:11:07',NULL,'CD-COIN000017');
INSERT INTO `tsys_menu_role` (`role_code`,`menu_code`,`updater`,`update_datetime`,`remark`,`system_code`) VALUES ('COINSR201700000000000000','COINSM2017022412460281492','admin','2017-12-13 12:11:07',NULL,'CD-COIN000017');
INSERT INTO `tsys_menu_role` (`role_code`,`menu_code`,`updater`,`update_datetime`,`remark`,`system_code`) VALUES ('COINSR201700000000000000','COINSM2017022412472301488','admin','2017-12-13 12:11:07',NULL,'CD-COIN000017');
INSERT INTO `tsys_menu_role` (`role_code`,`menu_code`,`updater`,`update_datetime`,`remark`,`system_code`) VALUES ('COINSR201700000000000000','COINSM2017022412482059354','admin','2017-12-13 12:11:07',NULL,'CD-COIN000017');
INSERT INTO `tsys_menu_role` (`role_code`,`menu_code`,`updater`,`update_datetime`,`remark`,`system_code`) VALUES ('COINSR201700000000000000','SM201711081111547852084','admin','2017-12-13 12:11:07',NULL,'CD-COIN000017');
INSERT INTO `tsys_menu_role` (`role_code`,`menu_code`,`updater`,`update_datetime`,`remark`,`system_code`) VALUES ('COINSR201700000000000000','SM201711081400404895487','admin','2017-12-13 12:11:07',NULL,'CD-COIN000017');
INSERT INTO `tsys_menu_role` (`role_code`,`menu_code`,`updater`,`update_datetime`,`remark`,`system_code`) VALUES ('COINSR201700000000000000','COINSM201707251143314118180','admin','2017-12-13 12:11:07',NULL,'CD-COIN000017');
INSERT INTO `tsys_menu_role` (`role_code`,`menu_code`,`updater`,`update_datetime`,`remark`,`system_code`) VALUES ('COINSR201700000000000000','COINSM201707251148117352030','admin','2017-12-13 12:11:07',NULL,'CD-COIN000017');
INSERT INTO `tsys_menu_role` (`role_code`,`menu_code`,`updater`,`update_datetime`,`remark`,`system_code`) VALUES ('COINSR201700000000000000','COINSM201707251331497821971','admin','2017-12-13 12:11:07',NULL,'CD-COIN000017');
INSERT INTO `tsys_menu_role` (`role_code`,`menu_code`,`updater`,`update_datetime`,`remark`,`system_code`) VALUES ('COINSR201700000000000000','SM201711221916256845816','admin','2017-12-13 12:11:07',NULL,'CD-COIN000017');
INSERT INTO `tsys_menu_role` (`role_code`,`menu_code`,`updater`,`update_datetime`,`remark`,`system_code`) VALUES ('COINSR201700000000000000','SM201711081404308124201','admin','2017-12-13 12:11:07',NULL,'CD-COIN000017');
INSERT INTO `tsys_menu_role` (`role_code`,`menu_code`,`updater`,`update_datetime`,`remark`,`system_code`) VALUES ('COINSR201700000000000000','SM201711081409307984995','admin','2017-12-13 12:11:07',NULL,'CD-COIN000017');
INSERT INTO `tsys_menu_role` (`role_code`,`menu_code`,`updater`,`update_datetime`,`remark`,`system_code`) VALUES ('COINSR201700000000000000','SM201711081410356859335','admin','2017-12-13 12:11:07',NULL,'CD-COIN000017');
INSERT INTO `tsys_menu_role` (`role_code`,`menu_code`,`updater`,`update_datetime`,`remark`,`system_code`) VALUES ('COINSR201700000000000000','SM201711081416278853402','admin','2017-12-13 12:11:07',NULL,'CD-COIN000017');
INSERT INTO `tsys_menu_role` (`role_code`,`menu_code`,`updater`,`update_datetime`,`remark`,`system_code`) VALUES ('COINSR201700000000000000','SM201711081417503013352','admin','2017-12-13 12:11:07',NULL,'CD-COIN000017');
INSERT INTO `tsys_menu_role` (`role_code`,`menu_code`,`updater`,`update_datetime`,`remark`,`system_code`) VALUES ('COINSR201700000000000000','SM201711081418173353867','admin','2017-12-13 12:11:07',NULL,'CD-COIN000017');
INSERT INTO `tsys_menu_role` (`role_code`,`menu_code`,`updater`,`update_datetime`,`remark`,`system_code`) VALUES ('COINSR201700000000000000','SM201711081421358326980','admin','2017-12-13 12:11:07',NULL,'CD-COIN000017');
INSERT INTO `tsys_menu_role` (`role_code`,`menu_code`,`updater`,`update_datetime`,`remark`,`system_code`) VALUES ('COINSR201700000000000000','SM201711081423308601904','admin','2017-12-13 12:11:07',NULL,'CD-COIN000017');
INSERT INTO `tsys_menu_role` (`role_code`,`menu_code`,`updater`,`update_datetime`,`remark`,`system_code`) VALUES ('COINSR201700000000000000','SM201711081424358887020','admin','2017-12-13 12:11:07',NULL,'CD-COIN000017');
INSERT INTO `tsys_menu_role` (`role_code`,`menu_code`,`updater`,`update_datetime`,`remark`,`system_code`) VALUES ('COINSR201700000000000000','SM201711081425019933095','admin','2017-12-13 12:11:07',NULL,'CD-COIN000017');
INSERT INTO `tsys_menu_role` (`role_code`,`menu_code`,`updater`,`update_datetime`,`remark`,`system_code`) VALUES ('COINSR201700000000000000','SM201711081426026276170','admin','2017-12-13 12:11:07',NULL,'CD-COIN000017');
INSERT INTO `tsys_menu_role` (`role_code`,`menu_code`,`updater`,`update_datetime`,`remark`,`system_code`) VALUES ('COINSR201700000000000000','SM201711081426421228978','admin','2017-12-13 12:11:07',NULL,'CD-COIN000017');
INSERT INTO `tsys_menu_role` (`role_code`,`menu_code`,`updater`,`update_datetime`,`remark`,`system_code`) VALUES ('COINSR201700000000000000','SM201711231426170797267','admin','2017-12-13 12:11:07',NULL,'CD-COIN000017');
INSERT INTO `tsys_menu_role` (`role_code`,`menu_code`,`updater`,`update_datetime`,`remark`,`system_code`) VALUES ('COINSR201700000000000000','SM201711081431005882968','admin','2017-12-13 12:11:07',NULL,'CD-COIN000017');
INSERT INTO `tsys_menu_role` (`role_code`,`menu_code`,`updater`,`update_datetime`,`remark`,`system_code`) VALUES ('COINSR201700000000000000','SM201711081431436371130','admin','2017-12-13 12:11:07',NULL,'CD-COIN000017');
INSERT INTO `tsys_menu_role` (`role_code`,`menu_code`,`updater`,`update_datetime`,`remark`,`system_code`) VALUES ('COINSR201700000000000000','SM201711081435280411458','admin','2017-12-13 12:11:07',NULL,'CD-COIN000017');
INSERT INTO `tsys_menu_role` (`role_code`,`menu_code`,`updater`,`update_datetime`,`remark`,`system_code`) VALUES ('COINSR201700000000000000','SM201711081436354534709','admin','2017-12-13 12:11:07',NULL,'CD-COIN000017');
INSERT INTO `tsys_menu_role` (`role_code`,`menu_code`,`updater`,`update_datetime`,`remark`,`system_code`) VALUES ('COINSR201700000000000000','SM201711081437069726688','admin','2017-12-13 12:11:07',NULL,'CD-COIN000017');
INSERT INTO `tsys_menu_role` (`role_code`,`menu_code`,`updater`,`update_datetime`,`remark`,`system_code`) VALUES ('COINSR201700000000000000','SM201711081437452861020','admin','2017-12-13 12:11:07',NULL,'CD-COIN000017');
INSERT INTO `tsys_menu_role` (`role_code`,`menu_code`,`updater`,`update_datetime`,`remark`,`system_code`) VALUES ('COINSR201700000000000000','SM201711081442278817722','admin','2017-12-13 12:11:07',NULL,'CD-COIN000017');
INSERT INTO `tsys_menu_role` (`role_code`,`menu_code`,`updater`,`update_datetime`,`remark`,`system_code`) VALUES ('COINSR201700000000000000','SM201711081444203473881','admin','2017-12-13 12:11:07',NULL,'CD-COIN000017');
INSERT INTO `tsys_menu_role` (`role_code`,`menu_code`,`updater`,`update_datetime`,`remark`,`system_code`) VALUES ('COINSR201700000000000000','SM201711091113070529521','admin','2017-12-13 12:11:07',NULL,'CD-COIN000017');
INSERT INTO `tsys_menu_role` (`role_code`,`menu_code`,`updater`,`update_datetime`,`remark`,`system_code`) VALUES ('COINSR201700000000000000','SM201711091346241039616','admin','2017-12-13 12:11:07',NULL,'CD-COIN000017');
INSERT INTO `tsys_menu_role` (`role_code`,`menu_code`,`updater`,`update_datetime`,`remark`,`system_code`) VALUES ('COINSR201700000000000000','SM201711091347287638130','admin','2017-12-13 12:11:07',NULL,'CD-COIN000017');
INSERT INTO `tsys_menu_role` (`role_code`,`menu_code`,`updater`,`update_datetime`,`remark`,`system_code`) VALUES ('COINSR201700000000000000','SM201711091347562977987','admin','2017-12-13 12:11:07',NULL,'CD-COIN000017');
INSERT INTO `tsys_menu_role` (`role_code`,`menu_code`,`updater`,`update_datetime`,`remark`,`system_code`) VALUES ('COINSR201700000000000000','SM201711091348223364368','admin','2017-12-13 12:11:07',NULL,'CD-COIN000017');
INSERT INTO `tsys_menu_role` (`role_code`,`menu_code`,`updater`,`update_datetime`,`remark`,`system_code`) VALUES ('COINSR201700000000000000','COINSM201700001000000001','admin','2017-12-13 12:11:07',NULL,'CD-COIN000017');
INSERT INTO `tsys_menu_role` (`role_code`,`menu_code`,`updater`,`update_datetime`,`remark`,`system_code`) VALUES ('COINSR201700000000000000','COINSM201700001000000002','admin','2017-12-13 12:11:07',NULL,'CD-COIN000017');
INSERT INTO `tsys_menu_role` (`role_code`,`menu_code`,`updater`,`update_datetime`,`remark`,`system_code`) VALUES ('COINSR201700000000000000','COINSM201700001000000003','admin','2017-12-13 12:11:07',NULL,'CD-COIN000017');
INSERT INTO `tsys_menu_role` (`role_code`,`menu_code`,`updater`,`update_datetime`,`remark`,`system_code`) VALUES ('COINSR201700000000000000','COINSM201700001000000004','admin','2017-12-13 12:11:07',NULL,'CD-COIN000017');
INSERT INTO `tsys_menu_role` (`role_code`,`menu_code`,`updater`,`update_datetime`,`remark`,`system_code`) VALUES ('COINSR201700000000000000','COINSM2017032911200961325','admin','2017-12-13 12:11:07',NULL,'CD-COIN000017');
INSERT INTO `tsys_menu_role` (`role_code`,`menu_code`,`updater`,`update_datetime`,`remark`,`system_code`) VALUES ('COINSR201700000000000000','COINSM201708241024194086655','admin','2017-12-13 12:11:07',NULL,'CD-COIN000017');
INSERT INTO `tsys_menu_role` (`role_code`,`menu_code`,`updater`,`update_datetime`,`remark`,`system_code`) VALUES ('COINSR201700000000000000','COINSM201707251006045006005','admin','2017-12-13 12:11:07',NULL,'CD-COIN000017');
INSERT INTO `tsys_menu_role` (`role_code`,`menu_code`,`updater`,`update_datetime`,`remark`,`system_code`) VALUES ('COINSR201700000000000000','COINSM2017033020005366333','admin','2017-12-13 12:11:07',NULL,'CD-COIN000017');
INSERT INTO `tsys_menu_role` (`role_code`,`menu_code`,`updater`,`update_datetime`,`remark`,`system_code`) VALUES ('COINSR201700000000000000','COINSM2017033020015631166','admin','2017-12-13 12:11:07',NULL,'CD-COIN000017');
INSERT INTO `tsys_menu_role` (`role_code`,`menu_code`,`updater`,`update_datetime`,`remark`,`system_code`) VALUES ('COINSR201700000000000000','COINSM2017033020021094115','admin','2017-12-13 12:11:07',NULL,'CD-COIN000017');
INSERT INTO `tsys_menu_role` (`role_code`,`menu_code`,`updater`,`update_datetime`,`remark`,`system_code`) VALUES ('COINSR201700000000000000','COINSM2017033020022649991','admin','2017-12-13 12:11:07',NULL,'CD-COIN000017');
INSERT INTO `tsys_menu_role` (`role_code`,`menu_code`,`updater`,`update_datetime`,`remark`,`system_code`) VALUES ('COINSR201700000000000000','COINSM2017033020024827112','admin','2017-12-13 12:11:07',NULL,'CD-COIN000017');
INSERT INTO `tsys_menu_role` (`role_code`,`menu_code`,`updater`,`update_datetime`,`remark`,`system_code`) VALUES ('COINSR201700000000000000','COINSM2017101716241339082','admin','2017-12-13 12:11:07',NULL,'CD-COIN000017');
INSERT INTO `tsys_menu_role` (`role_code`,`menu_code`,`updater`,`update_datetime`,`remark`,`system_code`) VALUES ('COINSR201700000000000000','COINSM2017101716253866426','admin','2017-12-13 12:11:07',NULL,'CD-COIN000017');
INSERT INTO `tsys_menu_role` (`role_code`,`menu_code`,`updater`,`update_datetime`,`remark`,`system_code`) VALUES ('COINSR201700000000000000','COINSM2017101716450533995','admin','2017-12-13 12:11:07',NULL,'CD-COIN000017');
INSERT INTO `tsys_menu_role` (`role_code`,`menu_code`,`updater`,`update_datetime`,`remark`,`system_code`) VALUES ('COINSR201700000000000000','COINSM2017101717551955993','admin','2017-12-13 12:11:07',NULL,'CD-COIN000017');
INSERT INTO `tsys_menu_role` (`role_code`,`menu_code`,`updater`,`update_datetime`,`remark`,`system_code`) VALUES ('COINSR201700000000000000','COINSM2017101717560118734','admin','2017-12-13 12:11:07',NULL,'CD-COIN000017');
INSERT INTO `tsys_menu_role` (`role_code`,`menu_code`,`updater`,`update_datetime`,`remark`,`system_code`) VALUES ('COINSR201700000000000000','COINSM2017101717563661357','admin','2017-12-13 12:11:07',NULL,'CD-COIN000017');
INSERT INTO `tsys_menu_role` (`role_code`,`menu_code`,`updater`,`update_datetime`,`remark`,`system_code`) VALUES ('COINSR201700000000000000','COINSM2017101716261754674','admin','2017-12-13 12:11:07',NULL,'CD-COIN000017');
INSERT INTO `tsys_menu_role` (`role_code`,`menu_code`,`updater`,`update_datetime`,`remark`,`system_code`) VALUES ('COINSR201700000000000000','COINSM2017101719082391126','admin','2017-12-13 12:11:07',NULL,'CD-COIN000017');
INSERT INTO `tsys_menu_role` (`role_code`,`menu_code`,`updater`,`update_datetime`,`remark`,`system_code`) VALUES ('COINSR201700000000000000','COINSM2017101719094151894','admin','2017-12-13 12:11:07',NULL,'CD-COIN000017');
INSERT INTO `tsys_menu_role` (`role_code`,`menu_code`,`updater`,`update_datetime`,`remark`,`system_code`) VALUES ('COINSR201700000000000000','COINSM2017101719100760088','admin','2017-12-13 12:11:07',NULL,'CD-COIN000017');
INSERT INTO `tsys_menu_role` (`role_code`,`menu_code`,`updater`,`update_datetime`,`remark`,`system_code`) VALUES ('COINSR201700000000000000','COINSM2017101719110981215','admin','2017-12-13 12:11:07',NULL,'CD-COIN000017');
INSERT INTO `tsys_menu_role` (`role_code`,`menu_code`,`updater`,`update_datetime`,`remark`,`system_code`) VALUES ('COINSR201700000000000000','COINSM2017120610552303416','admin','2017-12-13 12:11:07',NULL,'CD-COIN000017');
INSERT INTO `tsys_menu_role` (`role_code`,`menu_code`,`updater`,`update_datetime`,`remark`,`system_code`) VALUES ('COINSR201700000000000000','COINSM2017112911152991684','admin','2017-12-13 12:11:07',NULL,'CD-COIN000017');
INSERT INTO `tsys_menu_role` (`role_code`,`menu_code`,`updater`,`update_datetime`,`remark`,`system_code`) VALUES ('COINSR201700000000000000','COINSM2017112911280249973','admin','2017-12-13 12:11:07',NULL,'CD-COIN000017');
INSERT INTO `tsys_menu_role` (`role_code`,`menu_code`,`updater`,`update_datetime`,`remark`,`system_code`) VALUES ('COINSR201700000000000000','COINSM2017112914292031228','admin','2017-12-13 12:11:07',NULL,'CD-COIN000017');
INSERT INTO `tsys_menu_role` (`role_code`,`menu_code`,`updater`,`update_datetime`,`remark`,`system_code`) VALUES ('COINSR201700000000000000','COINSM2017112914295002950','admin','2017-12-13 12:11:07',NULL,'CD-COIN000017');
INSERT INTO `tsys_menu_role` (`role_code`,`menu_code`,`updater`,`update_datetime`,`remark`,`system_code`) VALUES ('COINSR201700000000000000','COINSM2017112914322481897','admin','2017-12-13 12:11:07',NULL,'CD-COIN000017');
INSERT INTO `tsys_menu_role` (`role_code`,`menu_code`,`updater`,`update_datetime`,`remark`,`system_code`) VALUES ('COINSR201700000000000000','COINSM2017112914325471772','admin','2017-12-13 12:11:07',NULL,'CD-COIN000017');
INSERT INTO `tsys_menu_role` (`role_code`,`menu_code`,`updater`,`update_datetime`,`remark`,`system_code`) VALUES ('COINSR201700000000000000','COINSM2017121215543215610','admin','2017-12-13 12:11:07',NULL,'CD-COIN000017');
INSERT INTO `tsys_menu_role` (`role_code`,`menu_code`,`updater`,`update_datetime`,`remark`,`system_code`) VALUES ('COINSR201700000000000000','COINSM2017121216045274832','admin','2017-12-13 12:11:07',NULL,'CD-COIN000017');
INSERT INTO `tsys_menu_role` (`role_code`,`menu_code`,`updater`,`update_datetime`,`remark`,`system_code`) VALUES ('COINSR201700000000000000','SM201711181218447587419','admin','2017-12-13 12:11:07',NULL,'CD-COIN000017');
INSERT INTO `tsys_menu_role` (`role_code`,`menu_code`,`updater`,`update_datetime`,`remark`,`system_code`) VALUES ('COINSR201700000000000000','SM201711181220013316605','admin','2017-12-13 12:11:07',NULL,'CD-COIN000017');
INSERT INTO `tsys_menu_role` (`role_code`,`menu_code`,`updater`,`update_datetime`,`remark`,`system_code`) VALUES ('COINSR201700000000000000','SM201711231353203735078','admin','2017-12-13 12:11:07',NULL,'CD-COIN000017');
INSERT INTO `tsys_menu_role` (`role_code`,`menu_code`,`updater`,`update_datetime`,`remark`,`system_code`) VALUES ('COINSR201700000000000000','SM201711232222591772487','admin','2017-12-13 12:11:07',NULL,'CD-COIN000017');
INSERT INTO `tsys_menu_role` (`role_code`,`menu_code`,`updater`,`update_datetime`,`remark`,`system_code`) VALUES ('COINSR201700000000000000','SM201711231354531532054','admin','2017-12-13 12:11:07',NULL,'CD-COIN000017');
INSERT INTO `tsys_menu_role` (`role_code`,`menu_code`,`updater`,`update_datetime`,`remark`,`system_code`) VALUES ('COINSR201700000000000000','SM201711232223319261758','admin','2017-12-13 12:11:07',NULL,'CD-COIN000017');
INSERT INTO `tsys_menu_role` (`role_code`,`menu_code`,`updater`,`update_datetime`,`remark`,`system_code`) VALUES ('COINSR201700000000000000','SM201711251639118496237','admin','2017-12-13 12:11:07',NULL,'CD-COIN000017');
INSERT INTO `tsys_menu_role` (`role_code`,`menu_code`,`updater`,`update_datetime`,`remark`,`system_code`) VALUES ('COINSR201700000000000000','SM201711251639362545256','admin','2017-12-13 12:11:07',NULL,'CD-COIN000017');
INSERT INTO `tsys_menu_role` (`role_code`,`menu_code`,`updater`,`update_datetime`,`remark`,`system_code`) VALUES ('COINSR201700000000000000','SM201711272034567989636','admin','2017-12-13 12:11:07',NULL,'CD-COIN000017');
INSERT INTO `tsys_menu_role` (`role_code`,`menu_code`,`updater`,`update_datetime`,`remark`,`system_code`) VALUES ('COINSR201700000000000000','SM201711281438072475181','admin','2017-12-13 12:11:07',NULL,'CD-COIN000017');
INSERT INTO `tsys_menu_role` (`role_code`,`menu_code`,`updater`,`update_datetime`,`remark`,`system_code`) VALUES ('COINSR201700000000000000','SM201711281440352206679','admin','2017-12-13 12:11:07',NULL,'CD-COIN000017');
INSERT INTO `tsys_menu_role` (`role_code`,`menu_code`,`updater`,`update_datetime`,`remark`,`system_code`) VALUES ('COINSR201700000000000000','SM201711281440497751340','admin','2017-12-13 12:11:07',NULL,'CD-COIN000017');
INSERT INTO `tsys_menu_role` (`role_code`,`menu_code`,`updater`,`update_datetime`,`remark`,`system_code`) VALUES ('COINSR201700000000000000','SM201711281441276181084','admin','2017-12-13 12:11:07',NULL,'CD-COIN000017');
INSERT INTO `tsys_menu_role` (`role_code`,`menu_code`,`updater`,`update_datetime`,`remark`,`system_code`) VALUES ('COINSR201700000000000000','SM201711281442162104491','admin','2017-12-13 12:11:07',NULL,'CD-COIN000017');
INSERT INTO `tsys_menu_role` (`role_code`,`menu_code`,`updater`,`update_datetime`,`remark`,`system_code`) VALUES ('COINSR201700000000000000','COINSM201708241036442974134','admin','2017-12-13 12:11:07',NULL,'CD-COIN000017');
INSERT INTO `tsys_menu_role` (`role_code`,`menu_code`,`updater`,`update_datetime`,`remark`,`system_code`) VALUES ('COINSR201700000000000000','SM201711071719583941706','admin','2017-12-13 12:11:07',NULL,'CD-COIN000017');
INSERT INTO `tsys_menu_role` (`role_code`,`menu_code`,`updater`,`update_datetime`,`remark`,`system_code`) VALUES ('COINSR201700000000000000','SM201711071721131644746','admin','2017-12-13 12:11:07',NULL,'CD-COIN000017');
INSERT INTO `tsys_menu_role` (`role_code`,`menu_code`,`updater`,`update_datetime`,`remark`,`system_code`) VALUES ('COINSR201700000000000000','SM201711071732196251623','admin','2017-12-13 12:11:07',NULL,'CD-COIN000017');
INSERT INTO `tsys_menu_role` (`role_code`,`menu_code`,`updater`,`update_datetime`,`remark`,`system_code`) VALUES ('COINSR201700000000000000','SM201711071741562566376','admin','2017-12-13 12:11:07',NULL,'CD-COIN000017');
INSERT INTO `tsys_menu_role` (`role_code`,`menu_code`,`updater`,`update_datetime`,`remark`,`system_code`) VALUES ('COINSR201700000000000000','SM201711071742227377285','admin','2017-12-13 12:11:07',NULL,'CD-COIN000017');
INSERT INTO `tsys_menu_role` (`role_code`,`menu_code`,`updater`,`update_datetime`,`remark`,`system_code`) VALUES ('COINSR201700000000000000','SM201711071742467608972','admin','2017-12-13 12:11:07',NULL,'CD-COIN000017');
INSERT INTO `tsys_menu_role` (`role_code`,`menu_code`,`updater`,`update_datetime`,`remark`,`system_code`) VALUES ('COINSR201700000000000000','SM201711071743219033850','admin','2017-12-13 12:11:07',NULL,'CD-COIN000017');
INSERT INTO `tsys_menu_role` (`role_code`,`menu_code`,`updater`,`update_datetime`,`remark`,`system_code`) VALUES ('COINSR201700000000000000','SM201712072026400753914','admin','2017-12-13 12:11:07',NULL,'CD-COIN000017');
INSERT INTO `tsys_menu_role` (`role_code`,`menu_code`,`updater`,`update_datetime`,`remark`,`system_code`) VALUES ('COINSR201700000000000000','SM201712072027384195776','admin','2017-12-13 12:11:07',NULL,'CD-COIN000017');
INSERT INTO `tsys_menu_role` (`role_code`,`menu_code`,`updater`,`update_datetime`,`remark`,`system_code`) VALUES ('COINSR201700000000000000','SM201711091636299534636','admin','2017-12-13 12:11:07',NULL,'CD-COIN000017');
INSERT INTO `tsys_menu_role` (`role_code`,`menu_code`,`updater`,`update_datetime`,`remark`,`system_code`) VALUES ('COINSR201700000000000000','SM201711091636598886982','admin','2017-12-13 12:11:07',NULL,'CD-COIN000017');
INSERT INTO `tsys_menu_role` (`role_code`,`menu_code`,`updater`,`update_datetime`,`remark`,`system_code`) VALUES ('COINSR201700000000000000','SM201712072007566346529','admin','2017-12-13 12:11:07',NULL,'CD-COIN000017');
INSERT INTO `tsys_menu_role` (`role_code`,`menu_code`,`updater`,`update_datetime`,`remark`,`system_code`) VALUES ('COINSR201700000000000000','SM201712072008133033263','admin','2017-12-13 12:11:07',NULL,'CD-COIN000017');
INSERT INTO `tsys_menu_role` (`role_code`,`menu_code`,`updater`,`update_datetime`,`remark`,`system_code`) VALUES ('COINSR201700000000000000','SM201712072008283138630','admin','2017-12-13 12:11:07',NULL,'CD-COIN000017');
INSERT INTO `tsys_menu_role` (`role_code`,`menu_code`,`updater`,`update_datetime`,`remark`,`system_code`) VALUES ('COINSR201700000000000000','SM201711091638097956060','admin','2017-12-13 12:11:07',NULL,'CD-COIN000017');
INSERT INTO `tsys_menu_role` (`role_code`,`menu_code`,`updater`,`update_datetime`,`remark`,`system_code`) VALUES ('COINSR201700000000000000','SM201711091639383748993','admin','2017-12-13 12:11:07',NULL,'CD-COIN000017');
INSERT INTO `tsys_menu_role` (`role_code`,`menu_code`,`updater`,`update_datetime`,`remark`,`system_code`) VALUES ('COINSR201700000000000000','SM201711091640072325860','admin','2017-12-13 12:11:07',NULL,'CD-COIN000017');
INSERT INTO `tsys_menu_role` (`role_code`,`menu_code`,`updater`,`update_datetime`,`remark`,`system_code`) VALUES ('COINSR201700000000000000','SM201711091641382614985','admin','2017-12-13 12:11:07',NULL,'CD-COIN000017');
INSERT INTO `tsys_menu_role` (`role_code`,`menu_code`,`updater`,`update_datetime`,`remark`,`system_code`) VALUES ('COINSR201700000000000000','SM201711091642028999956','admin','2017-12-13 12:11:07',NULL,'CD-COIN000017');
INSERT INTO `tsys_menu_role` (`role_code`,`menu_code`,`updater`,`update_datetime`,`remark`,`system_code`) VALUES ('COINSR201700000000000000','SM201711091710574389258','admin','2017-12-13 12:11:07',NULL,'CD-COIN000017');
INSERT INTO `tsys_menu_role` (`role_code`,`menu_code`,`updater`,`update_datetime`,`remark`,`system_code`) VALUES ('COINSR201700000000000000','SM201711091712271962290','admin','2017-12-13 12:11:07',NULL,'CD-COIN000017');
INSERT INTO `tsys_menu_role` (`role_code`,`menu_code`,`updater`,`update_datetime`,`remark`,`system_code`) VALUES ('COINSR201700000000000000','SM201711091712492468382','admin','2017-12-13 12:11:07',NULL,'CD-COIN000017');
INSERT INTO `tsys_menu_role` (`role_code`,`menu_code`,`updater`,`update_datetime`,`remark`,`system_code`) VALUES ('COINSR201700000000000000','SM201711181154357386481','admin','2017-12-13 12:11:07',NULL,'CD-COIN000017');
INSERT INTO `tsys_menu_role` (`role_code`,`menu_code`,`updater`,`update_datetime`,`remark`,`system_code`) VALUES ('COINSR201700000000000000','SM201711091719313133524','admin','2017-12-13 12:11:07',NULL,'CD-COIN000017');
INSERT INTO `tsys_menu_role` (`role_code`,`menu_code`,`updater`,`update_datetime`,`remark`,`system_code`) VALUES ('COINSR201700000000000000','SM201711091719507483488','admin','2017-12-13 12:11:07',NULL,'CD-COIN000017');
INSERT INTO `tsys_menu_role` (`role_code`,`menu_code`,`updater`,`update_datetime`,`remark`,`system_code`) VALUES ('COINSR201700000000000000','SM201711181155140535753','admin','2017-12-13 12:11:07',NULL,'CD-COIN000017');
INSERT INTO `tsys_menu_role` (`role_code`,`menu_code`,`updater`,`update_datetime`,`remark`,`system_code`) VALUES ('COINSR201700000000000000','SM201711091711202133779','admin','2017-12-13 12:11:07',NULL,'CD-COIN000017');
INSERT INTO `tsys_menu_role` (`role_code`,`menu_code`,`updater`,`update_datetime`,`remark`,`system_code`) VALUES ('COINSR201700000000000000','SM201711091723009493989','admin','2017-12-13 12:11:07',NULL,'CD-COIN000017');
INSERT INTO `tsys_menu_role` (`role_code`,`menu_code`,`updater`,`update_datetime`,`remark`,`system_code`) VALUES ('COINSR201700000000000000','SM201711251744181898035','admin','2017-12-13 12:11:07',NULL,'CD-COIN000017');
INSERT INTO `tsys_menu_role` (`role_code`,`menu_code`,`updater`,`update_datetime`,`remark`,`system_code`) VALUES ('COINSR201700000000000000','SM201711281416536405612','admin','2017-12-13 12:11:07',NULL,'CD-COIN000017');
INSERT INTO `tsys_menu_role` (`role_code`,`menu_code`,`updater`,`update_datetime`,`remark`,`system_code`) VALUES ('COINSR201700000000000000','SM201711281418317701012','admin','2017-12-13 12:11:07',NULL,'CD-COIN000017');
INSERT INTO `tsys_menu_role` (`role_code`,`menu_code`,`updater`,`update_datetime`,`remark`,`system_code`) VALUES ('COINSR201700000000000000','SM201711091711390371362','admin','2017-12-13 12:11:07',NULL,'CD-COIN000017');
INSERT INTO `tsys_menu_role` (`role_code`,`menu_code`,`updater`,`update_datetime`,`remark`,`system_code`) VALUES ('COINSR201700000000000000','SM201711091724462495772','admin','2017-12-13 12:11:07',NULL,'CD-COIN000017');
INSERT INTO `tsys_menu_role` (`role_code`,`menu_code`,`updater`,`update_datetime`,`remark`,`system_code`) VALUES ('COINSR201700000000000000','SM201711091726534627002','admin','2017-12-13 12:11:07',NULL,'CD-COIN000017');
INSERT INTO `tsys_menu_role` (`role_code`,`menu_code`,`updater`,`update_datetime`,`remark`,`system_code`) VALUES ('COINSR201700000000000000','SM201711251424527328546','admin','2017-12-13 12:11:07',NULL,'CD-COIN000017');
INSERT INTO `tsys_menu_role` (`role_code`,`menu_code`,`updater`,`update_datetime`,`remark`,`system_code`) VALUES ('COINSR201700000000000000','SM201712121458129277867','admin','2017-12-13 12:11:07',NULL,'CD-COIN000017');
INSERT INTO `tsys_menu_role` (`role_code`,`menu_code`,`updater`,`update_datetime`,`remark`,`system_code`) VALUES ('COINSR201700000000000000','SM201712121458250729729','admin','2017-12-13 12:11:07',NULL,'CD-COIN000017');
INSERT INTO `tsys_menu_role` (`role_code`,`menu_code`,`updater`,`update_datetime`,`remark`,`system_code`) VALUES ('COINSR201700000000000000','SM201711181351035579061','admin','2017-12-13 12:11:07',NULL,'CD-COIN000017');
INSERT INTO `tsys_menu_role` (`role_code`,`menu_code`,`updater`,`update_datetime`,`remark`,`system_code`) VALUES ('COINSR201700000000000000','SM201711151745051751013','admin','2017-12-13 12:11:07',NULL,'CD-COIN000017');
INSERT INTO `tsys_menu_role` (`role_code`,`menu_code`,`updater`,`update_datetime`,`remark`,`system_code`) VALUES ('COINSR201700000000000000','SM201711151745572859074','admin','2017-12-13 12:11:07',NULL,'CD-COIN000017');
INSERT INTO `tsys_menu_role` (`role_code`,`menu_code`,`updater`,`update_datetime`,`remark`,`system_code`) VALUES ('COINSR201700000000000000','SM201711151747477561668','admin','2017-12-13 12:11:07',NULL,'CD-COIN000017');
INSERT INTO `tsys_menu_role` (`role_code`,`menu_code`,`updater`,`update_datetime`,`remark`,`system_code`) VALUES ('COINSR201700000000000000','SM201711181155445002845','admin','2017-12-13 12:11:07',NULL,'CD-COIN000017');
INSERT INTO `tsys_menu_role` (`role_code`,`menu_code`,`updater`,`update_datetime`,`remark`,`system_code`) VALUES ('COINSR201700000000000000','SM201712211119209061370','admin','2017-12-21 03:33:59',NULL,'CD-COIN000017');
INSERT INTO `tsys_menu_role` (`role_code`,`menu_code`,`updater`,`update_datetime`,`remark`,`system_code`) VALUES ('COINSR201700000000000000','SM201801020529137343821','admin','2017-12-29 03:31:57',NULL,'CD-COIN000017');
INSERT INTO `tsys_menu_role` (`role_code`,`menu_code`,`updater`,`update_datetime`,`remark`,`system_code`) VALUES ('COINSR201700000000000000','SM201801141807484495478','admin','2017-12-29 03:31:57',NULL,'CD-COIN000017');
INSERT INTO `tsys_menu_role` (`role_code`,`menu_code`,`updater`,`update_datetime`,`remark`,`system_code`) VALUES ('COINSR201700000000000000','COINSM2016120711021944714','admin','2017-12-29 03:31:57',NULL,'CD-COIN000017');
INSERT INTO `tsys_menu_role` (`role_code`,`menu_code`,`updater`,`update_datetime`,`remark`,`system_code`) VALUES ('COINSR201700000000000000','COINSM2016122317321369746','admin','2017-12-29 03:31:57',NULL,'CD-COIN000017');
INSERT INTO `tsys_menu_role` (`role_code`,`menu_code`,`updater`,`update_datetime`,`remark`,`system_code`) VALUES ('COINSR201700000000000000','COINSM2016122413510161245','admin','2017-12-29 03:31:57',NULL,'CD-COIN000017');
INSERT INTO `tsys_menu_role` (`role_code`,`menu_code`,`updater`,`update_datetime`,`remark`,`system_code`) VALUES ('COINSR201700000000000000','COINSM2017040616442519963','admin','2017-12-29 03:31:57',NULL,'CD-COIN000017');
INSERT INTO `tsys_menu_role` (`role_code`,`menu_code`,`updater`,`update_datetime`,`remark`,`system_code`) VALUES ('COINSR201700000000000000','COINSM201705151132544318','admin','2017-12-29 03:31:57',NULL,'CD-COIN000017');




